solid OpenSCAD_Model
  facet normal 0.0980304 0 -0.995183
    outer loop
      vertex 146.1 36 5
      vertex 148.909 74.995 5.2767
      vertex 148.909 36 5.2767
    endloop
  endfacet
  facet normal 0.0980304 0 -0.995183
    outer loop
      vertex 148.909 74.995 5.2767
      vertex 146.1 36 5
      vertex 146.1 74.995 5
    endloop
  endfacet
  facet normal 0.88188 0 -0.471474
    outer loop
      vertex 159.404 36 13.8894
      vertex 158.073 74.995 11.3998
      vertex 159.404 74.995 13.8894
    endloop
  endfacet
  facet normal 0.88188 0 -0.471474
    outer loop
      vertex 158.073 74.995 11.3998
      vertex 159.404 36 13.8894
      vertex 158.073 36 11.3998
    endloop
  endfacet
  facet normal -0.772979 0 0.634431
    outer loop
      vertex 22.9268 36 138.6
      vertex 24.7177 74.995 140.782
      vertex 22.9268 74.995 138.6
    endloop
  endfacet
  facet normal -0.772979 0 0.634431
    outer loop
      vertex 24.7177 74.995 140.782
      vertex 22.9268 36 138.6
      vertex 24.7177 36 140.782
    endloop
  endfacet
  facet normal -0.634397 0 -0.773008
    outer loop
      vertex 24.7177 36 9.21767
      vertex 26.8998 74.995 7.42685
      vertex 26.8998 36 7.42685
    endloop
  endfacet
  facet normal -0.634397 0 -0.773008
    outer loop
      vertex 26.8998 74.995 7.42685
      vertex 24.7177 36 9.21767
      vertex 24.7177 74.995 9.21767
    endloop
  endfacet
  facet normal 0.634414 0 -0.772993
    outer loop
      vertex 154.1 36 7.42685
      vertex 156.282 74.995 9.21767
      vertex 156.282 36 9.21767
    endloop
  endfacet
  facet normal 0.634414 0 -0.772993
    outer loop
      vertex 156.282 74.995 9.21767
      vertex 154.1 36 7.42685
      vertex 154.1 74.995 7.42685
    endloop
  endfacet
  facet normal -0.290145 0 0.956983
    outer loop
      vertex 29.3894 74.995 143.904
      vertex 32.0907 36 144.723
      vertex 32.0907 74.995 144.723
    endloop
  endfacet
  facet normal -0.290145 0 0.956983
    outer loop
      vertex 32.0907 36 144.723
      vertex 29.3894 74.995 143.904
      vertex 29.3894 36 143.904
    endloop
  endfacet
  facet normal 0.957004 -0 0.290076
    outer loop
      vertex 159.404 36 136.111
      vertex 160.223 74.995 133.409
      vertex 159.404 74.995 136.111
    endloop
  endfacet
  facet normal 0.957004 0 0.290076
    outer loop
      vertex 160.223 74.995 133.409
      vertex 159.404 36 136.111
      vertex 160.223 36 133.409
    endloop
  endfacet
  facet normal -0.881877 0 0.47148
    outer loop
      vertex 21.5961 36 136.111
      vertex 22.9268 74.995 138.6
      vertex 21.5961 74.995 136.111
    endloop
  endfacet
  facet normal -0.881877 0 0.47148
    outer loop
      vertex 22.9268 74.995 138.6
      vertex 21.5961 36 136.111
      vertex 22.9268 36 138.6
    endloop
  endfacet
  facet normal -0.772998 0 -0.634409
    outer loop
      vertex 24.7177 36 9.21767
      vertex 22.9268 74.995 11.3998
      vertex 24.7177 74.995 9.21767
    endloop
  endfacet
  facet normal -0.772998 -0 -0.634409
    outer loop
      vertex 22.9268 74.995 11.3998
      vertex 24.7177 36 9.21767
      vertex 22.9268 36 11.3998
    endloop
  endfacet
  facet normal -0.471392 0 -0.881924
    outer loop
      vertex 26.8998 36 7.42685
      vertex 29.3894 74.995 6.09615
      vertex 29.3894 36 6.09615
    endloop
  endfacet
  facet normal -0.471392 0 -0.881924
    outer loop
      vertex 29.3894 74.995 6.09615
      vertex 26.8998 36 7.42685
      vertex 26.8998 74.995 7.42685
    endloop
  endfacet
  facet normal -0.09802 0 -0.995184
    outer loop
      vertex 32.0907 36 5.2767
      vertex 34.9 74.995 5
      vertex 34.9 36 5
    endloop
  endfacet
  facet normal -0.09802 0 -0.995184
    outer loop
      vertex 34.9 74.995 5
      vertex 32.0907 36 5.2767
      vertex 32.0907 74.995 5.2767
    endloop
  endfacet
  facet normal 0.290222 0 -0.956959
    outer loop
      vertex 148.909 36 5.2767
      vertex 151.611 74.995 6.09615
      vertex 151.611 36 6.09615
    endloop
  endfacet
  facet normal 0.290222 0 -0.956959
    outer loop
      vertex 151.611 74.995 6.09615
      vertex 148.909 36 5.2767
      vertex 148.909 74.995 5.2767
    endloop
  endfacet
  facet normal -0.290291 0 -0.956938
    outer loop
      vertex 29.3894 36 6.09615
      vertex 32.0907 74.995 5.2767
      vertex 32.0907 36 5.2767
    endloop
  endfacet
  facet normal -0.290291 0 -0.956938
    outer loop
      vertex 32.0907 74.995 5.2767
      vertex 29.3894 36 6.09615
      vertex 29.3894 74.995 6.09615
    endloop
  endfacet
  facet normal 0.772981 0 -0.63443
    outer loop
      vertex 158.073 36 11.3998
      vertex 156.282 74.995 9.21767
      vertex 158.073 74.995 11.3998
    endloop
  endfacet
  facet normal 0.772981 0 -0.63443
    outer loop
      vertex 156.282 74.995 9.21767
      vertex 158.073 36 11.3998
      vertex 156.282 36 9.21767
    endloop
  endfacet
  facet normal 0.772962 -0 0.634452
    outer loop
      vertex 156.282 36 140.782
      vertex 158.073 74.995 138.6
      vertex 156.282 74.995 140.782
    endloop
  endfacet
  facet normal 0.772962 0 0.634452
    outer loop
      vertex 158.073 74.995 138.6
      vertex 156.282 36 140.782
      vertex 158.073 36 138.6
    endloop
  endfacet
  facet normal -0.956943 0 -0.290275
    outer loop
      vertex 21.5961 36 13.8894
      vertex 20.7767 74.995 16.5907
      vertex 21.5961 74.995 13.8894
    endloop
  endfacet
  facet normal -0.956943 -0 -0.290275
    outer loop
      vertex 20.7767 74.995 16.5907
      vertex 21.5961 36 13.8894
      vertex 20.7767 36 16.5907
    endloop
  endfacet
  facet normal 0.0981356 0 0.995173
    outer loop
      vertex 146.1 74.995 145
      vertex 148.909 36 144.723
      vertex 148.909 74.995 144.723
    endloop
  endfacet
  facet normal 0.0981356 0 0.995173
    outer loop
      vertex 148.909 36 144.723
      vertex 146.1 74.995 145
      vertex 146.1 36 145
    endloop
  endfacet
  facet normal 0.881833 -0 0.471563
    outer loop
      vertex 158.073 36 138.6
      vertex 159.404 74.995 136.111
      vertex 158.073 74.995 138.6
    endloop
  endfacet
  facet normal 0.881833 0 0.471563
    outer loop
      vertex 159.404 74.995 136.111
      vertex 158.073 36 138.6
      vertex 159.404 36 136.111
    endloop
  endfacet
  facet normal -0.956964 0 0.290206
    outer loop
      vertex 20.7767 36 133.409
      vertex 21.5961 74.995 136.111
      vertex 20.7767 74.995 133.409
    endloop
  endfacet
  facet normal -0.956964 0 0.290206
    outer loop
      vertex 21.5961 74.995 136.111
      vertex 20.7767 36 133.409
      vertex 21.5961 36 136.111
    endloop
  endfacet
  facet normal -0.881924 0 -0.471392
    outer loop
      vertex 22.9268 36 11.3998
      vertex 21.5961 74.995 13.8894
      vertex 22.9268 74.995 11.3998
    endloop
  endfacet
  facet normal -0.881924 -0 -0.471392
    outer loop
      vertex 21.5961 74.995 13.8894
      vertex 22.9268 36 11.3998
      vertex 21.5961 36 13.8894
    endloop
  endfacet
  facet normal 0.47148 0 -0.881877
    outer loop
      vertex 151.611 36 6.09615
      vertex 154.1 74.995 7.42685
      vertex 154.1 36 7.42685
    endloop
  endfacet
  facet normal 0.47148 0 -0.881877
    outer loop
      vertex 154.1 74.995 7.42685
      vertex 151.611 36 6.09615
      vertex 151.611 74.995 6.09615
    endloop
  endfacet
  facet normal 0 0 -1
    outer loop
      vertex 34.9 36 5
      vertex 146.1 74.995 5
      vertex 146.1 36 5
    endloop
  endfacet
  facet normal -0 0 -1
    outer loop
      vertex 146.1 74.995 5
      vertex 34.9 36 5
      vertex 34.9 74.995 5
    endloop
  endfacet
  facet normal 0.956983 0 -0.290145
    outer loop
      vertex 160.223 36 16.5907
      vertex 159.404 74.995 13.8894
      vertex 160.223 74.995 16.5907
    endloop
  endfacet
  facet normal 0.956983 0 -0.290145
    outer loop
      vertex 159.404 74.995 13.8894
      vertex 160.223 36 16.5907
      vertex 159.404 36 13.8894
    endloop
  endfacet
  facet normal 0.471563 0 0.881833
    outer loop
      vertex 151.611 74.995 143.904
      vertex 154.1 36 142.573
      vertex 154.1 74.995 142.573
    endloop
  endfacet
  facet normal 0.471563 0 0.881833
    outer loop
      vertex 154.1 36 142.573
      vertex 151.611 74.995 143.904
      vertex 151.611 36 143.904
    endloop
  endfacet
  facet normal -0.471474 0 0.88188
    outer loop
      vertex 26.8998 74.995 142.573
      vertex 29.3894 36 143.904
      vertex 29.3894 74.995 143.904
    endloop
  endfacet
  facet normal -0.471474 0 0.88188
    outer loop
      vertex 29.3894 36 143.904
      vertex 26.8998 74.995 142.573
      vertex 26.8998 36 142.573
    endloop
  endfacet
  facet normal -0.634435 0 0.772976
    outer loop
      vertex 24.7177 74.995 140.782
      vertex 26.8998 36 142.573
      vertex 26.8998 74.995 142.573
    endloop
  endfacet
  facet normal -0.634435 0 0.772976
    outer loop
      vertex 26.8998 36 142.573
      vertex 24.7177 74.995 140.782
      vertex 24.7177 36 140.782
    endloop
  endfacet
  facet normal -0 0 1
    outer loop
      vertex 34.9 74.995 145
      vertex 146.1 36 145
      vertex 146.1 74.995 145
    endloop
  endfacet
  facet normal 0 0 1
    outer loop
      vertex 146.1 36 145
      vertex 34.9 74.995 145
      vertex 34.9 36 145
    endloop
  endfacet
  facet normal 0.290076 0 0.957004
    outer loop
      vertex 148.909 74.995 144.723
      vertex 151.611 36 143.904
      vertex 151.611 74.995 143.904
    endloop
  endfacet
  facet normal 0.290076 0 0.957004
    outer loop
      vertex 151.611 36 143.904
      vertex 148.909 74.995 144.723
      vertex 148.909 36 144.723
    endloop
  endfacet
  facet normal -0.0981252 0 0.995174
    outer loop
      vertex 32.0907 74.995 144.723
      vertex 34.9 36 145
      vertex 34.9 74.995 145
    endloop
  endfacet
  facet normal -0.0981252 0 0.995174
    outer loop
      vertex 34.9 36 145
      vertex 32.0907 74.995 144.723
      vertex 32.0907 36 144.723
    endloop
  endfacet
  facet normal 0.634452 0 0.772962
    outer loop
      vertex 154.1 74.995 142.573
      vertex 156.282 36 140.782
      vertex 156.282 74.995 140.782
    endloop
  endfacet
  facet normal 0.634452 0 0.772962
    outer loop
      vertex 156.282 36 140.782
      vertex 154.1 74.995 142.573
      vertex 154.1 36 142.573
    endloop
  endfacet
  facet normal -1 0 0
    outer loop
      vertex 20.5 36 19.4
      vertex 20.5 74.995 130.6
      vertex 20.5 74.995 19.4
    endloop
  endfacet
  facet normal -1 -0 0
    outer loop
      vertex 20.5 74.995 130.6
      vertex 20.5 36 19.4
      vertex 20.5 36 130.6
    endloop
  endfacet
  facet normal 1 -0 0
    outer loop
      vertex 160.5 36 130.6
      vertex 160.5 74.995 19.4
      vertex 160.5 74.995 130.6
    endloop
  endfacet
  facet normal 1 0 0
    outer loop
      vertex 160.5 74.995 19.4
      vertex 160.5 36 130.6
      vertex 160.5 36 19.4
    endloop
  endfacet
  facet normal -0.995183 0 0.0980304
    outer loop
      vertex 20.5 36 130.6
      vertex 20.7767 74.995 133.409
      vertex 20.5 74.995 130.6
    endloop
  endfacet
  facet normal -0.995183 0 0.0980304
    outer loop
      vertex 20.7767 74.995 133.409
      vertex 20.5 36 130.6
      vertex 20.7767 36 133.409
    endloop
  endfacet
  facet normal 0.995174 0 -0.0981252
    outer loop
      vertex 160.5 36 19.4
      vertex 160.223 74.995 16.5907
      vertex 160.5 74.995 19.4
    endloop
  endfacet
  facet normal 0.995174 0 -0.0981252
    outer loop
      vertex 160.223 74.995 16.5907
      vertex 160.5 36 19.4
      vertex 160.223 36 16.5907
    endloop
  endfacet
  facet normal -0.995184 0 -0.09802
    outer loop
      vertex 20.7767 36 16.5907
      vertex 20.5 74.995 19.4
      vertex 20.7767 74.995 16.5907
    endloop
  endfacet
  facet normal -0.995184 -0 -0.09802
    outer loop
      vertex 20.5 74.995 19.4
      vertex 20.7767 36 16.5907
      vertex 20.5 36 19.4
    endloop
  endfacet
  facet normal 0.995173 -0 0.0981356
    outer loop
      vertex 160.223 36 133.409
      vertex 160.5 74.995 130.6
      vertex 160.223 74.995 133.409
    endloop
  endfacet
  facet normal 0.995173 0 0.0981356
    outer loop
      vertex 160.5 74.995 130.6
      vertex 160.223 36 133.409
      vertex 160.5 36 130.6
    endloop
  endfacet
  facet normal 0 1 0
    outer loop
      vertex 165.5 36 150
      vertex 146.1 36 145
      vertex 15.5 36 150
    endloop
  endfacet
  facet normal 0 1 0
    outer loop
      vertex 165.5 36 150
      vertex 148.909 36 144.723
      vertex 146.1 36 145
    endloop
  endfacet
  facet normal 0 1 0
    outer loop
      vertex 165.5 36 150
      vertex 151.611 36 143.904
      vertex 148.909 36 144.723
    endloop
  endfacet
  facet normal 0 1 0
    outer loop
      vertex 165.5 36 150
      vertex 154.1 36 142.573
      vertex 151.611 36 143.904
    endloop
  endfacet
  facet normal 0 1 0
    outer loop
      vertex 165.5 36 150
      vertex 156.282 36 140.782
      vertex 154.1 36 142.573
    endloop
  endfacet
  facet normal 0 1 0
    outer loop
      vertex 165.5 36 150
      vertex 158.073 36 138.6
      vertex 156.282 36 140.782
    endloop
  endfacet
  facet normal 0 1 0
    outer loop
      vertex 165.5 36 150
      vertex 159.404 36 136.111
      vertex 158.073 36 138.6
    endloop
  endfacet
  facet normal 0 1 0
    outer loop
      vertex 165.5 36 150
      vertex 160.223 36 133.409
      vertex 159.404 36 136.111
    endloop
  endfacet
  facet normal 0 1 0
    outer loop
      vertex 165.5 36 150
      vertex 160.5 36 130.6
      vertex 160.223 36 133.409
    endloop
  endfacet
  facet normal 0 1 0
    outer loop
      vertex 165.5 36 150
      vertex 160.5 36 19.4
      vertex 160.5 36 130.6
    endloop
  endfacet
  facet normal 0 1 0
    outer loop
      vertex 146.1 36 5
      vertex 165.5 36 0
      vertex 34.9 36 5
    endloop
  endfacet
  facet normal 0 1 0
    outer loop
      vertex 148.909 36 5.2767
      vertex 165.5 36 0
      vertex 146.1 36 5
    endloop
  endfacet
  facet normal 0 1 0
    outer loop
      vertex 151.611 36 6.09615
      vertex 165.5 36 0
      vertex 148.909 36 5.2767
    endloop
  endfacet
  facet normal 0 1 0
    outer loop
      vertex 154.1 36 7.42685
      vertex 165.5 36 0
      vertex 151.611 36 6.09615
    endloop
  endfacet
  facet normal 0 1 0
    outer loop
      vertex 156.282 36 9.21767
      vertex 165.5 36 0
      vertex 154.1 36 7.42685
    endloop
  endfacet
  facet normal 0 1 0
    outer loop
      vertex 158.073 36 11.3998
      vertex 165.5 36 0
      vertex 156.282 36 9.21767
    endloop
  endfacet
  facet normal 0 1 0
    outer loop
      vertex 159.404 36 13.8894
      vertex 165.5 36 0
      vertex 158.073 36 11.3998
    endloop
  endfacet
  facet normal 0 1 0
    outer loop
      vertex 160.223 36 16.5907
      vertex 165.5 36 0
      vertex 159.404 36 13.8894
    endloop
  endfacet
  facet normal 0 1 0
    outer loop
      vertex 160.5 36 19.4
      vertex 165.5 36 0
      vertex 160.223 36 16.5907
    endloop
  endfacet
  facet normal 0 1 -0
    outer loop
      vertex 165.5 36 0
      vertex 160.5 36 19.4
      vertex 165.5 36 150
    endloop
  endfacet
  facet normal 0 1 -0
    outer loop
      vertex 34.9 36 145
      vertex 15.5 36 150
      vertex 146.1 36 145
    endloop
  endfacet
  facet normal 0 1 -0
    outer loop
      vertex 32.0907 36 144.723
      vertex 15.5 36 150
      vertex 34.9 36 145
    endloop
  endfacet
  facet normal 0 1 -0
    outer loop
      vertex 29.3894 36 143.904
      vertex 15.5 36 150
      vertex 32.0907 36 144.723
    endloop
  endfacet
  facet normal 0 1 -0
    outer loop
      vertex 26.8998 36 142.573
      vertex 15.5 36 150
      vertex 29.3894 36 143.904
    endloop
  endfacet
  facet normal 0 1 -0
    outer loop
      vertex 24.7177 36 140.782
      vertex 15.5 36 150
      vertex 26.8998 36 142.573
    endloop
  endfacet
  facet normal 0 1 -0
    outer loop
      vertex 22.9268 36 138.6
      vertex 15.5 36 150
      vertex 24.7177 36 140.782
    endloop
  endfacet
  facet normal 0 1 -0
    outer loop
      vertex 21.5961 36 136.111
      vertex 15.5 36 150
      vertex 22.9268 36 138.6
    endloop
  endfacet
  facet normal 0 1 -0
    outer loop
      vertex 20.7767 36 133.409
      vertex 15.5 36 150
      vertex 21.5961 36 136.111
    endloop
  endfacet
  facet normal 0 1 -0
    outer loop
      vertex 20.5 36 130.6
      vertex 15.5 36 150
      vertex 20.7767 36 133.409
    endloop
  endfacet
  facet normal 0 1 -0
    outer loop
      vertex 20.5 36 19.4
      vertex 15.5 36 150
      vertex 20.5 36 130.6
    endloop
  endfacet
  facet normal 0 1 0
    outer loop
      vertex 20.5 36 19.4
      vertex 15.5 36 0
      vertex 15.5 36 150
    endloop
  endfacet
  facet normal 0 1 0
    outer loop
      vertex 20.7767 36 16.5907
      vertex 15.5 36 0
      vertex 20.5 36 19.4
    endloop
  endfacet
  facet normal 0 1 0
    outer loop
      vertex 21.5961 36 13.8894
      vertex 15.5 36 0
      vertex 20.7767 36 16.5907
    endloop
  endfacet
  facet normal 0 1 0
    outer loop
      vertex 22.9268 36 11.3998
      vertex 15.5 36 0
      vertex 21.5961 36 13.8894
    endloop
  endfacet
  facet normal 0 1 0
    outer loop
      vertex 24.7177 36 9.21767
      vertex 15.5 36 0
      vertex 22.9268 36 11.3998
    endloop
  endfacet
  facet normal 0 1 0
    outer loop
      vertex 26.8998 36 7.42685
      vertex 15.5 36 0
      vertex 24.7177 36 9.21767
    endloop
  endfacet
  facet normal 0 1 0
    outer loop
      vertex 29.3894 36 6.09615
      vertex 15.5 36 0
      vertex 26.8998 36 7.42685
    endloop
  endfacet
  facet normal 0 1 0
    outer loop
      vertex 32.0907 36 5.2767
      vertex 15.5 36 0
      vertex 29.3894 36 6.09615
    endloop
  endfacet
  facet normal 0 1 0
    outer loop
      vertex 34.9 36 5
      vertex 15.5 36 0
      vertex 32.0907 36 5.2767
    endloop
  endfacet
  facet normal 0 1 0
    outer loop
      vertex 15.5 36 0
      vertex 34.9 36 5
      vertex 165.5 36 0
    endloop
  endfacet
  facet normal 1 -0 0
    outer loop
      vertex 165.5 30 150
      vertex 165.5 36 0
      vertex 165.5 36 150
    endloop
  endfacet
  facet normal 1 0 0
    outer loop
      vertex 165.5 36 0
      vertex 165.5 30 150
      vertex 165.5 30 0
    endloop
  endfacet
  facet normal -0 0 1
    outer loop
      vertex 15.5 36 150
      vertex 165.5 30 150
      vertex 165.5 36 150
    endloop
  endfacet
  facet normal 0 0 1
    outer loop
      vertex 165.5 30 150
      vertex 15.5 36 150
      vertex 15.5 30 150
    endloop
  endfacet
  facet normal 0 0 -1
    outer loop
      vertex 15.5 30 0
      vertex 165.5 36 0
      vertex 165.5 30 0
    endloop
  endfacet
  facet normal -0 0 -1
    outer loop
      vertex 165.5 36 0
      vertex 15.5 30 0
      vertex 15.5 36 0
    endloop
  endfacet
  facet normal -1 0 0
    outer loop
      vertex 15.5 30 0
      vertex 15.5 36 150
      vertex 15.5 36 0
    endloop
  endfacet
  facet normal -1 -0 0
    outer loop
      vertex 15.5 36 150
      vertex 15.5 30 0
      vertex 15.5 30 150
    endloop
  endfacet
  facet normal 0 -1 0
    outer loop
      vertex 15.5 30 150
      vertex 34.9 30 142.6
      vertex 165.5 30 150
    endloop
  endfacet
  facet normal 0 -1 0
    outer loop
      vertex 15.5 30 150
      vertex 32.5589 30 142.369
      vertex 34.9 30 142.6
    endloop
  endfacet
  facet normal 0 -1 0
    outer loop
      vertex 15.5 30 150
      vertex 30.3078 30 141.687
      vertex 32.5589 30 142.369
    endloop
  endfacet
  facet normal 0 -1 0
    outer loop
      vertex 15.5 30 150
      vertex 28.2332 30 140.578
      vertex 30.3078 30 141.687
    endloop
  endfacet
  facet normal 0 -1 0
    outer loop
      vertex 15.5 30 150
      vertex 26.4147 30 139.085
      vertex 28.2332 30 140.578
    endloop
  endfacet
  facet normal 0 -1 0
    outer loop
      vertex 15.5 30 150
      vertex 24.9224 30 137.267
      vertex 26.4147 30 139.085
    endloop
  endfacet
  facet normal 0 -1 0
    outer loop
      vertex 15.5 30 150
      vertex 23.8134 30 135.192
      vertex 24.9224 30 137.267
    endloop
  endfacet
  facet normal 0 -1 0
    outer loop
      vertex 15.5 30 150
      vertex 23.1306 30 132.941
      vertex 23.8134 30 135.192
    endloop
  endfacet
  facet normal 0 -1 0
    outer loop
      vertex 15.5 30 150
      vertex 22.9 30 130.6
      vertex 23.1306 30 132.941
    endloop
  endfacet
  facet normal 0 -1 0
    outer loop
      vertex 15.5 30 150
      vertex 22.9 30 19.4
      vertex 22.9 30 130.6
    endloop
  endfacet
  facet normal 0 -1 -0
    outer loop
      vertex 34.9 30 7.40001
      vertex 15.5 30 0
      vertex 146.1 30 7.40001
    endloop
  endfacet
  facet normal 0 -1 -0
    outer loop
      vertex 32.5589 30 7.63058
      vertex 15.5 30 0
      vertex 34.9 30 7.40001
    endloop
  endfacet
  facet normal 0 -1 -0
    outer loop
      vertex 30.3078 30 8.31345
      vertex 15.5 30 0
      vertex 32.5589 30 7.63058
    endloop
  endfacet
  facet normal 0 -1 -0
    outer loop
      vertex 28.2332 30 9.42238
      vertex 15.5 30 0
      vertex 30.3078 30 8.31345
    endloop
  endfacet
  facet normal 0 -1 -0
    outer loop
      vertex 26.4147 30 10.9147
      vertex 15.5 30 0
      vertex 28.2332 30 9.42238
    endloop
  endfacet
  facet normal 0 -1 -0
    outer loop
      vertex 24.9224 30 12.7332
      vertex 15.5 30 0
      vertex 26.4147 30 10.9147
    endloop
  endfacet
  facet normal 0 -1 -0
    outer loop
      vertex 23.8134 30 14.8078
      vertex 15.5 30 0
      vertex 24.9224 30 12.7332
    endloop
  endfacet
  facet normal 0 -1 -0
    outer loop
      vertex 23.1306 30 17.0589
      vertex 15.5 30 0
      vertex 23.8134 30 14.8078
    endloop
  endfacet
  facet normal 0 -1 -0
    outer loop
      vertex 22.9 30 19.4
      vertex 15.5 30 0
      vertex 23.1306 30 17.0589
    endloop
  endfacet
  facet normal 0 -1 0
    outer loop
      vertex 15.5 30 0
      vertex 22.9 30 19.4
      vertex 15.5 30 150
    endloop
  endfacet
  facet normal 0 -1 0
    outer loop
      vertex 146.1 30 142.6
      vertex 165.5 30 150
      vertex 34.9 30 142.6
    endloop
  endfacet
  facet normal 0 -1 0
    outer loop
      vertex 148.441 30 142.369
      vertex 165.5 30 150
      vertex 146.1 30 142.6
    endloop
  endfacet
  facet normal 0 -1 0
    outer loop
      vertex 150.692 30 141.687
      vertex 165.5 30 150
      vertex 148.441 30 142.369
    endloop
  endfacet
  facet normal 0 -1 0
    outer loop
      vertex 152.767 30 140.578
      vertex 165.5 30 150
      vertex 150.692 30 141.687
    endloop
  endfacet
  facet normal 0 -1 0
    outer loop
      vertex 154.585 30 139.085
      vertex 165.5 30 150
      vertex 152.767 30 140.578
    endloop
  endfacet
  facet normal 0 -1 0
    outer loop
      vertex 156.078 30 137.267
      vertex 165.5 30 150
      vertex 154.585 30 139.085
    endloop
  endfacet
  facet normal 0 -1 0
    outer loop
      vertex 157.187 30 135.192
      vertex 165.5 30 150
      vertex 156.078 30 137.267
    endloop
  endfacet
  facet normal 0 -1 0
    outer loop
      vertex 157.869 30 132.941
      vertex 165.5 30 150
      vertex 157.187 30 135.192
    endloop
  endfacet
  facet normal 0 -1 0
    outer loop
      vertex 158.1 30 130.6
      vertex 165.5 30 150
      vertex 157.869 30 132.941
    endloop
  endfacet
  facet normal 0 -1 0
    outer loop
      vertex 158.1 30 19.4
      vertex 165.5 30 150
      vertex 158.1 30 130.6
    endloop
  endfacet
  facet normal 0 -1 0
    outer loop
      vertex 158.1 30 19.4
      vertex 165.5 30 0
      vertex 165.5 30 150
    endloop
  endfacet
  facet normal 0 -1 0
    outer loop
      vertex 157.869 30 17.0589
      vertex 165.5 30 0
      vertex 158.1 30 19.4
    endloop
  endfacet
  facet normal 0 -1 0
    outer loop
      vertex 157.187 30 14.8078
      vertex 165.5 30 0
      vertex 157.869 30 17.0589
    endloop
  endfacet
  facet normal 0 -1 0
    outer loop
      vertex 156.078 30 12.7332
      vertex 165.5 30 0
      vertex 157.187 30 14.8078
    endloop
  endfacet
  facet normal 0 -1 0
    outer loop
      vertex 154.585 30 10.9147
      vertex 165.5 30 0
      vertex 156.078 30 12.7332
    endloop
  endfacet
  facet normal 0 -1 0
    outer loop
      vertex 152.767 30 9.42238
      vertex 165.5 30 0
      vertex 154.585 30 10.9147
    endloop
  endfacet
  facet normal 0 -1 0
    outer loop
      vertex 150.692 30 8.31345
      vertex 165.5 30 0
      vertex 152.767 30 9.42238
    endloop
  endfacet
  facet normal 0 -1 0
    outer loop
      vertex 148.441 30 7.63058
      vertex 165.5 30 0
      vertex 150.692 30 8.31345
    endloop
  endfacet
  facet normal 0 -1 0
    outer loop
      vertex 146.1 30 7.40001
      vertex 165.5 30 0
      vertex 148.441 30 7.63058
    endloop
  endfacet
  facet normal 0 -1 0
    outer loop
      vertex 165.5 30 0
      vertex 146.1 30 7.40001
      vertex 15.5 30 0
    endloop
  endfacet
  facet normal -0.0981534 0 0.995171
    outer loop
      vertex 148.441 80.005 7.63058
      vertex 148.171 79.805 7.60395
      vertex 148.441 79.805 7.63058
    endloop
  endfacet
  facet normal -0.0980002 0 0.995186
    outer loop
      vertex 148.171 79.805 7.60395
      vertex 146.1 80.005 7.40001
      vertex 148.171 77.795 7.60395
    endloop
  endfacet
  facet normal -0.0980178 -0.000184774 0.995185
    outer loop
      vertex 146.1 80.005 7.40001
      vertex 148.171 79.805 7.60395
      vertex 148.441 80.005 7.63058
    endloop
  endfacet
  facet normal -0.0981534 0 0.995171
    outer loop
      vertex 148.171 77.795 7.60395
      vertex 148.441 30 7.63058
      vertex 148.441 77.795 7.63058
    endloop
  endfacet
  facet normal -0.0980002 0 0.995186
    outer loop
      vertex 146.1 30 7.40001
      vertex 148.171 77.795 7.60395
      vertex 146.1 80.005 7.40001
    endloop
  endfacet
  facet normal -0.0980178 7.73196e-07 0.995185
    outer loop
      vertex 148.171 77.795 7.60395
      vertex 146.1 30 7.40001
      vertex 148.441 30 7.63058
    endloop
  endfacet
  facet normal 0.995037 -1.02125e-13 -0.0995037
    outer loop
      vertex 23.1305 80.005 132.94
      vertex 23.1306 79.995 132.941
      vertex 23.1296 80.005 132.931
    endloop
  endfacet
  facet normal -0.99413 -0.00540288 0.108058
    outer loop
      vertex 157.87 80.005 17.0686
      vertex 157.869 80.005 17.0594
      vertex 157.869 79.995 17.0589
    endloop
  endfacet
  facet normal -0.957042 0 0.289948
    outer loop
      vertex 157.187 30 14.8078
      vertex 157.869 77.795 17.0589
      vertex 157.187 77.795 14.8078
    endloop
  endfacet
  facet normal -0.957042 0 0.289948
    outer loop
      vertex 157.869 77.795 17.0589
      vertex 157.187 30 14.8078
      vertex 157.869 30 17.0589
    endloop
  endfacet
  facet normal -0.957042 0 0.289948
    outer loop
      vertex 157.187 80.005 14.8078
      vertex 157.869 79.995 17.0589
      vertex 157.869 80.005 17.0589
    endloop
  endfacet
  facet normal -0.957042 0 0.289948
    outer loop
      vertex 157.187 79.805 14.8078
      vertex 157.869 79.995 17.0589
      vertex 157.187 80.005 14.8078
    endloop
  endfacet
  facet normal -0.957042 0 0.289948
    outer loop
      vertex 157.869 79.995 17.0589
      vertex 157.187 79.805 14.8078
      vertex 157.869 79.805 17.0589
    endloop
  endfacet
  facet normal 0.881941 0 -0.47136
    outer loop
      vertex 24.9224 30 137.267
      vertex 23.8134 77.795 135.192
      vertex 24.9224 77.795 137.267
    endloop
  endfacet
  facet normal 0.881941 0 -0.47136
    outer loop
      vertex 23.8134 77.795 135.192
      vertex 24.9224 30 137.267
      vertex 23.8134 30 135.192
    endloop
  endfacet
  facet normal 0.881941 0 -0.47136
    outer loop
      vertex 24.9224 79.805 137.267
      vertex 23.8134 80.005 135.192
      vertex 24.9224 80.005 137.267
    endloop
  endfacet
  facet normal 0.881941 0 -0.47136
    outer loop
      vertex 23.8134 80.005 135.192
      vertex 24.9224 79.805 137.267
      vertex 23.8134 79.805 135.192
    endloop
  endfacet
  facet normal -1 0 0
    outer loop
      vertex 158.1 79.995 19.4
      vertex 158.1 80.005 130.599
      vertex 158.1 80.005 19.4004
    endloop
  endfacet
  facet normal -1 -0 0
    outer loop
      vertex 158.1 80.005 130.599
      vertex 158.1 79.995 19.4
      vertex 158.1 79.995 130.6
    endloop
  endfacet
  facet normal -0.28996 0 -0.957039
    outer loop
      vertex 148.441 30 142.369
      vertex 150.692 77.795 141.687
      vertex 150.692 30 141.687
    endloop
  endfacet
  facet normal -0.28996 0 -0.957039
    outer loop
      vertex 150.692 77.795 141.687
      vertex 148.441 30 142.369
      vertex 148.441 77.795 142.369
    endloop
  endfacet
  facet normal -0.28996 0 -0.957039
    outer loop
      vertex 148.441 79.805 142.369
      vertex 150.692 80.005 141.687
      vertex 150.692 79.805 141.687
    endloop
  endfacet
  facet normal -0.28996 0 -0.957039
    outer loop
      vertex 150.692 80.005 141.687
      vertex 148.441 79.805 142.369
      vertex 148.441 80.005 142.369
    endloop
  endfacet
  facet normal 0.772947 0 -0.634471
    outer loop
      vertex 26.4147 30 139.085
      vertex 24.9224 77.795 137.267
      vertex 26.4147 77.795 139.085
    endloop
  endfacet
  facet normal 0.772947 0 -0.634471
    outer loop
      vertex 24.9224 77.795 137.267
      vertex 26.4147 30 139.085
      vertex 24.9224 30 137.267
    endloop
  endfacet
  facet normal 0.772947 0 -0.634471
    outer loop
      vertex 26.4147 79.805 139.085
      vertex 24.9224 80.005 137.267
      vertex 26.4147 80.005 139.085
    endloop
  endfacet
  facet normal 0.772947 0 -0.634471
    outer loop
      vertex 24.9224 80.005 137.267
      vertex 26.4147 79.805 139.085
      vertex 24.9224 79.805 137.267
    endloop
  endfacet
  facet normal 0.773032 -0 0.634367
    outer loop
      vertex 24.9224 30 12.7332
      vertex 26.4147 77.795 10.9147
      vertex 24.9224 77.795 12.7332
    endloop
  endfacet
  facet normal 0.773032 0 0.634367
    outer loop
      vertex 26.4147 77.795 10.9147
      vertex 24.9224 30 12.7332
      vertex 26.4147 30 10.9147
    endloop
  endfacet
  facet normal 0.773032 -0 0.634367
    outer loop
      vertex 24.9224 79.805 12.7332
      vertex 26.4147 80.005 10.9147
      vertex 24.9224 80.005 12.7332
    endloop
  endfacet
  facet normal 0.773032 0 0.634367
    outer loop
      vertex 26.4147 80.005 10.9147
      vertex 24.9224 79.805 12.7332
      vertex 26.4147 79.805 10.9147
    endloop
  endfacet
  facet normal -0 0 1
    outer loop
      vertex 34.9 80.005 7.40001
      vertex 146.1 30 7.40001
      vertex 146.1 80.005 7.40001
    endloop
  endfacet
  facet normal 0 0 1
    outer loop
      vertex 146.1 30 7.40001
      vertex 34.9 80.005 7.40001
      vertex 34.9 30 7.40001
    endloop
  endfacet
  facet normal 0.995182 0.00148788 -0.0980303
    outer loop
      vertex 22.9 79.995 130.6
      vertex 23.1296 80.005 132.931
      vertex 23.1306 79.995 132.941
    endloop
  endfacet
  facet normal 0.995184 0.000149363 -0.0980248
    outer loop
      vertex 23.1296 80.005 132.931
      vertex 22.9 79.995 130.6
      vertex 22.8999 80.005 130.599
    endloop
  endfacet
  facet normal -0.471337 0 0.881953
    outer loop
      vertex 150.692 77.795 8.31345
      vertex 152.767 30 9.42238
      vertex 152.767 77.795 9.42238
    endloop
  endfacet
  facet normal -0.471337 0 0.881953
    outer loop
      vertex 152.767 30 9.42238
      vertex 150.692 77.795 8.31345
      vertex 150.692 30 8.31345
    endloop
  endfacet
  facet normal -0.471337 0 0.881953
    outer loop
      vertex 150.692 80.005 8.31345
      vertex 152.767 79.805 9.42238
      vertex 152.767 80.005 9.42238
    endloop
  endfacet
  facet normal -0.471337 0 0.881953
    outer loop
      vertex 152.767 79.805 9.42238
      vertex 150.692 80.005 8.31345
      vertex 150.692 79.805 8.31345
    endloop
  endfacet
  facet normal -0.772886 0 0.634545
    outer loop
      vertex 154.585 30 10.9147
      vertex 156.078 77.795 12.7332
      vertex 154.585 77.795 10.9147
    endloop
  endfacet
  facet normal -0.772886 0 0.634545
    outer loop
      vertex 156.078 77.795 12.7332
      vertex 154.585 30 10.9147
      vertex 156.078 30 12.7332
    endloop
  endfacet
  facet normal -0.772886 0 0.634545
    outer loop
      vertex 154.585 79.805 10.9147
      vertex 156.078 80.005 12.7332
      vertex 154.585 80.005 10.9147
    endloop
  endfacet
  facet normal -0.772886 0 0.634545
    outer loop
      vertex 156.078 80.005 12.7332
      vertex 154.585 79.805 10.9147
      vertex 156.078 79.805 12.7332
    endloop
  endfacet
  facet normal -1 -0 -0
    outer loop
      vertex 157.869 80.005 132.941
      vertex 157.869 80.005 132.94
      vertex 157.869 79.995 132.941
    endloop
  endfacet
  facet normal 0 0 -1
    outer loop
      vertex 34.9 30 142.6
      vertex 146.1 80.005 142.6
      vertex 146.1 30 142.6
    endloop
  endfacet
  facet normal -0 0 -1
    outer loop
      vertex 146.1 80.005 142.6
      vertex 34.9 30 142.6
      vertex 34.9 80.005 142.6
    endloop
  endfacet
  facet normal 0.471408 0 0.881915
    outer loop
      vertex 28.2332 77.795 9.42238
      vertex 30.3078 30 8.31345
      vertex 30.3078 77.795 8.31345
    endloop
  endfacet
  facet normal 0.471408 0 0.881915
    outer loop
      vertex 30.3078 30 8.31345
      vertex 28.2332 77.795 9.42238
      vertex 28.2332 30 9.42238
    endloop
  endfacet
  facet normal 0.471408 0 0.881915
    outer loop
      vertex 28.2332 80.005 9.42238
      vertex 30.3078 79.805 8.31345
      vertex 30.3078 80.005 8.31345
    endloop
  endfacet
  facet normal 0.471408 0 0.881915
    outer loop
      vertex 30.3078 79.805 8.31345
      vertex 28.2332 80.005 9.42238
      vertex 28.2332 79.805 9.42238
    endloop
  endfacet
  facet normal 0.634545 0 -0.772886
    outer loop
      vertex 26.4147 30 139.085
      vertex 28.2332 77.795 140.578
      vertex 28.2332 30 140.578
    endloop
  endfacet
  facet normal 0.634545 0 -0.772886
    outer loop
      vertex 28.2332 77.795 140.578
      vertex 26.4147 30 139.085
      vertex 26.4147 77.795 139.085
    endloop
  endfacet
  facet normal 0.634545 0 -0.772886
    outer loop
      vertex 26.4147 79.805 139.085
      vertex 28.2332 80.005 140.578
      vertex 28.2332 79.805 140.578
    endloop
  endfacet
  facet normal 0.634545 0 -0.772886
    outer loop
      vertex 28.2332 80.005 140.578
      vertex 26.4147 79.805 139.085
      vertex 26.4147 80.005 139.085
    endloop
  endfacet
  facet normal 0.289948 0 -0.957042
    outer loop
      vertex 30.3078 30 141.687
      vertex 32.5589 77.795 142.369
      vertex 32.5589 30 142.369
    endloop
  endfacet
  facet normal 0.289948 0 -0.957042
    outer loop
      vertex 32.5589 77.795 142.369
      vertex 30.3078 30 141.687
      vertex 30.3078 77.795 141.687
    endloop
  endfacet
  facet normal 0.289948 0 -0.957042
    outer loop
      vertex 30.3078 79.805 141.687
      vertex 32.5589 80.005 142.369
      vertex 32.5589 79.805 142.369
    endloop
  endfacet
  facet normal 0.289948 0 -0.957042
    outer loop
      vertex 32.5589 80.005 142.369
      vertex 30.3078 79.805 141.687
      vertex 30.3078 80.005 141.687
    endloop
  endfacet
  facet normal 0.995236 0.00508436 0.0973601
    outer loop
      vertex 23.1306 79.995 17.0589
      vertex 23.1305 80.005 17.0594
      vertex 23.1296 80.005 17.0686
    endloop
  endfacet
  facet normal -1 0 -0
    outer loop
      vertex 157.869 80.005 17.0594
      vertex 157.869 80.005 17.0589
      vertex 157.869 79.995 17.0589
    endloop
  endfacet
  facet normal -0.995124 -0.00981468 -0.0981468
    outer loop
      vertex 158.1 79.995 130.6
      vertex 157.87 80.005 132.931
      vertex 158.1 80.005 130.599
    endloop
  endfacet
  facet normal -0.995166 0.00131782 -0.0981988
    outer loop
      vertex 157.87 80.005 132.931
      vertex 158.1 79.995 130.6
      vertex 157.869 79.995 132.941
    endloop
  endfacet
  facet normal 0.290287 0 0.95694
    outer loop
      vertex 30.3078 77.795 8.31345
      vertex 32.5589 30 7.63058
      vertex 32.5589 77.795 7.63058
    endloop
  endfacet
  facet normal 0.290287 0 0.95694
    outer loop
      vertex 32.5589 30 7.63058
      vertex 30.3078 77.795 8.31345
      vertex 30.3078 30 8.31345
    endloop
  endfacet
  facet normal 0.290287 0 0.95694
    outer loop
      vertex 30.3078 80.005 8.31345
      vertex 32.5589 79.805 7.63058
      vertex 32.5589 80.005 7.63058
    endloop
  endfacet
  facet normal 0.290287 0 0.95694
    outer loop
      vertex 32.5589 79.805 7.63058
      vertex 30.3078 80.005 8.31345
      vertex 30.3078 79.805 8.31345
    endloop
  endfacet
  facet normal 0.0980152 -0 0.995185
    outer loop
      vertex 33.1722 77.795 7.57018
      vertex 34.9 80.005 7.40001
      vertex 33.1722 79.805 7.57018
    endloop
  endfacet
  facet normal 0.0980137 1.30525e-05 0.995185
    outer loop
      vertex 32.5589 80.005 7.63058
      vertex 33.1722 79.805 7.57018
      vertex 34.9 80.005 7.40001
    endloop
  endfacet
  facet normal 0.0980095 0 0.995185
    outer loop
      vertex 33.1722 79.805 7.57018
      vertex 32.5589 80.005 7.63058
      vertex 32.5589 79.805 7.63058
    endloop
  endfacet
  facet normal 0.0980152 0 0.995185
    outer loop
      vertex 34.9 80.005 7.40001
      vertex 33.1722 77.795 7.57018
      vertex 34.9 30 7.40001
    endloop
  endfacet
  facet normal 0.0980095 -0 0.995185
    outer loop
      vertex 32.5589 30 7.63058
      vertex 33.1722 77.795 7.57018
      vertex 32.5589 77.795 7.63058
    endloop
  endfacet
  facet normal 0.0980137 -5.46186e-08 0.995185
    outer loop
      vertex 33.1722 77.795 7.57018
      vertex 32.5589 30 7.63058
      vertex 34.9 30 7.40001
    endloop
  endfacet
  facet normal -0.634649 0 -0.772801
    outer loop
      vertex 152.767 30 140.578
      vertex 154.585 77.795 139.085
      vertex 154.585 30 139.085
    endloop
  endfacet
  facet normal -0.634649 0 -0.772801
    outer loop
      vertex 154.585 77.795 139.085
      vertex 152.767 30 140.578
      vertex 152.767 77.795 140.578
    endloop
  endfacet
  facet normal -0.634649 0 -0.772801
    outer loop
      vertex 152.767 79.805 140.578
      vertex 154.585 80.005 139.085
      vertex 154.585 79.805 139.085
    endloop
  endfacet
  facet normal -0.634649 0 -0.772801
    outer loop
      vertex 154.585 80.005 139.085
      vertex 152.767 79.805 140.578
      vertex 152.767 80.005 140.578
    endloop
  endfacet
  facet normal -0.0995037 0 -0.995037
    outer loop
      vertex 148.441 30 142.369
      vertex 148.171 77.795 142.396
      vertex 148.441 77.795 142.369
    endloop
  endfacet
  facet normal -0.0980287 -0 -0.995184
    outer loop
      vertex 146.1 80.005 142.6
      vertex 148.171 77.795 142.396
      vertex 146.1 30 142.6
    endloop
  endfacet
  facet normal -0.0981989 7.44453e-06 -0.995167
    outer loop
      vertex 146.1 30 142.6
      vertex 148.171 77.795 142.396
      vertex 148.441 30 142.369
    endloop
  endfacet
  facet normal -0.0995037 0 -0.995037
    outer loop
      vertex 148.171 79.805 142.396
      vertex 148.441 80.005 142.369
      vertex 148.441 79.805 142.369
    endloop
  endfacet
  facet normal -0.0981987 -0.00177905 -0.995165
    outer loop
      vertex 148.171 79.805 142.396
      vertex 146.1 80.005 142.6
      vertex 148.441 80.005 142.369
    endloop
  endfacet
  facet normal -0.0980287 0 -0.995184
    outer loop
      vertex 148.171 77.795 142.396
      vertex 146.1 80.005 142.6
      vertex 148.171 79.805 142.396
    endloop
  endfacet
  facet normal 0.956948 -0 0.29026
    outer loop
      vertex 23.1306 30 17.0589
      vertex 23.8134 77.795 14.8078
      vertex 23.1306 77.795 17.0589
    endloop
  endfacet
  facet normal 0.956948 0 0.29026
    outer loop
      vertex 23.8134 77.795 14.8078
      vertex 23.1306 30 17.0589
      vertex 23.8134 30 14.8078
    endloop
  endfacet
  facet normal 0.956948 -0 0.29026
    outer loop
      vertex 23.1306 79.995 17.0589
      vertex 23.8134 80.005 14.8078
      vertex 23.1306 80.005 17.0589
    endloop
  endfacet
  facet normal 0.956948 -0 0.29026
    outer loop
      vertex 23.1306 79.805 17.0589
      vertex 23.8134 80.005 14.8078
      vertex 23.1306 79.995 17.0589
    endloop
  endfacet
  facet normal 0.956948 0 0.29026
    outer loop
      vertex 23.8134 80.005 14.8078
      vertex 23.1306 79.805 17.0589
      vertex 23.8134 79.805 14.8078
    endloop
  endfacet
  facet normal 0.471431 0 -0.881903
    outer loop
      vertex 28.2332 30 140.578
      vertex 30.3078 77.795 141.687
      vertex 30.3078 30 141.687
    endloop
  endfacet
  facet normal 0.471431 0 -0.881903
    outer loop
      vertex 30.3078 77.795 141.687
      vertex 28.2332 30 140.578
      vertex 28.2332 77.795 140.578
    endloop
  endfacet
  facet normal 0.471431 0 -0.881903
    outer loop
      vertex 28.2332 79.805 140.578
      vertex 30.3078 80.005 141.687
      vertex 30.3078 79.805 141.687
    endloop
  endfacet
  facet normal 0.471431 0 -0.881903
    outer loop
      vertex 30.3078 80.005 141.687
      vertex 28.2332 79.805 140.578
      vertex 28.2332 80.005 140.578
    endloop
  endfacet
  facet normal -0.772801 0 -0.634649
    outer loop
      vertex 156.078 30 137.267
      vertex 154.585 77.795 139.085
      vertex 156.078 77.795 137.267
    endloop
  endfacet
  facet normal -0.772801 -0 -0.634649
    outer loop
      vertex 154.585 77.795 139.085
      vertex 156.078 30 137.267
      vertex 154.585 30 139.085
    endloop
  endfacet
  facet normal -0.772801 0 -0.634649
    outer loop
      vertex 156.078 79.805 137.267
      vertex 154.585 80.005 139.085
      vertex 156.078 80.005 137.267
    endloop
  endfacet
  facet normal -0.772801 -0 -0.634649
    outer loop
      vertex 154.585 80.005 139.085
      vertex 156.078 79.805 137.267
      vertex 154.585 79.805 139.085
    endloop
  endfacet
  facet normal 0.956944 0 -0.290272
    outer loop
      vertex 23.8134 30 135.192
      vertex 23.1306 77.795 132.941
      vertex 23.8134 77.795 135.192
    endloop
  endfacet
  facet normal 0.956944 0 -0.290272
    outer loop
      vertex 23.1306 77.795 132.941
      vertex 23.8134 30 135.192
      vertex 23.1306 30 132.941
    endloop
  endfacet
  facet normal 0.956944 0 -0.290272
    outer loop
      vertex 23.8134 80.005 135.192
      vertex 23.1306 79.995 132.941
      vertex 23.1306 80.005 132.941
    endloop
  endfacet
  facet normal 0.956944 0 -0.290272
    outer loop
      vertex 23.8134 79.805 135.192
      vertex 23.1306 79.995 132.941
      vertex 23.8134 80.005 135.192
    endloop
  endfacet
  facet normal 0.956944 0 -0.290272
    outer loop
      vertex 23.1306 79.995 132.941
      vertex 23.8134 79.805 135.192
      vertex 23.1306 79.805 132.941
    endloop
  endfacet
  facet normal 0.995037 0 -0.0995037
    outer loop
      vertex 23.1306 80.005 132.941
      vertex 23.1306 79.995 132.941
      vertex 23.1305 80.005 132.94
    endloop
  endfacet
  facet normal -0.634476 0 0.772942
    outer loop
      vertex 152.767 77.795 9.42238
      vertex 154.585 30 10.9147
      vertex 154.585 77.795 10.9147
    endloop
  endfacet
  facet normal -0.634476 0 0.772942
    outer loop
      vertex 154.585 30 10.9147
      vertex 152.767 77.795 9.42238
      vertex 152.767 30 9.42238
    endloop
  endfacet
  facet normal -0.634476 0 0.772942
    outer loop
      vertex 152.767 80.005 9.42238
      vertex 154.585 79.805 10.9147
      vertex 154.585 80.005 10.9147
    endloop
  endfacet
  facet normal -0.634476 0 0.772942
    outer loop
      vertex 154.585 79.805 10.9147
      vertex 152.767 80.005 9.42238
      vertex 152.767 79.805 9.42238
    endloop
  endfacet
  facet normal -0.995158 0.00426782 0.0981938
    outer loop
      vertex 158.1 79.995 19.4
      vertex 157.87 80.005 17.0686
      vertex 157.869 79.995 17.0589
    endloop
  endfacet
  facet normal -0.995163 -0.00392637 0.0981591
    outer loop
      vertex 157.87 80.005 17.0686
      vertex 158.1 79.995 19.4
      vertex 158.1 80.005 19.4004
    endloop
  endfacet
  facet normal -0.881941 0 -0.47136
    outer loop
      vertex 157.187 30 135.192
      vertex 156.078 77.795 137.267
      vertex 157.187 77.795 135.192
    endloop
  endfacet
  facet normal -0.881941 -0 -0.47136
    outer loop
      vertex 156.078 77.795 137.267
      vertex 157.187 30 135.192
      vertex 156.078 30 137.267
    endloop
  endfacet
  facet normal -0.881941 0 -0.47136
    outer loop
      vertex 157.187 79.805 135.192
      vertex 156.078 80.005 137.267
      vertex 157.187 80.005 135.192
    endloop
  endfacet
  facet normal -0.881941 -0 -0.47136
    outer loop
      vertex 156.078 80.005 137.267
      vertex 157.187 79.805 135.192
      vertex 156.078 79.805 137.267
    endloop
  endfacet
  facet normal -0.290299 0 0.956936
    outer loop
      vertex 148.441 77.795 7.63058
      vertex 150.692 30 8.31345
      vertex 150.692 77.795 8.31345
    endloop
  endfacet
  facet normal -0.290299 0 0.956936
    outer loop
      vertex 150.692 30 8.31345
      vertex 148.441 77.795 7.63058
      vertex 148.441 30 7.63058
    endloop
  endfacet
  facet normal -0.290299 0 0.956936
    outer loop
      vertex 148.441 80.005 7.63058
      vertex 150.692 79.805 8.31345
      vertex 150.692 80.005 8.31345
    endloop
  endfacet
  facet normal -0.290299 0 0.956936
    outer loop
      vertex 150.692 79.805 8.31345
      vertex 148.441 80.005 7.63058
      vertex 148.441 79.805 7.63058
    endloop
  endfacet
  facet normal 0.995165 0.0060304 0.0980313
    outer loop
      vertex 22.9 79.995 19.4
      vertex 23.1296 80.005 17.0686
      vertex 22.8999 80.005 19.4004
    endloop
  endfacet
  facet normal 0.995174 0.00443282 0.0980253
    outer loop
      vertex 23.1296 80.005 17.0686
      vertex 22.9 79.995 19.4
      vertex 23.1306 79.995 17.0589
    endloop
  endfacet
  facet normal 0.99995 0.0099995 -0
    outer loop
      vertex 22.9 79.995 19.4
      vertex 22.8999 80.005 130.599
      vertex 22.9 79.995 130.6
    endloop
  endfacet
  facet normal 0.99995 0.0099995 0
    outer loop
      vertex 22.8999 80.005 130.599
      vertex 22.9 79.995 19.4
      vertex 22.8999 80.005 19.4004
    endloop
  endfacet
  facet normal 0.881903 -0 0.471431
    outer loop
      vertex 23.8134 30 14.8078
      vertex 24.9224 77.795 12.7332
      vertex 23.8134 77.795 14.8078
    endloop
  endfacet
  facet normal 0.881903 0 0.471431
    outer loop
      vertex 24.9224 77.795 12.7332
      vertex 23.8134 30 14.8078
      vertex 24.9224 30 12.7332
    endloop
  endfacet
  facet normal 0.881903 -0 0.471431
    outer loop
      vertex 23.8134 79.805 14.8078
      vertex 24.9224 80.005 12.7332
      vertex 23.8134 80.005 14.8078
    endloop
  endfacet
  facet normal 0.881903 0 0.471431
    outer loop
      vertex 24.9224 80.005 12.7332
      vertex 23.8134 79.805 14.8078
      vertex 24.9224 79.805 12.7332
    endloop
  endfacet
  facet normal 0.634372 0 0.773028
    outer loop
      vertex 26.4147 77.795 10.9147
      vertex 28.2332 30 9.42238
      vertex 28.2332 77.795 9.42238
    endloop
  endfacet
  facet normal 0.634372 0 0.773028
    outer loop
      vertex 28.2332 30 9.42238
      vertex 26.4147 77.795 10.9147
      vertex 26.4147 30 10.9147
    endloop
  endfacet
  facet normal 0.634372 0 0.773028
    outer loop
      vertex 26.4147 80.005 10.9147
      vertex 28.2332 79.805 9.42238
      vertex 28.2332 80.005 9.42238
    endloop
  endfacet
  facet normal 0.634372 0 0.773028
    outer loop
      vertex 28.2332 79.805 9.42238
      vertex 26.4147 80.005 10.9147
      vertex 26.4147 79.805 10.9147
    endloop
  endfacet
  facet normal 0.0980428 0 -0.995182
    outer loop
      vertex 34.9 30 142.6
      vertex 32.8293 77.795 142.396
      vertex 34.9 80.005 142.6
    endloop
  endfacet
  facet normal 0.0981947 6.64643e-06 -0.995167
    outer loop
      vertex 32.5589 30 142.369
      vertex 32.8293 77.795 142.396
      vertex 34.9 30 142.6
    endloop
  endfacet
  facet normal 0.099358 0 -0.995052
    outer loop
      vertex 32.8293 77.795 142.396
      vertex 32.5589 30 142.369
      vertex 32.5589 77.795 142.369
    endloop
  endfacet
  facet normal 0.0980428 0 -0.995182
    outer loop
      vertex 32.8293 79.805 142.396
      vertex 34.9 80.005 142.6
      vertex 32.8293 77.795 142.396
    endloop
  endfacet
  facet normal 0.099358 0 -0.995052
    outer loop
      vertex 32.5589 80.005 142.369
      vertex 32.8293 79.805 142.396
      vertex 32.5589 79.805 142.369
    endloop
  endfacet
  facet normal 0.0981946 -0.00158833 -0.995166
    outer loop
      vertex 32.8293 79.805 142.396
      vertex 32.5589 80.005 142.369
      vertex 34.9 80.005 142.6
    endloop
  endfacet
  facet normal -0.47136 0 -0.881941
    outer loop
      vertex 150.692 30 141.687
      vertex 152.767 77.795 140.578
      vertex 152.767 30 140.578
    endloop
  endfacet
  facet normal -0.47136 0 -0.881941
    outer loop
      vertex 152.767 77.795 140.578
      vertex 150.692 30 141.687
      vertex 150.692 77.795 141.687
    endloop
  endfacet
  facet normal -0.47136 0 -0.881941
    outer loop
      vertex 150.692 79.805 141.687
      vertex 152.767 80.005 140.578
      vertex 152.767 79.805 140.578
    endloop
  endfacet
  facet normal -0.47136 0 -0.881941
    outer loop
      vertex 152.767 80.005 140.578
      vertex 150.692 79.805 141.687
      vertex 150.692 80.005 141.687
    endloop
  endfacet
  facet normal -0.957039 0 -0.28996
    outer loop
      vertex 157.869 30 132.941
      vertex 157.187 77.795 135.192
      vertex 157.869 77.795 132.941
    endloop
  endfacet
  facet normal -0.957039 -0 -0.28996
    outer loop
      vertex 157.187 77.795 135.192
      vertex 157.869 30 132.941
      vertex 157.187 30 135.192
    endloop
  endfacet
  facet normal -0.957039 0 -0.28996
    outer loop
      vertex 157.869 79.995 132.941
      vertex 157.187 80.005 135.192
      vertex 157.869 80.005 132.941
    endloop
  endfacet
  facet normal -0.957039 0 -0.28996
    outer loop
      vertex 157.869 79.805 132.941
      vertex 157.187 80.005 135.192
      vertex 157.869 79.995 132.941
    endloop
  endfacet
  facet normal -0.957039 -0 -0.28996
    outer loop
      vertex 157.187 80.005 135.192
      vertex 157.869 79.805 132.941
      vertex 157.187 79.805 135.192
    endloop
  endfacet
  facet normal -0.881903 0 0.471431
    outer loop
      vertex 156.078 30 12.7332
      vertex 157.187 77.795 14.8078
      vertex 156.078 77.795 12.7332
    endloop
  endfacet
  facet normal -0.881903 0 0.471431
    outer loop
      vertex 157.187 77.795 14.8078
      vertex 156.078 30 12.7332
      vertex 157.187 30 14.8078
    endloop
  endfacet
  facet normal -0.881903 0 0.471431
    outer loop
      vertex 156.078 79.805 12.7332
      vertex 157.187 80.005 14.8078
      vertex 156.078 80.005 12.7332
    endloop
  endfacet
  facet normal -0.881903 0 0.471431
    outer loop
      vertex 157.187 80.005 14.8078
      vertex 156.078 79.805 12.7332
      vertex 157.187 79.805 14.8078
    endloop
  endfacet
  facet normal 0.980581 -0 0.196116
    outer loop
      vertex 23.1306 79.995 17.0589
      vertex 23.1306 80.005 17.0589
      vertex 23.1305 80.005 17.0594
    endloop
  endfacet
  facet normal -0.993823 -0.0110425 -0.110425
    outer loop
      vertex 157.869 80.005 132.94
      vertex 157.87 80.005 132.931
      vertex 157.869 79.995 132.941
    endloop
  endfacet
  facet normal 1 -0 0
    outer loop
      vertex 22.9 30 130.6
      vertex 22.9 79.995 19.4
      vertex 22.9 79.995 130.6
    endloop
  endfacet
  facet normal 1 0 0
    outer loop
      vertex 22.9 79.995 19.4
      vertex 22.9 30 130.6
      vertex 22.9 30 19.4
    endloop
  endfacet
  facet normal 0.995184 -8.23337e-05 0.0980263
    outer loop
      vertex 22.9 79.995 19.4
      vertex 23.0494 79.805 17.8831
      vertex 23.1306 79.995 17.0589
    endloop
  endfacet
  facet normal 0.995185 0 0.0980161
    outer loop
      vertex 22.9 79.995 19.4
      vertex 23.0494 77.795 17.8831
      vertex 23.0494 79.805 17.8831
    endloop
  endfacet
  facet normal 0.995185 -0 0.0980161
    outer loop
      vertex 22.9 30 19.4
      vertex 23.0494 77.795 17.8831
      vertex 22.9 79.995 19.4
    endloop
  endfacet
  facet normal 0.995184 3.27302e-07 0.0980263
    outer loop
      vertex 23.1306 30 17.0589
      vertex 23.0494 77.795 17.8831
      vertex 22.9 30 19.4
    endloop
  endfacet
  facet normal 0.995182 0 0.0980451
    outer loop
      vertex 23.0494 77.795 17.8831
      vertex 23.1306 30 17.0589
      vertex 23.1306 77.795 17.0589
    endloop
  endfacet
  facet normal 0.995182 0 0.0980451
    outer loop
      vertex 23.1306 79.995 17.0589
      vertex 23.0494 79.805 17.8831
      vertex 23.1306 79.805 17.0589
    endloop
  endfacet
  facet normal -0.995052 0 0.099358
    outer loop
      vertex 157.869 77.795 17.0589
      vertex 157.869 30 17.0589
      vertex 157.896 77.795 17.3293
    endloop
  endfacet
  facet normal -0.995052 0 0.099358
    outer loop
      vertex 157.896 79.805 17.3293
      vertex 157.869 79.995 17.0589
      vertex 157.869 79.805 17.0589
    endloop
  endfacet
  facet normal -0.995166 -0.00167193 0.0981946
    outer loop
      vertex 157.869 79.995 17.0589
      vertex 157.896 79.805 17.3293
      vertex 158.1 79.995 19.4
    endloop
  endfacet
  facet normal -0.995182 0 0.0980428
    outer loop
      vertex 157.896 77.795 17.3293
      vertex 158.1 79.995 19.4
      vertex 157.896 79.805 17.3293
    endloop
  endfacet
  facet normal -0.995167 6.64643e-06 0.0981947
    outer loop
      vertex 158.1 30 19.4
      vertex 157.896 77.795 17.3293
      vertex 157.869 30 17.0589
    endloop
  endfacet
  facet normal -0.995182 0 0.0980428
    outer loop
      vertex 157.896 77.795 17.3293
      vertex 158.1 30 19.4
      vertex 158.1 79.995 19.4
    endloop
  endfacet
  facet normal -1 0 0
    outer loop
      vertex 158.1 30 19.4
      vertex 158.1 79.995 130.6
      vertex 158.1 79.995 19.4
    endloop
  endfacet
  facet normal -1 -0 0
    outer loop
      vertex 158.1 79.995 130.6
      vertex 158.1 30 19.4
      vertex 158.1 30 130.6
    endloop
  endfacet
  facet normal 0.995182 0 -0.0980439
    outer loop
      vertex 23.1306 77.795 132.941
      vertex 23.1306 30 132.941
      vertex 23.104 77.795 132.671
    endloop
  endfacet
  facet normal 0.995182 0 -0.0980439
    outer loop
      vertex 23.104 79.805 132.671
      vertex 23.1306 79.995 132.941
      vertex 23.1306 79.805 132.941
    endloop
  endfacet
  facet normal 0.995183 -1.92418e-05 -0.0980305
    outer loop
      vertex 23.1306 79.995 132.941
      vertex 23.104 79.805 132.671
      vertex 22.9 79.995 130.6
    endloop
  endfacet
  facet normal 0.995184 0 -0.0980287
    outer loop
      vertex 23.104 77.795 132.671
      vertex 22.9 79.995 130.6
      vertex 23.104 79.805 132.671
    endloop
  endfacet
  facet normal 0.995183 7.64923e-08 -0.0980305
    outer loop
      vertex 22.9 30 130.6
      vertex 23.104 77.795 132.671
      vertex 23.1306 30 132.941
    endloop
  endfacet
  facet normal 0.995184 0 -0.0980287
    outer loop
      vertex 23.104 77.795 132.671
      vertex 22.9 30 130.6
      vertex 22.9 79.995 130.6
    endloop
  endfacet
  facet normal -0.995165 -0.00187269 -0.0981987
    outer loop
      vertex 158.1 79.995 130.6
      vertex 157.896 79.805 132.671
      vertex 157.869 79.995 132.941
    endloop
  endfacet
  facet normal -0.995184 0 -0.0980287
    outer loop
      vertex 158.1 79.995 130.6
      vertex 157.896 77.795 132.671
      vertex 157.896 79.805 132.671
    endloop
  endfacet
  facet normal -0.995184 0 -0.0980287
    outer loop
      vertex 158.1 30 130.6
      vertex 157.896 77.795 132.671
      vertex 158.1 79.995 130.6
    endloop
  endfacet
  facet normal -0.995167 7.44453e-06 -0.0981989
    outer loop
      vertex 157.869 30 132.941
      vertex 157.896 77.795 132.671
      vertex 158.1 30 130.6
    endloop
  endfacet
  facet normal -0.995037 0 -0.0995037
    outer loop
      vertex 157.896 77.795 132.671
      vertex 157.869 30 132.941
      vertex 157.869 77.795 132.941
    endloop
  endfacet
  facet normal -0.995037 -0 -0.0995037
    outer loop
      vertex 157.869 79.995 132.941
      vertex 157.896 79.805 132.671
      vertex 157.869 79.805 132.941
    endloop
  endfacet
  facet normal -0.290292 0 -0.956938
    outer loop
      vertex 16.3317 74.995 2.16733
      vertex 16.6506 80.005 2.07059
      vertex 16.6506 74.995 2.07059
    endloop
  endfacet
  facet normal -0.290292 0 -0.956938
    outer loop
      vertex 16.6506 80.005 2.07059
      vertex 16.3317 74.995 2.16733
      vertex 16.3317 80.005 2.16733
    endloop
  endfacet
  facet normal -0.99516 0 -0.0982712
    outer loop
      vertex 17.676 74.995 0.743551
      vertex 17.6673 80.005 0.831653
      vertex 17.676 80.005 0.743551
    endloop
  endfacet
  facet normal -0.99516 -0 -0.0982712
    outer loop
      vertex 17.6673 80.005 0.831653
      vertex 17.676 74.995 0.743551
      vertex 17.6673 74.995 0.831653
    endloop
  endfacet
  facet normal -0.881919 0 -0.471401
    outer loop
      vertex 17.5706 74.995 1.15056
      vertex 17.4135 80.005 1.44447
      vertex 17.5706 80.005 1.15056
    endloop
  endfacet
  facet normal -0.881919 -0 -0.471401
    outer loop
      vertex 17.4135 80.005 1.44447
      vertex 17.5706 74.995 1.15056
      vertex 17.4135 74.995 1.44447
    endloop
  endfacet
  facet normal -0.0980497 0 -0.995182
    outer loop
      vertex 16.2436 74.995 2.17601
      vertex 16.3317 80.005 2.16733
      vertex 16.3317 74.995 2.16733
    endloop
  endfacet
  facet normal -0.0980497 0 -0.995182
    outer loop
      vertex 16.3317 80.005 2.16733
      vertex 16.2436 74.995 2.17601
      vertex 16.2436 80.005 2.17601
    endloop
  endfacet
  facet normal -0.634417 0 -0.772991
    outer loop
      vertex 16.9445 74.995 1.9135
      vertex 17.2021 80.005 1.70208
      vertex 17.2021 74.995 1.70208
    endloop
  endfacet
  facet normal -0.634417 0 -0.772991
    outer loop
      vertex 17.2021 80.005 1.70208
      vertex 16.9445 74.995 1.9135
      vertex 16.9445 80.005 1.9135
    endloop
  endfacet
  facet normal -0.47139 0 -0.881925
    outer loop
      vertex 16.6506 74.995 2.07059
      vertex 16.9445 80.005 1.9135
      vertex 16.9445 74.995 1.9135
    endloop
  endfacet
  facet normal -0.47139 0 -0.881925
    outer loop
      vertex 16.9445 80.005 1.9135
      vertex 16.6506 74.995 2.07059
      vertex 16.6506 80.005 2.07059
    endloop
  endfacet
  facet normal -0.956973 0 -0.290176
    outer loop
      vertex 17.6673 74.995 0.831653
      vertex 17.5706 80.005 1.15056
      vertex 17.6673 80.005 0.831653
    endloop
  endfacet
  facet normal -0.956973 -0 -0.290176
    outer loop
      vertex 17.5706 80.005 1.15056
      vertex 17.6673 74.995 0.831653
      vertex 17.5706 74.995 1.15056
    endloop
  endfacet
  facet normal -0.773033 0 -0.634366
    outer loop
      vertex 17.4135 74.995 1.44447
      vertex 17.2021 80.005 1.70208
      vertex 17.4135 80.005 1.44447
    endloop
  endfacet
  facet normal -0.773033 -0 -0.634366
    outer loop
      vertex 17.2021 80.005 1.70208
      vertex 17.4135 74.995 1.44447
      vertex 17.2021 74.995 1.70208
    endloop
  endfacet
  facet normal -0.956997 0 0.290099
    outer loop
      vertex 17.5706 74.995 148.849
      vertex 17.6673 80.005 149.168
      vertex 17.5706 80.005 148.849
    endloop
  endfacet
  facet normal -0.956997 0 0.290099
    outer loop
      vertex 17.6673 80.005 149.168
      vertex 17.5706 74.995 148.849
      vertex 17.6673 74.995 149.168
    endloop
  endfacet
  facet normal -0.995149 0 0.098384
    outer loop
      vertex 17.6673 74.995 149.168
      vertex 17.676 80.005 149.256
      vertex 17.6673 80.005 149.168
    endloop
  endfacet
  facet normal -0.995149 0 0.098384
    outer loop
      vertex 17.676 80.005 149.256
      vertex 17.6673 74.995 149.168
      vertex 17.676 74.995 149.256
    endloop
  endfacet
  facet normal -0.88131 0 0.472539
    outer loop
      vertex 17.4135 74.995 148.556
      vertex 17.5706 80.005 148.849
      vertex 17.4135 80.005 148.556
    endloop
  endfacet
  facet normal -0.88131 0 0.472539
    outer loop
      vertex 17.5706 80.005 148.849
      vertex 17.4135 74.995 148.556
      vertex 17.5706 74.995 148.849
    endloop
  endfacet
  facet normal -0.101628 0 0.994822
    outer loop
      vertex 16.2436 80.005 147.824
      vertex 16.3317 74.995 147.833
      vertex 16.3317 80.005 147.833
    endloop
  endfacet
  facet normal -0.101628 0 0.994822
    outer loop
      vertex 16.3317 74.995 147.833
      vertex 16.2436 80.005 147.824
      vertex 16.2436 74.995 147.824
    endloop
  endfacet
  facet normal -0.773503 0 0.633793
    outer loop
      vertex 17.2021 74.995 148.298
      vertex 17.4135 80.005 148.556
      vertex 17.2021 80.005 148.298
    endloop
  endfacet
  facet normal -0.773503 0 0.633793
    outer loop
      vertex 17.4135 80.005 148.556
      vertex 17.2021 74.995 148.298
      vertex 17.4135 74.995 148.556
    endloop
  endfacet
  facet normal -0.47351 0 0.880788
    outer loop
      vertex 16.6506 80.005 147.929
      vertex 16.9445 74.995 148.087
      vertex 16.9445 80.005 148.087
    endloop
  endfacet
  facet normal -0.47351 0 0.880788
    outer loop
      vertex 16.9445 74.995 148.087
      vertex 16.6506 80.005 147.929
      vertex 16.6506 74.995 147.929
    endloop
  endfacet
  facet normal -0.288257 0 0.957553
    outer loop
      vertex 16.3317 80.005 147.833
      vertex 16.6506 74.995 147.929
      vertex 16.6506 80.005 147.929
    endloop
  endfacet
  facet normal -0.288257 0 0.957553
    outer loop
      vertex 16.6506 74.995 147.929
      vertex 16.3317 80.005 147.833
      vertex 16.3317 74.995 147.833
    endloop
  endfacet
  facet normal -0.633663 0 0.773609
    outer loop
      vertex 16.9445 80.005 148.087
      vertex 17.2021 74.995 148.298
      vertex 17.2021 80.005 148.298
    endloop
  endfacet
  facet normal -0.633663 0 0.773609
    outer loop
      vertex 17.2021 74.995 148.298
      vertex 16.9445 80.005 148.087
      vertex 16.9445 74.995 148.087
    endloop
  endfacet
  facet normal 0.880795 0 -0.473497
    outer loop
      vertex 163.587 74.995 1.44447
      vertex 163.429 80.005 1.15056
      vertex 163.587 80.005 1.44447
    endloop
  endfacet
  facet normal 0.880795 0 -0.473497
    outer loop
      vertex 163.429 80.005 1.15056
      vertex 163.587 74.995 1.44447
      vertex 163.429 74.995 1.15056
    endloop
  endfacet
  facet normal 0.633829 0 -0.773474
    outer loop
      vertex 163.798 74.995 1.70208
      vertex 164.056 80.005 1.9135
      vertex 164.056 74.995 1.9135
    endloop
  endfacet
  facet normal 0.633829 0 -0.773474
    outer loop
      vertex 164.056 80.005 1.9135
      vertex 163.798 74.995 1.70208
      vertex 163.798 80.005 1.70208
    endloop
  endfacet
  facet normal 0.09816 0 -0.995171
    outer loop
      vertex 164.668 74.995 2.16733
      vertex 164.756 80.005 2.17601
      vertex 164.756 74.995 2.17601
    endloop
  endfacet
  facet normal 0.09816 0 -0.995171
    outer loop
      vertex 164.756 80.005 2.17601
      vertex 164.668 74.995 2.16733
      vertex 164.668 80.005 2.16733
    endloop
  endfacet
  facet normal 0.957555 0 -0.288251
    outer loop
      vertex 163.429 74.995 1.15056
      vertex 163.333 80.005 0.831653
      vertex 163.429 80.005 1.15056
    endloop
  endfacet
  facet normal 0.957555 0 -0.288251
    outer loop
      vertex 163.333 80.005 0.831653
      vertex 163.429 74.995 1.15056
      vertex 163.333 74.995 0.831653
    endloop
  endfacet
  facet normal 0.994823 0 -0.101624
    outer loop
      vertex 163.333 74.995 0.831653
      vertex 163.324 80.005 0.74355
      vertex 163.333 80.005 0.831653
    endloop
  endfacet
  facet normal 0.994823 0 -0.101624
    outer loop
      vertex 163.324 80.005 0.74355
      vertex 163.333 74.995 0.831653
      vertex 163.324 74.995 0.74355
    endloop
  endfacet
  facet normal 0.773621 0 -0.633648
    outer loop
      vertex 163.798 74.995 1.70208
      vertex 163.587 80.005 1.44447
      vertex 163.798 80.005 1.70208
    endloop
  endfacet
  facet normal 0.773621 0 -0.633648
    outer loop
      vertex 163.587 80.005 1.44447
      vertex 163.798 74.995 1.70208
      vertex 163.587 74.995 1.44447
    endloop
  endfacet
  facet normal 0.472515 0 -0.881323
    outer loop
      vertex 164.056 74.995 1.9135
      vertex 164.349 80.005 2.07059
      vertex 164.349 74.995 2.07059
    endloop
  endfacet
  facet normal 0.472515 0 -0.881323
    outer loop
      vertex 164.349 80.005 2.07059
      vertex 164.056 74.995 1.9135
      vertex 164.056 80.005 1.9135
    endloop
  endfacet
  facet normal 0.290209 0 -0.956963
    outer loop
      vertex 164.349 74.995 2.07059
      vertex 164.668 80.005 2.16733
      vertex 164.668 74.995 2.16733
    endloop
  endfacet
  facet normal 0.290209 0 -0.956963
    outer loop
      vertex 164.668 80.005 2.16733
      vertex 164.349 74.995 2.07059
      vertex 164.349 80.005 2.07059
    endloop
  endfacet
  facet normal 0.957578 -0 0.288174
    outer loop
      vertex 163.333 74.995 149.168
      vertex 163.429 80.005 148.849
      vertex 163.333 80.005 149.168
    endloop
  endfacet
  facet normal 0.957578 0 0.288174
    outer loop
      vertex 163.429 80.005 148.849
      vertex 163.333 74.995 149.168
      vertex 163.429 74.995 148.849
    endloop
  endfacet
  facet normal 0.633074 0 0.774091
    outer loop
      vertex 163.798 80.005 148.298
      vertex 164.056 74.995 148.087
      vertex 164.056 80.005 148.087
    endloop
  endfacet
  facet normal 0.633074 0 0.774091
    outer loop
      vertex 164.056 74.995 148.087
      vertex 163.798 80.005 148.298
      vertex 163.798 74.995 148.298
    endloop
  endfacet
  facet normal 0.774091 -0 0.633074
    outer loop
      vertex 163.587 74.995 148.556
      vertex 163.798 80.005 148.298
      vertex 163.587 80.005 148.556
    endloop
  endfacet
  facet normal 0.774091 0 0.633074
    outer loop
      vertex 163.798 80.005 148.298
      vertex 163.587 74.995 148.556
      vertex 163.798 74.995 148.298
    endloop
  endfacet
  facet normal 0.474637 0 0.880182
    outer loop
      vertex 164.056 80.005 148.087
      vertex 164.349 74.995 147.929
      vertex 164.349 80.005 147.929
    endloop
  endfacet
  facet normal 0.474637 0 0.880182
    outer loop
      vertex 164.349 74.995 147.929
      vertex 164.056 80.005 148.087
      vertex 164.056 74.995 148.087
    endloop
  endfacet
  facet normal 0.288174 0 0.957578
    outer loop
      vertex 164.349 80.005 147.929
      vertex 164.668 74.995 147.833
      vertex 164.668 80.005 147.833
    endloop
  endfacet
  facet normal 0.288174 0 0.957578
    outer loop
      vertex 164.668 74.995 147.833
      vertex 164.349 80.005 147.929
      vertex 164.349 74.995 147.929
    endloop
  endfacet
  facet normal 0.101742 0 0.994811
    outer loop
      vertex 164.668 80.005 147.833
      vertex 164.756 74.995 147.824
      vertex 164.756 80.005 147.824
    endloop
  endfacet
  facet normal 0.101742 0 0.994811
    outer loop
      vertex 164.756 74.995 147.824
      vertex 164.668 80.005 147.833
      vertex 164.668 74.995 147.833
    endloop
  endfacet
  facet normal 0.880182 -0 0.474637
    outer loop
      vertex 163.429 74.995 148.849
      vertex 163.587 80.005 148.556
      vertex 163.429 80.005 148.849
    endloop
  endfacet
  facet normal 0.880182 0 0.474637
    outer loop
      vertex 163.587 80.005 148.556
      vertex 163.429 74.995 148.849
      vertex 163.587 74.995 148.556
    endloop
  endfacet
  facet normal 0.994811 -0 0.101742
    outer loop
      vertex 163.324 74.995 149.256
      vertex 163.333 80.005 149.168
      vertex 163.324 80.005 149.256
    endloop
  endfacet
  facet normal 0.994811 0 0.101742
    outer loop
      vertex 163.333 80.005 149.168
      vertex 163.324 74.995 149.256
      vertex 163.333 74.995 149.168
    endloop
  endfacet
  facet normal -0.881907 0 0.471423
    outer loop
      vertex 12.9006 74.995 142.641
      vertex 14.601 80.005 145.822
      vertex 12.9006 80.005 142.641
    endloop
  endfacet
  facet normal -0.881907 0 0.471423
    outer loop
      vertex 14.601 80.005 145.822
      vertex 12.9006 74.995 142.641
      vertex 14.601 74.995 145.822
    endloop
  endfacet
  facet normal -0.0981394 0 0.995173
    outer loop
      vertex 26.3103 80.005 153.646
      vertex 29.9 74.995 154
      vertex 29.9 80.005 154
    endloop
  endfacet
  facet normal -0.0981394 0 0.995173
    outer loop
      vertex 29.9 74.995 154
      vertex 26.3103 80.005 153.646
      vertex 26.3103 74.995 153.646
    endloop
  endfacet
  facet normal 1 -0 0
    outer loop
      vertex 169.5 74.995 135.6
      vertex 169.5 80.005 14.4
      vertex 169.5 80.005 135.6
    endloop
  endfacet
  facet normal 1 0 0
    outer loop
      vertex 169.5 80.005 14.4
      vertex 169.5 74.995 135.6
      vertex 169.5 74.995 14.4
    endloop
  endfacet
  facet normal 0.471411 0 -0.881914
    outer loop
      vertex 158.141 74.995 -2.59938
      vertex 161.322 80.005 -0.899033
      vertex 161.322 74.995 -0.899033
    endloop
  endfacet
  facet normal 0.471411 0 -0.881914
    outer loop
      vertex 161.322 80.005 -0.899033
      vertex 158.141 74.995 -2.59938
      vertex 158.141 80.005 -2.59938
    endloop
  endfacet
  facet normal 0.290323 0 0.956929
    outer loop
      vertex 154.69 80.005 153.646
      vertex 158.141 74.995 152.599
      vertex 158.141 80.005 152.599
    endloop
  endfacet
  facet normal 0.290323 0 0.956929
    outer loop
      vertex 158.141 74.995 152.599
      vertex 154.69 80.005 153.646
      vertex 154.69 74.995 153.646
    endloop
  endfacet
  facet normal -0.0980186 0 -0.995185
    outer loop
      vertex 26.3103 74.995 -3.64644
      vertex 29.9 80.005 -4
      vertex 29.9 74.995 -4
    endloop
  endfacet
  facet normal -0.0980186 0 -0.995185
    outer loop
      vertex 29.9 80.005 -4
      vertex 26.3103 74.995 -3.64644
      vertex 26.3103 80.005 -3.64644
    endloop
  endfacet
  facet normal 0 1 0
    outer loop
      vertex 150.692 80.005 141.687
      vertex 151.1 80.005 154
      vertex 154.69 80.005 153.646
    endloop
  endfacet
  facet normal 0 1 0
    outer loop
      vertex 151.1 80.005 154
      vertex 146.1 80.005 142.6
      vertex 29.9 80.005 154
    endloop
  endfacet
  facet normal 0 1 0
    outer loop
      vertex 150.692 80.005 141.687
      vertex 154.69 80.005 153.646
      vertex 158.141 80.005 152.599
    endloop
  endfacet
  facet normal 0 1 -0
    outer loop
      vertex 34.9 80.005 142.6
      vertex 29.9 80.005 154
      vertex 146.1 80.005 142.6
    endloop
  endfacet
  facet normal 0 1 0
    outer loop
      vertex 152.767 80.005 140.578
      vertex 158.141 80.005 152.599
      vertex 161.322 80.005 150.899
    endloop
  endfacet
  facet normal 0 1 -0
    outer loop
      vertex 32.5589 80.005 142.369
      vertex 29.9 80.005 154
      vertex 34.9 80.005 142.6
    endloop
  endfacet
  facet normal 0 1 0
    outer loop
      vertex 163.333 80.005 149.168
      vertex 161.322 80.005 150.899
      vertex 163.324 80.005 149.256
    endloop
  endfacet
  facet normal 0 1 -0
    outer loop
      vertex 30.3078 80.005 141.687
      vertex 29.9 80.005 154
      vertex 32.5589 80.005 142.369
    endloop
  endfacet
  facet normal 0 1 0
    outer loop
      vertex 163.429 80.005 148.849
      vertex 161.322 80.005 150.899
      vertex 163.333 80.005 149.168
    endloop
  endfacet
  facet normal 0 1 0
    outer loop
      vertex 29.9 80.005 154
      vertex 30.3078 80.005 141.687
      vertex 26.3103 80.005 153.646
    endloop
  endfacet
  facet normal 0 1 0
    outer loop
      vertex 163.587 80.005 148.556
      vertex 161.322 80.005 150.899
      vertex 163.429 80.005 148.849
    endloop
  endfacet
  facet normal 0 1 0
    outer loop
      vertex 26.3103 80.005 153.646
      vertex 30.3078 80.005 141.687
      vertex 22.8586 80.005 152.599
    endloop
  endfacet
  facet normal 0 1 0
    outer loop
      vertex 161.322 80.005 150.899
      vertex 163.587 80.005 148.556
      vertex 152.767 80.005 140.578
    endloop
  endfacet
  facet normal 0 1 -0
    outer loop
      vertex 28.2332 80.005 140.578
      vertex 22.8586 80.005 152.599
      vertex 30.3078 80.005 141.687
    endloop
  endfacet
  facet normal 0 1 0
    outer loop
      vertex 154.585 80.005 139.085
      vertex 163.587 80.005 148.556
      vertex 163.798 80.005 148.298
    endloop
  endfacet
  facet normal 0 1 0
    outer loop
      vertex 22.8586 80.005 152.599
      vertex 28.2332 80.005 140.578
      vertex 19.6775 80.005 150.899
    endloop
  endfacet
  facet normal 0 1 0
    outer loop
      vertex 154.585 80.005 139.085
      vertex 163.798 80.005 148.298
      vertex 164.056 80.005 148.087
    endloop
  endfacet
  facet normal 0 1 0
    outer loop
      vertex 19.6775 80.005 150.899
      vertex 17.6673 80.005 149.168
      vertex 17.676 80.005 149.256
    endloop
  endfacet
  facet normal 0 1 0
    outer loop
      vertex 166.399 80.005 145.822
      vertex 164.056 80.005 148.087
      vertex 164.349 80.005 147.929
    endloop
  endfacet
  facet normal -0 1 0
    outer loop
      vertex 17.4135 80.005 148.556
      vertex 19.6775 80.005 150.899
      vertex 28.2332 80.005 140.578
    endloop
  endfacet
  facet normal 0 1 0
    outer loop
      vertex 166.399 80.005 145.822
      vertex 164.349 80.005 147.929
      vertex 164.668 80.005 147.833
    endloop
  endfacet
  facet normal 0 1 0
    outer loop
      vertex 19.6775 80.005 150.899
      vertex 17.5706 80.005 148.849
      vertex 17.6673 80.005 149.168
    endloop
  endfacet
  facet normal 0 1 0
    outer loop
      vertex 166.399 80.005 145.822
      vertex 164.668 80.005 147.833
      vertex 164.756 80.005 147.824
    endloop
  endfacet
  facet normal 0 1 0
    outer loop
      vertex 19.6775 80.005 150.899
      vertex 17.4135 80.005 148.556
      vertex 17.5706 80.005 148.849
    endloop
  endfacet
  facet normal 0 1 0
    outer loop
      vertex 164.056 80.005 148.087
      vertex 166.399 80.005 145.822
      vertex 156.078 80.005 137.267
    endloop
  endfacet
  facet normal 0 1 -0
    outer loop
      vertex 26.4147 80.005 139.085
      vertex 17.4135 80.005 148.556
      vertex 28.2332 80.005 140.578
    endloop
  endfacet
  facet normal 0 1 0
    outer loop
      vertex 156.078 80.005 137.267
      vertex 166.399 80.005 145.822
      vertex 168.099 80.005 142.641
    endloop
  endfacet
  facet normal 0 1 0
    outer loop
      vertex 17.4135 80.005 148.556
      vertex 26.4147 80.005 139.085
      vertex 17.2021 80.005 148.298
    endloop
  endfacet
  facet normal 0 1 0
    outer loop
      vertex 17.2021 80.005 148.298
      vertex 26.4147 80.005 139.085
      vertex 16.9445 80.005 148.087
    endloop
  endfacet
  facet normal 0 1 0
    outer loop
      vertex 151.1 80.005 154
      vertex 148.441 80.005 142.369
      vertex 146.1 80.005 142.6
    endloop
  endfacet
  facet normal 0 1 0
    outer loop
      vertex 151.1 80.005 154
      vertex 150.692 80.005 141.687
      vertex 148.441 80.005 142.369
    endloop
  endfacet
  facet normal 0 1 0
    outer loop
      vertex 158.141 80.005 152.599
      vertex 152.767 80.005 140.578
      vertex 150.692 80.005 141.687
    endloop
  endfacet
  facet normal 0 1 0
    outer loop
      vertex 157.187 80.005 135.192
      vertex 168.099 80.005 142.641
      vertex 169.146 80.005 139.19
    endloop
  endfacet
  facet normal 0 1 0
    outer loop
      vertex 163.587 80.005 148.556
      vertex 154.585 80.005 139.085
      vertex 152.767 80.005 140.578
    endloop
  endfacet
  facet normal 0 1 0
    outer loop
      vertex 164.056 80.005 148.087
      vertex 156.078 80.005 137.267
      vertex 154.585 80.005 139.085
    endloop
  endfacet
  facet normal 0 1 0
    outer loop
      vertex 157.187 80.005 135.192
      vertex 169.146 80.005 139.19
      vertex 169.5 80.005 135.6
    endloop
  endfacet
  facet normal 0 1 0
    outer loop
      vertex 168.099 80.005 142.641
      vertex 157.187 80.005 135.192
      vertex 156.078 80.005 137.267
    endloop
  endfacet
  facet normal 0 1 0
    outer loop
      vertex 169.5 80.005 135.6
      vertex 157.869 80.005 132.941
      vertex 157.187 80.005 135.192
    endloop
  endfacet
  facet normal 0 1 0
    outer loop
      vertex 169.5 80.005 135.6
      vertex 157.869 80.005 132.94
      vertex 157.869 80.005 132.941
    endloop
  endfacet
  facet normal 0 1 0
    outer loop
      vertex 169.5 80.005 135.6
      vertex 157.87 80.005 132.931
      vertex 157.869 80.005 132.94
    endloop
  endfacet
  facet normal 0 1 0
    outer loop
      vertex 169.5 80.005 135.6
      vertex 158.1 80.005 130.599
      vertex 157.87 80.005 132.931
    endloop
  endfacet
  facet normal 0 1 0
    outer loop
      vertex 169.5 80.005 135.6
      vertex 158.1 80.005 19.4004
      vertex 158.1 80.005 130.599
    endloop
  endfacet
  facet normal 0 1 0
    outer loop
      vertex 169.5 80.005 14.4
      vertex 157.87 80.005 17.0686
      vertex 158.1 80.005 19.4004
    endloop
  endfacet
  facet normal 0 1 -0
    outer loop
      vertex 169.5 80.005 14.4
      vertex 158.1 80.005 19.4004
      vertex 169.5 80.005 135.6
    endloop
  endfacet
  facet normal 0 1 0
    outer loop
      vertex 157.87 80.005 17.0686
      vertex 169.5 80.005 14.4
      vertex 157.869 80.005 17.0594
    endloop
  endfacet
  facet normal 0 1 0
    outer loop
      vertex 169.5 80.005 14.4
      vertex 157.869 80.005 17.0589
      vertex 157.869 80.005 17.0594
    endloop
  endfacet
  facet normal 0 1 0
    outer loop
      vertex 169.5 80.005 14.4
      vertex 157.187 80.005 14.8078
      vertex 157.869 80.005 17.0589
    endloop
  endfacet
  facet normal 0 1 -0
    outer loop
      vertex 169.146 80.005 10.8103
      vertex 157.187 80.005 14.8078
      vertex 169.5 80.005 14.4
    endloop
  endfacet
  facet normal 0 1 -0
    outer loop
      vertex 168.099 80.005 7.35863
      vertex 157.187 80.005 14.8078
      vertex 169.146 80.005 10.8103
    endloop
  endfacet
  facet normal 0 1 0
    outer loop
      vertex 157.187 80.005 14.8078
      vertex 168.099 80.005 7.35863
      vertex 156.078 80.005 12.7332
    endloop
  endfacet
  facet normal 0 1 -0
    outer loop
      vertex 166.399 80.005 4.17752
      vertex 156.078 80.005 12.7332
      vertex 168.099 80.005 7.35863
    endloop
  endfacet
  facet normal 0 1 -0
    outer loop
      vertex 164.056 80.005 1.9135
      vertex 156.078 80.005 12.7332
      vertex 166.399 80.005 4.17752
    endloop
  endfacet
  facet normal 0 1 0
    outer loop
      vertex 156.078 80.005 12.7332
      vertex 164.056 80.005 1.9135
      vertex 154.585 80.005 10.9147
    endloop
  endfacet
  facet normal 0 1 -0
    outer loop
      vertex 161.322 80.005 -0.899033
      vertex 152.767 80.005 9.42238
      vertex 163.587 80.005 1.44447
    endloop
  endfacet
  facet normal 0 1 0
    outer loop
      vertex 154.585 80.005 10.9147
      vertex 163.587 80.005 1.44447
      vertex 152.767 80.005 9.42238
    endloop
  endfacet
  facet normal 0 1 -0
    outer loop
      vertex 163.798 80.005 1.70208
      vertex 154.585 80.005 10.9147
      vertex 164.056 80.005 1.9135
    endloop
  endfacet
  facet normal 0 1 -0
    outer loop
      vertex 24.9224 80.005 137.267
      vertex 16.9445 80.005 148.087
      vertex 26.4147 80.005 139.085
    endloop
  endfacet
  facet normal -0 1 0
    outer loop
      vertex 14.601 80.005 145.822
      vertex 16.9445 80.005 148.087
      vertex 24.9224 80.005 137.267
    endloop
  endfacet
  facet normal 0 1 0
    outer loop
      vertex 16.6506 80.005 147.929
      vertex 14.601 80.005 145.822
      vertex 16.3317 80.005 147.833
    endloop
  endfacet
  facet normal 0 1 0
    outer loop
      vertex 16.3317 80.005 147.833
      vertex 14.601 80.005 145.822
      vertex 16.2436 80.005 147.824
    endloop
  endfacet
  facet normal 0 1 0
    outer loop
      vertex 16.9445 80.005 148.087
      vertex 14.601 80.005 145.822
      vertex 16.6506 80.005 147.929
    endloop
  endfacet
  facet normal 0 1 0
    outer loop
      vertex 14.601 80.005 145.822
      vertex 24.9224 80.005 137.267
      vertex 12.9006 80.005 142.641
    endloop
  endfacet
  facet normal 0 1 -0
    outer loop
      vertex 23.8134 80.005 135.192
      vertex 12.9006 80.005 142.641
      vertex 24.9224 80.005 137.267
    endloop
  endfacet
  facet normal 0 1 0
    outer loop
      vertex 12.9006 80.005 142.641
      vertex 23.8134 80.005 135.192
      vertex 11.8536 80.005 139.19
    endloop
  endfacet
  facet normal 0 1 0
    outer loop
      vertex 11.8536 80.005 139.19
      vertex 23.8134 80.005 135.192
      vertex 11.5 80.005 135.6
    endloop
  endfacet
  facet normal 0 1 -0
    outer loop
      vertex 23.1306 80.005 132.941
      vertex 11.5 80.005 135.6
      vertex 23.8134 80.005 135.192
    endloop
  endfacet
  facet normal 0 1 -0
    outer loop
      vertex 23.1305 80.005 132.94
      vertex 11.5 80.005 135.6
      vertex 23.1306 80.005 132.941
    endloop
  endfacet
  facet normal 0 1 -0
    outer loop
      vertex 23.1296 80.005 132.931
      vertex 11.5 80.005 135.6
      vertex 23.1305 80.005 132.94
    endloop
  endfacet
  facet normal 0 1 -0
    outer loop
      vertex 22.8999 80.005 130.599
      vertex 11.5 80.005 135.6
      vertex 23.1296 80.005 132.931
    endloop
  endfacet
  facet normal 0 1 -0
    outer loop
      vertex 22.8999 80.005 19.4004
      vertex 11.5 80.005 135.6
      vertex 22.8999 80.005 130.599
    endloop
  endfacet
  facet normal 0 1 0
    outer loop
      vertex 22.8999 80.005 19.4004
      vertex 11.5 80.005 14.4
      vertex 11.5 80.005 135.6
    endloop
  endfacet
  facet normal 0 1 0
    outer loop
      vertex 23.1296 80.005 17.0686
      vertex 11.5 80.005 14.4
      vertex 22.8999 80.005 19.4004
    endloop
  endfacet
  facet normal 0 1 0
    outer loop
      vertex 23.1305 80.005 17.0594
      vertex 11.5 80.005 14.4
      vertex 23.1296 80.005 17.0686
    endloop
  endfacet
  facet normal 0 1 0
    outer loop
      vertex 23.1306 80.005 17.0589
      vertex 11.5 80.005 14.4
      vertex 23.1305 80.005 17.0594
    endloop
  endfacet
  facet normal 0 1 0
    outer loop
      vertex 23.8134 80.005 14.8078
      vertex 11.5 80.005 14.4
      vertex 23.1306 80.005 17.0589
    endloop
  endfacet
  facet normal 0 1 0
    outer loop
      vertex 12.9006 80.005 7.35863
      vertex 23.8134 80.005 14.8078
      vertex 24.9224 80.005 12.7332
    endloop
  endfacet
  facet normal 0 1 0
    outer loop
      vertex 16.9445 80.005 1.9135
      vertex 24.9224 80.005 12.7332
      vertex 26.4147 80.005 10.9147
    endloop
  endfacet
  facet normal 0 1 0
    outer loop
      vertex 23.8134 80.005 14.8078
      vertex 11.8536 80.005 10.8103
      vertex 11.5 80.005 14.4
    endloop
  endfacet
  facet normal 0 1 0
    outer loop
      vertex 17.4135 80.005 1.44447
      vertex 26.4147 80.005 10.9147
      vertex 28.2332 80.005 9.42238
    endloop
  endfacet
  facet normal 0 1 0
    outer loop
      vertex 22.8586 80.005 -2.59938
      vertex 28.2332 80.005 9.42238
      vertex 30.3078 80.005 8.31345
    endloop
  endfacet
  facet normal 0 1 0
    outer loop
      vertex 29.9 80.005 -4
      vertex 30.3078 80.005 8.31345
      vertex 32.5589 80.005 7.63058
    endloop
  endfacet
  facet normal 0 1 0
    outer loop
      vertex 23.8134 80.005 14.8078
      vertex 12.9006 80.005 7.35863
      vertex 11.8536 80.005 10.8103
    endloop
  endfacet
  facet normal 0 1 0
    outer loop
      vertex 29.9 80.005 -4
      vertex 32.5589 80.005 7.63058
      vertex 34.9 80.005 7.40001
    endloop
  endfacet
  facet normal 0 1 0
    outer loop
      vertex 146.1 80.005 7.40001
      vertex 151.1 80.005 -4
      vertex 34.9 80.005 7.40001
    endloop
  endfacet
  facet normal 0 1 -0
    outer loop
      vertex 163.587 80.005 1.44447
      vertex 154.585 80.005 10.9147
      vertex 163.798 80.005 1.70208
    endloop
  endfacet
  facet normal 0 1 0
    outer loop
      vertex 29.9 80.005 -4
      vertex 34.9 80.005 7.40001
      vertex 151.1 80.005 -4
    endloop
  endfacet
  facet normal 0 1 0
    outer loop
      vertex 164.668 80.005 2.16733
      vertex 166.399 80.005 4.17752
      vertex 164.756 80.005 2.17601
    endloop
  endfacet
  facet normal 0 1 0
    outer loop
      vertex 164.349 80.005 2.07059
      vertex 166.399 80.005 4.17752
      vertex 164.668 80.005 2.16733
    endloop
  endfacet
  facet normal 0 1 0
    outer loop
      vertex 164.056 80.005 1.9135
      vertex 166.399 80.005 4.17752
      vertex 164.349 80.005 2.07059
    endloop
  endfacet
  facet normal 0 1 0
    outer loop
      vertex 14.601 80.005 4.17752
      vertex 16.3317 80.005 2.16733
      vertex 16.2436 80.005 2.17601
    endloop
  endfacet
  facet normal 0 1 0
    outer loop
      vertex 30.3078 80.005 8.31345
      vertex 29.9 80.005 -4
      vertex 26.3103 80.005 -3.64644
    endloop
  endfacet
  facet normal 0 1 0
    outer loop
      vertex 14.601 80.005 4.17752
      vertex 16.6506 80.005 2.07059
      vertex 16.3317 80.005 2.16733
    endloop
  endfacet
  facet normal 0 1 -0
    outer loop
      vertex 158.141 80.005 -2.59938
      vertex 152.767 80.005 9.42238
      vertex 161.322 80.005 -0.899033
    endloop
  endfacet
  facet normal 0 1 0
    outer loop
      vertex 26.4147 80.005 10.9147
      vertex 17.2021 80.005 1.70208
      vertex 16.9445 80.005 1.9135
    endloop
  endfacet
  facet normal 0 1 0
    outer loop
      vertex 152.767 80.005 9.42238
      vertex 158.141 80.005 -2.59938
      vertex 150.692 80.005 8.31345
    endloop
  endfacet
  facet normal 0 1 0
    outer loop
      vertex 24.9224 80.005 12.7332
      vertex 16.9445 80.005 1.9135
      vertex 14.601 80.005 4.17752
    endloop
  endfacet
  facet normal 0 1 -0
    outer loop
      vertex 154.69 80.005 -3.64644
      vertex 150.692 80.005 8.31345
      vertex 158.141 80.005 -2.59938
    endloop
  endfacet
  facet normal 0 1 0
    outer loop
      vertex 14.601 80.005 4.17752
      vertex 16.9445 80.005 1.9135
      vertex 16.6506 80.005 2.07059
    endloop
  endfacet
  facet normal 0 1 0
    outer loop
      vertex 161.322 80.005 -0.899033
      vertex 163.587 80.005 1.44447
      vertex 163.429 80.005 1.15056
    endloop
  endfacet
  facet normal 0 1 0
    outer loop
      vertex 24.9224 80.005 12.7332
      vertex 14.601 80.005 4.17752
      vertex 12.9006 80.005 7.35863
    endloop
  endfacet
  facet normal 0 1 0
    outer loop
      vertex 161.322 80.005 -0.899033
      vertex 163.429 80.005 1.15056
      vertex 163.333 80.005 0.831653
    endloop
  endfacet
  facet normal 0 1 0
    outer loop
      vertex 30.3078 80.005 8.31345
      vertex 26.3103 80.005 -3.64644
      vertex 22.8586 80.005 -2.59938
    endloop
  endfacet
  facet normal 0 1 0
    outer loop
      vertex 26.4147 80.005 10.9147
      vertex 17.4135 80.005 1.44447
      vertex 17.2021 80.005 1.70208
    endloop
  endfacet
  facet normal 0 1 0
    outer loop
      vertex 161.322 80.005 -0.899033
      vertex 163.333 80.005 0.831653
      vertex 163.324 80.005 0.74355
    endloop
  endfacet
  facet normal 0 1 -0
    outer loop
      vertex 151.1 80.005 -4
      vertex 150.692 80.005 8.31345
      vertex 154.69 80.005 -3.64644
    endloop
  endfacet
  facet normal 0 1 0
    outer loop
      vertex 28.2332 80.005 9.42238
      vertex 22.8586 80.005 -2.59938
      vertex 19.6775 80.005 -0.899033
    endloop
  endfacet
  facet normal 0 1 0
    outer loop
      vertex 150.692 80.005 8.31345
      vertex 151.1 80.005 -4
      vertex 148.441 80.005 7.63058
    endloop
  endfacet
  facet normal 0 1 0
    outer loop
      vertex 28.2332 80.005 9.42238
      vertex 19.6775 80.005 -0.899033
      vertex 17.4135 80.005 1.44447
    endloop
  endfacet
  facet normal 0 1 0
    outer loop
      vertex 148.441 80.005 7.63058
      vertex 151.1 80.005 -4
      vertex 146.1 80.005 7.40001
    endloop
  endfacet
  facet normal 0 1 0
    outer loop
      vertex 17.5706 80.005 1.15056
      vertex 19.6775 80.005 -0.899033
      vertex 17.6673 80.005 0.831653
    endloop
  endfacet
  facet normal 0 1 0
    outer loop
      vertex 17.6673 80.005 0.831653
      vertex 19.6775 80.005 -0.899033
      vertex 17.676 80.005 0.743551
    endloop
  endfacet
  facet normal 0 1 0
    outer loop
      vertex 17.4135 80.005 1.44447
      vertex 19.6775 80.005 -0.899033
      vertex 17.5706 80.005 1.15056
    endloop
  endfacet
  facet normal 0.634297 0 -0.773089
    outer loop
      vertex 161.322 74.995 -0.899033
      vertex 163.324 80.005 0.74355
      vertex 163.324 74.995 0.74355
    endloop
  endfacet
  facet normal 0.634297 0 -0.773089
    outer loop
      vertex 163.324 80.005 0.74355
      vertex 161.322 74.995 -0.899033
      vertex 161.322 80.005 -0.899033
    endloop
  endfacet
  facet normal 0 0 -1
    outer loop
      vertex 29.9 74.995 -4
      vertex 151.1 80.005 -4
      vertex 151.1 74.995 -4
    endloop
  endfacet
  facet normal -0 0 -1
    outer loop
      vertex 151.1 80.005 -4
      vertex 29.9 74.995 -4
      vertex 29.9 80.005 -4
    endloop
  endfacet
  facet normal 0.772934 0 -0.634486
    outer loop
      vertex 166.399 74.995 4.17752
      vertex 164.756 80.005 2.17601
      vertex 166.399 80.005 4.17752
    endloop
  endfacet
  facet normal 0.772934 0 -0.634486
    outer loop
      vertex 164.756 80.005 2.17601
      vertex 166.399 74.995 4.17752
      vertex 164.756 74.995 2.17601
    endloop
  endfacet
  facet normal 0.471336 0 0.881954
    outer loop
      vertex 158.141 80.005 152.599
      vertex 161.322 74.995 150.899
      vertex 161.322 80.005 150.899
    endloop
  endfacet
  facet normal 0.471336 0 0.881954
    outer loop
      vertex 161.322 74.995 150.899
      vertex 158.141 80.005 152.599
      vertex 158.141 74.995 152.599
    endloop
  endfacet
  facet normal 0.995173 0 -0.0981394
    outer loop
      vertex 169.5 74.995 14.4
      vertex 169.146 80.005 10.8103
      vertex 169.5 80.005 14.4
    endloop
  endfacet
  facet normal 0.995173 0 -0.0981394
    outer loop
      vertex 169.146 80.005 10.8103
      vertex 169.5 74.995 14.4
      vertex 169.146 74.995 10.8103
    endloop
  endfacet
  facet normal -0 0 1
    outer loop
      vertex 29.9 80.005 154
      vertex 151.1 74.995 154
      vertex 151.1 80.005 154
    endloop
  endfacet
  facet normal 0 0 1
    outer loop
      vertex 151.1 74.995 154
      vertex 29.9 80.005 154
      vertex 29.9 74.995 154
    endloop
  endfacet
  facet normal 0.634394 0 0.77301
    outer loop
      vertex 161.322 80.005 150.899
      vertex 163.324 74.995 149.256
      vertex 163.324 80.005 149.256
    endloop
  endfacet
  facet normal 0.634394 0 0.77301
    outer loop
      vertex 163.324 74.995 149.256
      vertex 161.322 80.005 150.899
      vertex 161.322 74.995 150.899
    endloop
  endfacet
  facet normal 0.0980105 0 -0.995185
    outer loop
      vertex 151.1 74.995 -4
      vertex 154.69 80.005 -3.64644
      vertex 154.69 74.995 -3.64644
    endloop
  endfacet
  facet normal 0.0980105 0 -0.995185
    outer loop
      vertex 154.69 80.005 -3.64644
      vertex 151.1 74.995 -4
      vertex 151.1 80.005 -4
    endloop
  endfacet
  facet normal 0 -1 0
    outer loop
      vertex 29.3894 74.995 143.904
      vertex 29.9 74.995 154
      vertex 26.3103 74.995 153.646
    endloop
  endfacet
  facet normal 0 -1 0
    outer loop
      vertex 29.9 74.995 154
      vertex 34.9 74.995 145
      vertex 151.1 74.995 154
    endloop
  endfacet
  facet normal 0 -1 0
    outer loop
      vertex 29.3894 74.995 143.904
      vertex 26.3103 74.995 153.646
      vertex 22.8586 74.995 152.599
    endloop
  endfacet
  facet normal 0 -1 0
    outer loop
      vertex 146.1 74.995 145
      vertex 151.1 74.995 154
      vertex 34.9 74.995 145
    endloop
  endfacet
  facet normal 0 -1 0
    outer loop
      vertex 26.8998 74.995 142.573
      vertex 22.8586 74.995 152.599
      vertex 19.6775 74.995 150.899
    endloop
  endfacet
  facet normal 0 -1 0
    outer loop
      vertex 148.909 74.995 144.723
      vertex 151.1 74.995 154
      vertex 146.1 74.995 145
    endloop
  endfacet
  facet normal 0 -1 0
    outer loop
      vertex 17.6673 74.995 149.168
      vertex 19.6775 74.995 150.899
      vertex 17.676 74.995 149.256
    endloop
  endfacet
  facet normal 0 -1 0
    outer loop
      vertex 151.611 74.995 143.904
      vertex 151.1 74.995 154
      vertex 148.909 74.995 144.723
    endloop
  endfacet
  facet normal 0 -1 0
    outer loop
      vertex 17.5706 74.995 148.849
      vertex 19.6775 74.995 150.899
      vertex 17.6673 74.995 149.168
    endloop
  endfacet
  facet normal 0 -1 0
    outer loop
      vertex 151.1 74.995 154
      vertex 151.611 74.995 143.904
      vertex 154.69 74.995 153.646
    endloop
  endfacet
  facet normal 0 -1 0
    outer loop
      vertex 17.4135 74.995 148.556
      vertex 19.6775 74.995 150.899
      vertex 17.5706 74.995 148.849
    endloop
  endfacet
  facet normal 0 -1 -0
    outer loop
      vertex 154.69 74.995 153.646
      vertex 151.611 74.995 143.904
      vertex 158.141 74.995 152.599
    endloop
  endfacet
  facet normal 0 -1 -0
    outer loop
      vertex 19.6775 74.995 150.899
      vertex 17.4135 74.995 148.556
      vertex 26.8998 74.995 142.573
    endloop
  endfacet
  facet normal 0 -1 0
    outer loop
      vertex 154.1 74.995 142.573
      vertex 158.141 74.995 152.599
      vertex 151.611 74.995 143.904
    endloop
  endfacet
  facet normal 0 -1 0
    outer loop
      vertex 24.7177 74.995 140.782
      vertex 17.4135 74.995 148.556
      vertex 17.2021 74.995 148.298
    endloop
  endfacet
  facet normal 0 -1 -0
    outer loop
      vertex 158.141 74.995 152.599
      vertex 154.1 74.995 142.573
      vertex 161.322 74.995 150.899
    endloop
  endfacet
  facet normal 0 -1 0
    outer loop
      vertex 24.7177 74.995 140.782
      vertex 17.2021 74.995 148.298
      vertex 16.9445 74.995 148.087
    endloop
  endfacet
  facet normal -0 -1 0
    outer loop
      vertex 163.587 74.995 148.556
      vertex 161.322 74.995 150.899
      vertex 154.1 74.995 142.573
    endloop
  endfacet
  facet normal 0 -1 0
    outer loop
      vertex 14.601 74.995 145.822
      vertex 16.9445 74.995 148.087
      vertex 16.6506 74.995 147.929
    endloop
  endfacet
  facet normal 0 -1 0
    outer loop
      vertex 161.322 74.995 150.899
      vertex 163.333 74.995 149.168
      vertex 163.324 74.995 149.256
    endloop
  endfacet
  facet normal 0 -1 0
    outer loop
      vertex 14.601 74.995 145.822
      vertex 16.6506 74.995 147.929
      vertex 16.3317 74.995 147.833
    endloop
  endfacet
  facet normal 0 -1 0
    outer loop
      vertex 161.322 74.995 150.899
      vertex 163.429 74.995 148.849
      vertex 163.333 74.995 149.168
    endloop
  endfacet
  facet normal 0 -1 0
    outer loop
      vertex 14.601 74.995 145.822
      vertex 16.3317 74.995 147.833
      vertex 16.2436 74.995 147.824
    endloop
  endfacet
  facet normal 0 -1 0
    outer loop
      vertex 161.322 74.995 150.899
      vertex 163.587 74.995 148.556
      vertex 163.429 74.995 148.849
    endloop
  endfacet
  facet normal 0 -1 -0
    outer loop
      vertex 16.9445 74.995 148.087
      vertex 14.601 74.995 145.822
      vertex 22.9268 74.995 138.6
    endloop
  endfacet
  facet normal 0 -1 0
    outer loop
      vertex 156.282 74.995 140.782
      vertex 163.587 74.995 148.556
      vertex 154.1 74.995 142.573
    endloop
  endfacet
  facet normal 0 -1 -0
    outer loop
      vertex 163.587 74.995 148.556
      vertex 156.282 74.995 140.782
      vertex 163.798 74.995 148.298
    endloop
  endfacet
  facet normal 0 -1 0
    outer loop
      vertex 29.9 74.995 154
      vertex 32.0907 74.995 144.723
      vertex 34.9 74.995 145
    endloop
  endfacet
  facet normal 0 -1 -0
    outer loop
      vertex 29.9 74.995 154
      vertex 29.3894 74.995 143.904
      vertex 32.0907 74.995 144.723
    endloop
  endfacet
  facet normal 0 -1 0
    outer loop
      vertex 22.9268 74.995 138.6
      vertex 14.601 74.995 145.822
      vertex 12.9006 74.995 142.641
    endloop
  endfacet
  facet normal 0 -1 0
    outer loop
      vertex 22.8586 74.995 152.599
      vertex 26.8998 74.995 142.573
      vertex 29.3894 74.995 143.904
    endloop
  endfacet
  facet normal 0 -1 0
    outer loop
      vertex 17.4135 74.995 148.556
      vertex 24.7177 74.995 140.782
      vertex 26.8998 74.995 142.573
    endloop
  endfacet
  facet normal 0 -1 0
    outer loop
      vertex 21.5961 74.995 136.111
      vertex 12.9006 74.995 142.641
      vertex 11.8536 74.995 139.19
    endloop
  endfacet
  facet normal 0 -1 0
    outer loop
      vertex 16.9445 74.995 148.087
      vertex 22.9268 74.995 138.6
      vertex 24.7177 74.995 140.782
    endloop
  endfacet
  facet normal 0 -1 0
    outer loop
      vertex 12.9006 74.995 142.641
      vertex 21.5961 74.995 136.111
      vertex 22.9268 74.995 138.6
    endloop
  endfacet
  facet normal 0 -1 0
    outer loop
      vertex 11.5 74.995 135.6
      vertex 21.5961 74.995 136.111
      vertex 11.8536 74.995 139.19
    endloop
  endfacet
  facet normal 0 -1 0
    outer loop
      vertex 11.5 74.995 135.6
      vertex 20.7767 74.995 133.409
      vertex 21.5961 74.995 136.111
    endloop
  endfacet
  facet normal 0 -1 0
    outer loop
      vertex 11.5 74.995 135.6
      vertex 20.5 74.995 130.6
      vertex 20.7767 74.995 133.409
    endloop
  endfacet
  facet normal 0 -1 0
    outer loop
      vertex 11.5 74.995 135.6
      vertex 20.5 74.995 19.4
      vertex 20.5 74.995 130.6
    endloop
  endfacet
  facet normal 0 -1 0
    outer loop
      vertex 11.5 74.995 14.4
      vertex 20.5 74.995 19.4
      vertex 11.5 74.995 135.6
    endloop
  endfacet
  facet normal 0 -1 0
    outer loop
      vertex 11.5 74.995 14.4
      vertex 20.7767 74.995 16.5907
      vertex 20.5 74.995 19.4
    endloop
  endfacet
  facet normal 0 -1 0
    outer loop
      vertex 11.5 74.995 14.4
      vertex 21.5961 74.995 13.8894
      vertex 20.7767 74.995 16.5907
    endloop
  endfacet
  facet normal 0 -1 0
    outer loop
      vertex 11.8536 74.995 10.8103
      vertex 21.5961 74.995 13.8894
      vertex 11.5 74.995 14.4
    endloop
  endfacet
  facet normal 0 -1 0
    outer loop
      vertex 12.9006 74.995 7.35863
      vertex 21.5961 74.995 13.8894
      vertex 11.8536 74.995 10.8103
    endloop
  endfacet
  facet normal 0 -1 -0
    outer loop
      vertex 21.5961 74.995 13.8894
      vertex 12.9006 74.995 7.35863
      vertex 22.9268 74.995 11.3998
    endloop
  endfacet
  facet normal 0 -1 0
    outer loop
      vertex 14.601 74.995 4.17752
      vertex 22.9268 74.995 11.3998
      vertex 12.9006 74.995 7.35863
    endloop
  endfacet
  facet normal 0 -1 0
    outer loop
      vertex 16.9445 74.995 1.9135
      vertex 22.9268 74.995 11.3998
      vertex 14.601 74.995 4.17752
    endloop
  endfacet
  facet normal 0 -1 -0
    outer loop
      vertex 22.9268 74.995 11.3998
      vertex 16.9445 74.995 1.9135
      vertex 24.7177 74.995 9.21767
    endloop
  endfacet
  facet normal 0 -1 0
    outer loop
      vertex 17.2021 74.995 1.70208
      vertex 24.7177 74.995 9.21767
      vertex 16.9445 74.995 1.9135
    endloop
  endfacet
  facet normal 0 -1 0
    outer loop
      vertex 19.6775 74.995 -0.899033
      vertex 26.8998 74.995 7.42685
      vertex 17.4135 74.995 1.44447
    endloop
  endfacet
  facet normal 0 -1 -0
    outer loop
      vertex 24.7177 74.995 9.21767
      vertex 17.4135 74.995 1.44447
      vertex 26.8998 74.995 7.42685
    endloop
  endfacet
  facet normal 0 -1 0
    outer loop
      vertex 17.4135 74.995 1.44447
      vertex 24.7177 74.995 9.21767
      vertex 17.2021 74.995 1.70208
    endloop
  endfacet
  facet normal 0 -1 -0
    outer loop
      vertex 163.798 74.995 148.298
      vertex 156.282 74.995 140.782
      vertex 164.056 74.995 148.087
    endloop
  endfacet
  facet normal 0 -1 0
    outer loop
      vertex 158.073 74.995 138.6
      vertex 164.056 74.995 148.087
      vertex 156.282 74.995 140.782
    endloop
  endfacet
  facet normal -0 -1 0
    outer loop
      vertex 166.399 74.995 145.822
      vertex 164.056 74.995 148.087
      vertex 158.073 74.995 138.6
    endloop
  endfacet
  facet normal 0 -1 0
    outer loop
      vertex 164.349 74.995 147.929
      vertex 166.399 74.995 145.822
      vertex 164.668 74.995 147.833
    endloop
  endfacet
  facet normal 0 -1 0
    outer loop
      vertex 164.668 74.995 147.833
      vertex 166.399 74.995 145.822
      vertex 164.756 74.995 147.824
    endloop
  endfacet
  facet normal 0 -1 0
    outer loop
      vertex 164.056 74.995 148.087
      vertex 166.399 74.995 145.822
      vertex 164.349 74.995 147.929
    endloop
  endfacet
  facet normal 0 -1 -0
    outer loop
      vertex 166.399 74.995 145.822
      vertex 158.073 74.995 138.6
      vertex 168.099 74.995 142.641
    endloop
  endfacet
  facet normal 0 -1 0
    outer loop
      vertex 159.404 74.995 136.111
      vertex 168.099 74.995 142.641
      vertex 158.073 74.995 138.6
    endloop
  endfacet
  facet normal 0 -1 -0
    outer loop
      vertex 168.099 74.995 142.641
      vertex 159.404 74.995 136.111
      vertex 169.146 74.995 139.19
    endloop
  endfacet
  facet normal 0 -1 0
    outer loop
      vertex 159.404 74.995 136.111
      vertex 169.5 74.995 135.6
      vertex 169.146 74.995 139.19
    endloop
  endfacet
  facet normal 0 -1 0
    outer loop
      vertex 160.223 74.995 133.409
      vertex 169.5 74.995 135.6
      vertex 159.404 74.995 136.111
    endloop
  endfacet
  facet normal 0 -1 0
    outer loop
      vertex 160.5 74.995 130.6
      vertex 169.5 74.995 135.6
      vertex 160.223 74.995 133.409
    endloop
  endfacet
  facet normal 0 -1 0
    outer loop
      vertex 160.5 74.995 19.4
      vertex 169.5 74.995 135.6
      vertex 160.5 74.995 130.6
    endloop
  endfacet
  facet normal 0 -1 0
    outer loop
      vertex 160.5 74.995 19.4
      vertex 169.5 74.995 14.4
      vertex 169.5 74.995 135.6
    endloop
  endfacet
  facet normal 0 -1 0
    outer loop
      vertex 160.223 74.995 16.5907
      vertex 169.5 74.995 14.4
      vertex 160.5 74.995 19.4
    endloop
  endfacet
  facet normal 0 -1 0
    outer loop
      vertex 159.404 74.995 13.8894
      vertex 169.5 74.995 14.4
      vertex 160.223 74.995 16.5907
    endloop
  endfacet
  facet normal 0 -1 0
    outer loop
      vertex 168.099 74.995 7.35863
      vertex 159.404 74.995 13.8894
      vertex 158.073 74.995 11.3998
    endloop
  endfacet
  facet normal 0 -1 0
    outer loop
      vertex 159.404 74.995 13.8894
      vertex 169.146 74.995 10.8103
      vertex 169.5 74.995 14.4
    endloop
  endfacet
  facet normal 0 -1 0
    outer loop
      vertex 164.056 74.995 1.9135
      vertex 158.073 74.995 11.3998
      vertex 156.282 74.995 9.21767
    endloop
  endfacet
  facet normal 0 -1 0
    outer loop
      vertex 163.587 74.995 1.44447
      vertex 156.282 74.995 9.21767
      vertex 154.1 74.995 7.42685
    endloop
  endfacet
  facet normal 0 -1 0
    outer loop
      vertex 159.404 74.995 13.8894
      vertex 168.099 74.995 7.35863
      vertex 169.146 74.995 10.8103
    endloop
  endfacet
  facet normal 0 -1 0
    outer loop
      vertex 158.141 74.995 -2.59938
      vertex 154.1 74.995 7.42685
      vertex 151.611 74.995 6.09615
    endloop
  endfacet
  facet normal 0 -1 0
    outer loop
      vertex 151.1 74.995 -4
      vertex 151.611 74.995 6.09615
      vertex 148.909 74.995 5.2767
    endloop
  endfacet
  facet normal 0 -1 0
    outer loop
      vertex 158.073 74.995 11.3998
      vertex 166.399 74.995 4.17752
      vertex 168.099 74.995 7.35863
    endloop
  endfacet
  facet normal 0 -1 0
    outer loop
      vertex 151.1 74.995 -4
      vertex 148.909 74.995 5.2767
      vertex 146.1 74.995 5
    endloop
  endfacet
  facet normal 0 -1 -0
    outer loop
      vertex 34.9 74.995 5
      vertex 29.9 74.995 -4
      vertex 146.1 74.995 5
    endloop
  endfacet
  facet normal 0 -1 -0
    outer loop
      vertex 151.611 74.995 6.09615
      vertex 151.1 74.995 -4
      vertex 154.69 74.995 -3.64644
    endloop
  endfacet
  facet normal 0 -1 0
    outer loop
      vertex 16.3317 74.995 2.16733
      vertex 14.601 74.995 4.17752
      vertex 16.2436 74.995 2.17601
    endloop
  endfacet
  facet normal 0 -1 0
    outer loop
      vertex 16.6506 74.995 2.07059
      vertex 14.601 74.995 4.17752
      vertex 16.3317 74.995 2.16733
    endloop
  endfacet
  facet normal 0 -1 0
    outer loop
      vertex 166.399 74.995 4.17752
      vertex 164.668 74.995 2.16733
      vertex 164.756 74.995 2.17601
    endloop
  endfacet
  facet normal 0 -1 0
    outer loop
      vertex 16.9445 74.995 1.9135
      vertex 14.601 74.995 4.17752
      vertex 16.6506 74.995 2.07059
    endloop
  endfacet
  facet normal 0 -1 0
    outer loop
      vertex 166.399 74.995 4.17752
      vertex 164.349 74.995 2.07059
      vertex 164.668 74.995 2.16733
    endloop
  endfacet
  facet normal 0 -1 0
    outer loop
      vertex 22.8586 74.995 -2.59938
      vertex 26.8998 74.995 7.42685
      vertex 19.6775 74.995 -0.899033
    endloop
  endfacet
  facet normal 0 -1 -0
    outer loop
      vertex 146.1 74.995 5
      vertex 29.9 74.995 -4
      vertex 151.1 74.995 -4
    endloop
  endfacet
  facet normal 0 -1 -0
    outer loop
      vertex 26.8998 74.995 7.42685
      vertex 22.8586 74.995 -2.59938
      vertex 29.3894 74.995 6.09615
    endloop
  endfacet
  facet normal 0 -1 0
    outer loop
      vertex 156.282 74.995 9.21767
      vertex 163.798 74.995 1.70208
      vertex 164.056 74.995 1.9135
    endloop
  endfacet
  facet normal 0 -1 0
    outer loop
      vertex 26.3103 74.995 -3.64644
      vertex 29.3894 74.995 6.09615
      vertex 22.8586 74.995 -2.59938
    endloop
  endfacet
  facet normal 0 -1 0
    outer loop
      vertex 166.399 74.995 4.17752
      vertex 164.056 74.995 1.9135
      vertex 164.349 74.995 2.07059
    endloop
  endfacet
  facet normal 0 -1 0
    outer loop
      vertex 19.6775 74.995 -0.899033
      vertex 17.4135 74.995 1.44447
      vertex 17.5706 74.995 1.15056
    endloop
  endfacet
  facet normal 0 -1 0
    outer loop
      vertex 158.073 74.995 11.3998
      vertex 164.056 74.995 1.9135
      vertex 166.399 74.995 4.17752
    endloop
  endfacet
  facet normal 0 -1 0
    outer loop
      vertex 19.6775 74.995 -0.899033
      vertex 17.5706 74.995 1.15056
      vertex 17.6673 74.995 0.831653
    endloop
  endfacet
  facet normal 0 -1 0
    outer loop
      vertex 151.611 74.995 6.09615
      vertex 154.69 74.995 -3.64644
      vertex 158.141 74.995 -2.59938
    endloop
  endfacet
  facet normal 0 -1 0
    outer loop
      vertex 19.6775 74.995 -0.899033
      vertex 17.6673 74.995 0.831653
      vertex 17.676 74.995 0.743551
    endloop
  endfacet
  facet normal 0 -1 0
    outer loop
      vertex 156.282 74.995 9.21767
      vertex 163.587 74.995 1.44447
      vertex 163.798 74.995 1.70208
    endloop
  endfacet
  facet normal 0 -1 0
    outer loop
      vertex 29.9 74.995 -4
      vertex 29.3894 74.995 6.09615
      vertex 26.3103 74.995 -3.64644
    endloop
  endfacet
  facet normal 0 -1 0
    outer loop
      vertex 154.1 74.995 7.42685
      vertex 158.141 74.995 -2.59938
      vertex 161.322 74.995 -0.899033
    endloop
  endfacet
  facet normal 0 -1 0
    outer loop
      vertex 29.3894 74.995 6.09615
      vertex 29.9 74.995 -4
      vertex 32.0907 74.995 5.2767
    endloop
  endfacet
  facet normal 0 -1 0
    outer loop
      vertex 154.1 74.995 7.42685
      vertex 161.322 74.995 -0.899033
      vertex 163.587 74.995 1.44447
    endloop
  endfacet
  facet normal 0 -1 -0
    outer loop
      vertex 32.0907 74.995 5.2767
      vertex 29.9 74.995 -4
      vertex 34.9 74.995 5
    endloop
  endfacet
  facet normal 0 -1 0
    outer loop
      vertex 163.429 74.995 1.15056
      vertex 161.322 74.995 -0.899033
      vertex 163.333 74.995 0.831653
    endloop
  endfacet
  facet normal 0 -1 0
    outer loop
      vertex 163.333 74.995 0.831653
      vertex 161.322 74.995 -0.899033
      vertex 163.324 74.995 0.74355
    endloop
  endfacet
  facet normal 0 -1 0
    outer loop
      vertex 163.587 74.995 1.44447
      vertex 161.322 74.995 -0.899033
      vertex 163.429 74.995 1.15056
    endloop
  endfacet
  facet normal -0.881914 0 -0.47141
    outer loop
      vertex 14.601 74.995 4.17752
      vertex 12.9006 80.005 7.35863
      vertex 14.601 80.005 4.17752
    endloop
  endfacet
  facet normal -0.881914 -0 -0.47141
    outer loop
      vertex 12.9006 80.005 7.35863
      vertex 14.601 74.995 4.17752
      vertex 12.9006 74.995 7.35863
    endloop
  endfacet
  facet normal -0.290269 0 0.956945
    outer loop
      vertex 22.8586 80.005 152.599
      vertex 26.3103 74.995 153.646
      vertex 26.3103 80.005 153.646
    endloop
  endfacet
  facet normal -0.290269 0 0.956945
    outer loop
      vertex 26.3103 74.995 153.646
      vertex 22.8586 80.005 152.599
      vertex 22.8586 74.995 152.599
    endloop
  endfacet
  facet normal 0.290338 0 -0.956924
    outer loop
      vertex 154.69 74.995 -3.64644
      vertex 158.141 80.005 -2.59938
      vertex 158.141 74.995 -2.59938
    endloop
  endfacet
  facet normal 0.290338 0 -0.956924
    outer loop
      vertex 158.141 80.005 -2.59938
      vertex 154.69 74.995 -3.64644
      vertex 154.69 80.005 -3.64644
    endloop
  endfacet
  facet normal 0.956944 0 -0.290271
    outer loop
      vertex 169.146 74.995 10.8103
      vertex 168.099 80.005 7.35863
      vertex 169.146 80.005 10.8103
    endloop
  endfacet
  facet normal 0.956944 0 -0.290271
    outer loop
      vertex 168.099 80.005 7.35863
      vertex 169.146 74.995 10.8103
      vertex 168.099 74.995 7.35863
    endloop
  endfacet
  facet normal 0.0981313 0 0.995173
    outer loop
      vertex 151.1 80.005 154
      vertex 154.69 74.995 153.646
      vertex 154.69 80.005 153.646
    endloop
  endfacet
  facet normal 0.0981313 0 0.995173
    outer loop
      vertex 154.69 74.995 153.646
      vertex 151.1 80.005 154
      vertex 151.1 74.995 154
    endloop
  endfacet
  facet normal 0.88196 0 -0.471324
    outer loop
      vertex 168.099 74.995 7.35863
      vertex 166.399 80.005 4.17752
      vertex 168.099 80.005 7.35863
    endloop
  endfacet
  facet normal 0.88196 0 -0.471324
    outer loop
      vertex 166.399 80.005 4.17752
      vertex 168.099 74.995 7.35863
      vertex 166.399 74.995 4.17752
    endloop
  endfacet
  facet normal -0.471325 0 0.88196
    outer loop
      vertex 19.6775 80.005 150.899
      vertex 22.8586 74.995 152.599
      vertex 22.8586 80.005 152.599
    endloop
  endfacet
  facet normal -0.471325 0 0.88196
    outer loop
      vertex 22.8586 74.995 152.599
      vertex 19.6775 80.005 150.899
      vertex 19.6775 74.995 150.899
    endloop
  endfacet
  facet normal -0.290284 0 -0.95694
    outer loop
      vertex 22.8586 74.995 -2.59938
      vertex 26.3103 80.005 -3.64644
      vertex 26.3103 74.995 -3.64644
    endloop
  endfacet
  facet normal -0.290284 0 -0.95694
    outer loop
      vertex 26.3103 80.005 -3.64644
      vertex 22.8586 74.995 -2.59938
      vertex 22.8586 80.005 -2.59938
    endloop
  endfacet
  facet normal -1 0 0
    outer loop
      vertex 11.5 74.995 14.4
      vertex 11.5 80.005 135.6
      vertex 11.5 80.005 14.4
    endloop
  endfacet
  facet normal -1 -0 0
    outer loop
      vertex 11.5 80.005 135.6
      vertex 11.5 74.995 14.4
      vertex 11.5 74.995 135.6
    endloop
  endfacet
  facet normal -0.77301 0 -0.634394
    outer loop
      vertex 16.2436 74.995 2.17601
      vertex 14.601 80.005 4.17752
      vertex 16.2436 80.005 2.17601
    endloop
  endfacet
  facet normal -0.77301 -0 -0.634394
    outer loop
      vertex 14.601 80.005 4.17752
      vertex 16.2436 74.995 2.17601
      vertex 14.601 74.995 4.17752
    endloop
  endfacet
  facet normal 0.77301 -0 0.634394
    outer loop
      vertex 164.756 74.995 147.824
      vertex 166.399 80.005 145.822
      vertex 164.756 80.005 147.824
    endloop
  endfacet
  facet normal 0.77301 0 0.634394
    outer loop
      vertex 166.399 80.005 145.822
      vertex 164.756 74.995 147.824
      vertex 166.399 74.995 145.822
    endloop
  endfacet
  facet normal -0.634488 0 0.772933
    outer loop
      vertex 17.676 80.005 149.256
      vertex 19.6775 74.995 150.899
      vertex 19.6775 80.005 150.899
    endloop
  endfacet
  facet normal -0.634488 0 0.772933
    outer loop
      vertex 19.6775 74.995 150.899
      vertex 17.676 80.005 149.256
      vertex 17.676 74.995 149.256
    endloop
  endfacet
  facet normal -0.4714 0 -0.88192
    outer loop
      vertex 19.6775 74.995 -0.899033
      vertex 22.8586 80.005 -2.59938
      vertex 22.8586 74.995 -2.59938
    endloop
  endfacet
  facet normal -0.4714 0 -0.88192
    outer loop
      vertex 22.8586 80.005 -2.59938
      vertex 19.6775 74.995 -0.899033
      vertex 19.6775 80.005 -0.899033
    endloop
  endfacet
  facet normal -0.634392 0 -0.773011
    outer loop
      vertex 17.676 74.995 0.743551
      vertex 19.6775 80.005 -0.899033
      vertex 19.6775 74.995 -0.899033
    endloop
  endfacet
  facet normal -0.634392 0 -0.773011
    outer loop
      vertex 19.6775 80.005 -0.899033
      vertex 17.676 74.995 0.743551
      vertex 17.676 80.005 0.743551
    endloop
  endfacet
  facet normal 0.881954 -0 0.471336
    outer loop
      vertex 166.399 74.995 145.822
      vertex 168.099 80.005 142.641
      vertex 166.399 80.005 145.822
    endloop
  endfacet
  facet normal 0.881954 0 0.471336
    outer loop
      vertex 168.099 80.005 142.641
      vertex 166.399 74.995 145.822
      vertex 168.099 74.995 142.641
    endloop
  endfacet
  facet normal -0.995184 0 0.0980215
    outer loop
      vertex 11.5 74.995 135.6
      vertex 11.8536 80.005 139.19
      vertex 11.5 80.005 135.6
    endloop
  endfacet
  facet normal -0.995184 0 0.0980215
    outer loop
      vertex 11.8536 80.005 139.19
      vertex 11.5 74.995 135.6
      vertex 11.8536 74.995 139.19
    endloop
  endfacet
  facet normal -0.995183 0 -0.0980296
    outer loop
      vertex 11.8536 74.995 10.8103
      vertex 11.5 80.005 14.4
      vertex 11.8536 80.005 10.8103
    endloop
  endfacet
  facet normal -0.995183 -0 -0.0980296
    outer loop
      vertex 11.5 80.005 14.4
      vertex 11.8536 74.995 10.8103
      vertex 11.5 74.995 14.4
    endloop
  endfacet
  facet normal -0.773086 0 0.634301
    outer loop
      vertex 14.601 74.995 145.822
      vertex 16.2436 80.005 147.824
      vertex 14.601 80.005 145.822
    endloop
  endfacet
  facet normal -0.773086 0 0.634301
    outer loop
      vertex 16.2436 80.005 147.824
      vertex 14.601 74.995 145.822
      vertex 16.2436 74.995 147.824
    endloop
  endfacet
  facet normal 0.956929 -0 0.290323
    outer loop
      vertex 168.099 74.995 142.641
      vertex 169.146 80.005 139.19
      vertex 168.099 80.005 142.641
    endloop
  endfacet
  facet normal 0.956929 0 0.290323
    outer loop
      vertex 169.146 80.005 139.19
      vertex 168.099 74.995 142.641
      vertex 169.146 74.995 139.19
    endloop
  endfacet
  facet normal -0.956944 0 -0.290271
    outer loop
      vertex 12.9006 74.995 7.35863
      vertex 11.8536 80.005 10.8103
      vertex 12.9006 80.005 7.35863
    endloop
  endfacet
  facet normal -0.956944 -0 -0.290271
    outer loop
      vertex 11.8536 80.005 10.8103
      vertex 12.9006 74.995 7.35863
      vertex 11.8536 74.995 10.8103
    endloop
  endfacet
  facet normal 0.995173 -0 0.0981313
    outer loop
      vertex 169.146 74.995 139.19
      vertex 169.5 80.005 135.6
      vertex 169.146 80.005 139.19
    endloop
  endfacet
  facet normal 0.995173 0 0.0981313
    outer loop
      vertex 169.5 80.005 135.6
      vertex 169.146 74.995 139.19
      vertex 169.5 74.995 135.6
    endloop
  endfacet
  facet normal -0.956929 0 0.290323
    outer loop
      vertex 11.8536 74.995 139.19
      vertex 12.9006 80.005 142.641
      vertex 11.8536 80.005 139.19
    endloop
  endfacet
  facet normal -0.956929 0 0.290323
    outer loop
      vertex 12.9006 80.005 142.641
      vertex 11.8536 74.995 139.19
      vertex 12.9006 74.995 142.641
    endloop
  endfacet
  facet normal 0.956935 -0 0.290303
    outer loop
      vertex 20.9536 77.795 15.8248
      vertex 21.7048 79.805 13.3486
      vertex 20.9536 79.805 15.8248
    endloop
  endfacet
  facet normal 0.956935 0 0.290303
    outer loop
      vertex 21.7048 79.805 13.3486
      vertex 20.9536 77.795 15.8248
      vertex 21.7048 77.795 13.3486
    endloop
  endfacet
  facet normal -0.0981027 0 0.995176
    outer loop
      vertex 147.1 79.805 5.20001
      vertex 147.311 77.795 5.22081
      vertex 147.311 79.805 5.22081
    endloop
  endfacet
  facet normal -0.0981027 0 0.995176
    outer loop
      vertex 147.311 77.795 5.22081
      vertex 147.1 79.805 5.20001
      vertex 147.1 77.795 5.20001
    endloop
  endfacet
  facet normal 0.995185 0 -0.0980113
    outer loop
      vertex 20.9536 77.795 134.175
      vertex 20.7 79.805 131.6
      vertex 20.9536 79.805 134.175
    endloop
  endfacet
  facet normal 0.995185 0 -0.0980113
    outer loop
      vertex 20.7 79.805 131.6
      vertex 20.9536 77.795 134.175
      vertex 20.7 77.795 131.6
    endloop
  endfacet
  facet normal 0.881923 -0 0.471394
    outer loop
      vertex 21.7048 77.795 13.3486
      vertex 22.9246 79.805 11.0665
      vertex 21.7048 79.805 13.3486
    endloop
  endfacet
  facet normal 0.881923 0 0.471394
    outer loop
      vertex 22.9246 79.805 11.0665
      vertex 21.7048 77.795 13.3486
      vertex 22.9246 77.795 11.0665
    endloop
  endfacet
  facet normal -0 0 1
    outer loop
      vertex 33.9 79.805 5.20001
      vertex 147.1 77.795 5.20001
      vertex 147.1 79.805 5.20001
    endloop
  endfacet
  facet normal 0 0 1
    outer loop
      vertex 147.1 77.795 5.20001
      vertex 33.9 79.805 5.20001
      vertex 33.9 77.795 5.20001
    endloop
  endfacet
  facet normal 0.0980152 0 0.995185
    outer loop
      vertex 31.3248 79.805 5.45364
      vertex 33.9 77.795 5.20001
      vertex 33.9 79.805 5.20001
    endloop
  endfacet
  facet normal 0.0980152 0 0.995185
    outer loop
      vertex 33.9 77.795 5.20001
      vertex 31.3248 79.805 5.45364
      vertex 31.3248 77.795 5.45364
    endloop
  endfacet
  facet normal 0.290289 0 0.956939
    outer loop
      vertex 28.8486 79.805 6.2048
      vertex 31.3248 77.795 5.45364
      vertex 31.3248 79.805 5.45364
    endloop
  endfacet
  facet normal 0.290289 0 0.956939
    outer loop
      vertex 31.3248 77.795 5.45364
      vertex 28.8486 79.805 6.2048
      vertex 28.8486 77.795 6.2048
    endloop
  endfacet
  facet normal 0.634388 0 0.773015
    outer loop
      vertex 24.5662 79.805 9.06619
      vertex 26.5665 77.795 7.42461
      vertex 26.5665 79.805 7.42461
    endloop
  endfacet
  facet normal 0.634388 0 0.773015
    outer loop
      vertex 26.5665 77.795 7.42461
      vertex 24.5662 79.805 9.06619
      vertex 24.5662 77.795 9.06619
    endloop
  endfacet
  facet normal 1 -0 0
    outer loop
      vertex 20.7 77.795 131.6
      vertex 20.7 79.805 18.4
      vertex 20.7 79.805 131.6
    endloop
  endfacet
  facet normal 1 0 0
    outer loop
      vertex 20.7 79.805 18.4
      vertex 20.7 77.795 131.6
      vertex 20.7 77.795 18.4
    endloop
  endfacet
  facet normal 0 1 -0
    outer loop
      vertex 148.441 77.795 142.369
      vertex 147.688 77.795 145.379
      vertex 150.274 77.795 145.125
    endloop
  endfacet
  facet normal 0 1 0
    outer loop
      vertex 147.688 77.795 145.379
      vertex 145.1 77.795 142.8
      vertex 34.0356 77.795 145.379
    endloop
  endfacet
  facet normal 0 1 -0
    outer loop
      vertex 150.692 77.795 141.687
      vertex 150.274 77.795 145.125
      vertex 152.76 77.795 144.37
    endloop
  endfacet
  facet normal 0 1 -0
    outer loop
      vertex 35.9 77.795 142.8
      vertex 34.0356 77.795 145.379
      vertex 145.1 77.795 142.8
    endloop
  endfacet
  facet normal 0 1 -0
    outer loop
      vertex 152.767 77.795 140.578
      vertex 152.76 77.795 144.37
      vertex 155.051 77.795 143.146
    endloop
  endfacet
  facet normal 0 1 0
    outer loop
      vertex 33.3248 77.795 142.546
      vertex 34.0356 77.795 145.379
      vertex 35.9 77.795 142.8
    endloop
  endfacet
  facet normal 0 1 0
    outer loop
      vertex 34.0356 77.795 145.379
      vertex 33.3248 77.795 142.546
      vertex 31.4501 77.795 145.125
    endloop
  endfacet
  facet normal 0 1 0
    outer loop
      vertex 147.688 77.795 145.379
      vertex 147.675 77.795 142.546
      vertex 145.1 77.795 142.8
    endloop
  endfacet
  facet normal -0 1 -0
    outer loop
      vertex 148.171 77.795 142.396
      vertex 147.688 77.795 145.379
      vertex 148.441 77.795 142.369
    endloop
  endfacet
  facet normal 0 1 0
    outer loop
      vertex 147.688 77.795 145.379
      vertex 148.171 77.795 142.396
      vertex 147.675 77.795 142.546
    endloop
  endfacet
  facet normal 0 1 0
    outer loop
      vertex 150.274 77.795 145.125
      vertex 150.692 77.795 141.687
      vertex 148.441 77.795 142.369
    endloop
  endfacet
  facet normal 0 1 0
    outer loop
      vertex 154.585 77.795 139.085
      vertex 155.051 77.795 143.146
      vertex 157.06 77.795 141.498
    endloop
  endfacet
  facet normal 0 1 0
    outer loop
      vertex 152.76 77.795 144.37
      vertex 152.767 77.795 140.578
      vertex 150.692 77.795 141.687
    endloop
  endfacet
  facet normal 0 1 0
    outer loop
      vertex 154.585 77.795 139.085
      vertex 157.06 77.795 141.498
      vertex 158.708 77.795 139.489
    endloop
  endfacet
  facet normal 0 1 0
    outer loop
      vertex 155.051 77.795 143.146
      vertex 154.585 77.795 139.085
      vertex 152.767 77.795 140.578
    endloop
  endfacet
  facet normal 0 1 0
    outer loop
      vertex 158.708 77.795 139.489
      vertex 156.078 77.795 137.267
      vertex 154.585 77.795 139.085
    endloop
  endfacet
  facet normal 0 1 0
    outer loop
      vertex 159.932 77.795 137.198
      vertex 156.078 77.795 137.267
      vertex 158.708 77.795 139.489
    endloop
  endfacet
  facet normal 0 1 0
    outer loop
      vertex 159.932 77.795 137.198
      vertex 157.187 77.795 135.192
      vertex 156.078 77.795 137.267
    endloop
  endfacet
  facet normal 0 1 0
    outer loop
      vertex 160.687 77.795 134.712
      vertex 157.187 77.795 135.192
      vertex 159.932 77.795 137.198
    endloop
  endfacet
  facet normal 0 1 0
    outer loop
      vertex 160.687 77.795 134.712
      vertex 157.869 77.795 132.941
      vertex 157.187 77.795 135.192
    endloop
  endfacet
  facet normal 0 1 0
    outer loop
      vertex 160.941 77.795 132.126
      vertex 157.869 77.795 132.941
      vertex 160.687 77.795 134.712
    endloop
  endfacet
  facet normal 0 1 0
    outer loop
      vertex 157.869 77.795 132.941
      vertex 160.941 77.795 132.126
      vertex 157.896 77.795 132.671
    endloop
  endfacet
  facet normal 0 1 0
    outer loop
      vertex 157.896 77.795 132.671
      vertex 160.941 77.795 132.126
      vertex 158.046 77.795 132.175
    endloop
  endfacet
  facet normal 0 1 0
    outer loop
      vertex 160.941 77.795 132.126
      vertex 158.3 77.795 129.6
      vertex 158.046 77.795 132.175
    endloop
  endfacet
  facet normal 0 1 -0
    outer loop
      vertex 160.941 77.795 18.4736
      vertex 158.3 77.795 129.6
      vertex 160.941 77.795 132.126
    endloop
  endfacet
  facet normal 0 1 0
    outer loop
      vertex 158.3 77.795 129.6
      vertex 160.941 77.795 18.4736
      vertex 158.3 77.795 20.4
    endloop
  endfacet
  facet normal 0 1 0
    outer loop
      vertex 160.941 77.795 18.4736
      vertex 158.046 77.795 17.8248
      vertex 158.3 77.795 20.4
    endloop
  endfacet
  facet normal 0 1 -0
    outer loop
      vertex 160.687 77.795 15.8881
      vertex 158.046 77.795 17.8248
      vertex 160.941 77.795 18.4736
    endloop
  endfacet
  facet normal 0 1 0
    outer loop
      vertex 158.046 77.795 17.8248
      vertex 160.687 77.795 15.8881
      vertex 157.896 77.795 17.3293
    endloop
  endfacet
  facet normal 0 1 0
    outer loop
      vertex 157.896 77.795 17.3293
      vertex 160.687 77.795 15.8881
      vertex 157.869 77.795 17.0589
    endloop
  endfacet
  facet normal 0 1 0
    outer loop
      vertex 160.687 77.795 15.8881
      vertex 157.187 77.795 14.8078
      vertex 157.869 77.795 17.0589
    endloop
  endfacet
  facet normal 0 1 -0
    outer loop
      vertex 159.932 77.795 13.402
      vertex 157.187 77.795 14.8078
      vertex 160.687 77.795 15.8881
    endloop
  endfacet
  facet normal 0 1 0
    outer loop
      vertex 159.932 77.795 13.402
      vertex 156.078 77.795 12.7332
      vertex 157.187 77.795 14.8078
    endloop
  endfacet
  facet normal 0 1 -0
    outer loop
      vertex 158.708 77.795 11.1107
      vertex 156.078 77.795 12.7332
      vertex 159.932 77.795 13.402
    endloop
  endfacet
  facet normal 0 1 -0
    outer loop
      vertex 157.06 77.795 9.10246
      vertex 156.078 77.795 12.7332
      vertex 158.708 77.795 11.1107
    endloop
  endfacet
  facet normal 0 1 0
    outer loop
      vertex 156.078 77.795 12.7332
      vertex 157.06 77.795 9.10246
      vertex 154.585 77.795 10.9147
    endloop
  endfacet
  facet normal 0 1 -0
    outer loop
      vertex 155.051 77.795 7.4543
      vertex 154.585 77.795 10.9147
      vertex 157.06 77.795 9.10246
    endloop
  endfacet
  facet normal 0 1 0
    outer loop
      vertex 154.585 77.795 10.9147
      vertex 155.051 77.795 7.4543
      vertex 152.767 77.795 9.42238
    endloop
  endfacet
  facet normal 0 1 0
    outer loop
      vertex 152.76 77.795 6.22962
      vertex 152.767 77.795 9.42238
      vertex 155.051 77.795 7.4543
    endloop
  endfacet
  facet normal 0 1 0
    outer loop
      vertex 152.767 77.795 9.42238
      vertex 152.76 77.795 6.22962
      vertex 150.692 77.795 8.31345
    endloop
  endfacet
  facet normal 0 1 0
    outer loop
      vertex 150.274 77.795 5.47546
      vertex 150.692 77.795 8.31345
      vertex 152.76 77.795 6.22962
    endloop
  endfacet
  facet normal 0 1 0
    outer loop
      vertex 150.692 77.795 8.31345
      vertex 150.274 77.795 5.47546
      vertex 148.441 77.795 7.63058
    endloop
  endfacet
  facet normal 0 1 0
    outer loop
      vertex 147.688 77.795 5.22081
      vertex 148.441 77.795 7.63058
      vertex 150.274 77.795 5.47546
    endloop
  endfacet
  facet normal 0 1 0
    outer loop
      vertex 148.171 77.795 7.60395
      vertex 147.688 77.795 5.22081
      vertex 147.675 77.795 7.45364
    endloop
  endfacet
  facet normal 0 1 0
    outer loop
      vertex 148.441 77.795 7.63058
      vertex 147.688 77.795 5.22081
      vertex 148.171 77.795 7.60395
    endloop
  endfacet
  facet normal 0 1 -0
    outer loop
      vertex 32.8293 77.795 142.396
      vertex 31.4501 77.795 145.125
      vertex 33.3248 77.795 142.546
    endloop
  endfacet
  facet normal 0 1 0
    outer loop
      vertex 30.3078 77.795 141.687
      vertex 31.4501 77.795 145.125
      vertex 32.5589 77.795 142.369
    endloop
  endfacet
  facet normal 0 1 0
    outer loop
      vertex 31.4501 77.795 145.125
      vertex 32.8293 77.795 142.396
      vertex 32.5589 77.795 142.369
    endloop
  endfacet
  facet normal 0 1 0
    outer loop
      vertex 31.4501 77.795 145.125
      vertex 30.3078 77.795 141.687
      vertex 28.964 77.795 144.37
    endloop
  endfacet
  facet normal 0 1 0
    outer loop
      vertex 28.2332 77.795 140.578
      vertex 28.964 77.795 144.37
      vertex 30.3078 77.795 141.687
    endloop
  endfacet
  facet normal 0 1 0
    outer loop
      vertex 28.964 77.795 144.37
      vertex 28.2332 77.795 140.578
      vertex 26.6727 77.795 143.146
    endloop
  endfacet
  facet normal 0 1 0
    outer loop
      vertex 26.6727 77.795 143.146
      vertex 28.2332 77.795 140.578
      vertex 24.6645 77.795 141.498
    endloop
  endfacet
  facet normal 0 1 -0
    outer loop
      vertex 26.4147 77.795 139.085
      vertex 24.6645 77.795 141.498
      vertex 28.2332 77.795 140.578
    endloop
  endfacet
  facet normal 0 1 0
    outer loop
      vertex 24.6645 77.795 141.498
      vertex 26.4147 77.795 139.085
      vertex 23.0163 77.795 139.489
    endloop
  endfacet
  facet normal 0 1 -0
    outer loop
      vertex 24.9224 77.795 137.267
      vertex 23.0163 77.795 139.489
      vertex 26.4147 77.795 139.085
    endloop
  endfacet
  facet normal 0 1 0
    outer loop
      vertex 24.9224 77.795 137.267
      vertex 21.7916 77.795 137.198
      vertex 23.0163 77.795 139.489
    endloop
  endfacet
  facet normal 0 1 -0
    outer loop
      vertex 23.8134 77.795 135.192
      vertex 21.7916 77.795 137.198
      vertex 24.9224 77.795 137.267
    endloop
  endfacet
  facet normal 0 1 0
    outer loop
      vertex 23.8134 77.795 135.192
      vertex 21.0375 77.795 134.712
      vertex 21.7916 77.795 137.198
    endloop
  endfacet
  facet normal 0 1 0
    outer loop
      vertex 23.8134 77.795 135.192
      vertex 20.9995 77.795 134.326
      vertex 21.0375 77.795 134.712
    endloop
  endfacet
  facet normal 0 1 -0
    outer loop
      vertex 23.1306 77.795 132.941
      vertex 20.9995 77.795 134.326
      vertex 23.8134 77.795 135.192
    endloop
  endfacet
  facet normal 0 1 0
    outer loop
      vertex 20.9995 77.795 134.326
      vertex 23.1306 77.795 132.941
      vertex 20.9536 77.795 134.175
    endloop
  endfacet
  facet normal 0 1 -0
    outer loop
      vertex 23.104 77.795 132.671
      vertex 20.9536 77.795 134.175
      vertex 23.1306 77.795 132.941
    endloop
  endfacet
  facet normal 0 1 -0
    outer loop
      vertex 23.0125 77.795 132.369
      vertex 20.9536 77.795 134.175
      vertex 23.104 77.795 132.671
    endloop
  endfacet
  facet normal 0 1 0
    outer loop
      vertex 23.0125 77.795 132.369
      vertex 20.7 77.795 131.6
      vertex 20.9536 77.795 134.175
    endloop
  endfacet
  facet normal 0 1 -0
    outer loop
      vertex 22.7908 77.795 130.118
      vertex 20.7 77.795 131.6
      vertex 23.0125 77.795 132.369
    endloop
  endfacet
  facet normal 0 1 -0
    outer loop
      vertex 22.7908 77.795 20.4816
      vertex 20.7 77.795 131.6
      vertex 22.7908 77.795 130.118
    endloop
  endfacet
  facet normal 0 1 0
    outer loop
      vertex 22.7908 77.795 20.4816
      vertex 20.7 77.795 18.4
      vertex 20.7 77.795 131.6
    endloop
  endfacet
  facet normal 0 1 0
    outer loop
      vertex 23.0455 77.795 17.8961
      vertex 20.7 77.795 18.4
      vertex 22.7908 77.795 20.4816
    endloop
  endfacet
  facet normal 0 1 0
    outer loop
      vertex 23.0494 77.795 17.8831
      vertex 20.7 77.795 18.4
      vertex 23.0455 77.795 17.8961
    endloop
  endfacet
  facet normal 0 1 0
    outer loop
      vertex 23.1306 77.795 17.0589
      vertex 20.7 77.795 18.4
      vertex 23.0494 77.795 17.8831
    endloop
  endfacet
  facet normal 0 1 0
    outer loop
      vertex 23.1306 77.795 17.0589
      vertex 20.9536 77.795 15.8248
      vertex 20.7 77.795 18.4
    endloop
  endfacet
  facet normal 0 1 0
    outer loop
      vertex 23.8134 77.795 14.8078
      vertex 20.9536 77.795 15.8248
      vertex 23.1306 77.795 17.0589
    endloop
  endfacet
  facet normal 0 1 0
    outer loop
      vertex 23.8134 77.795 14.8078
      vertex 21.7048 77.795 13.3486
      vertex 20.9536 77.795 15.8248
    endloop
  endfacet
  facet normal 0 1 0
    outer loop
      vertex 24.9224 77.795 12.7332
      vertex 21.7048 77.795 13.3486
      vertex 23.8134 77.795 14.8078
    endloop
  endfacet
  facet normal 0 1 0
    outer loop
      vertex 24.9224 77.795 12.7332
      vertex 22.9246 77.795 11.0665
      vertex 21.7048 77.795 13.3486
    endloop
  endfacet
  facet normal 0 1 0
    outer loop
      vertex 26.4147 77.795 10.9147
      vertex 22.9246 77.795 11.0665
      vertex 24.9224 77.795 12.7332
    endloop
  endfacet
  facet normal 0 1 -0
    outer loop
      vertex 26.5665 77.795 7.42461
      vertex 26.4147 77.795 10.9147
      vertex 28.2332 77.795 9.42238
    endloop
  endfacet
  facet normal 0 1 0
    outer loop
      vertex 26.4147 77.795 10.9147
      vertex 24.5662 77.795 9.06619
      vertex 22.9246 77.795 11.0665
    endloop
  endfacet
  facet normal 0 1 -0
    outer loop
      vertex 28.8486 77.795 6.2048
      vertex 28.2332 77.795 9.42238
      vertex 30.3078 77.795 8.31345
    endloop
  endfacet
  facet normal 0 1 -0
    outer loop
      vertex 31.3248 77.795 5.45364
      vertex 30.3078 77.795 8.31345
      vertex 32.5589 77.795 7.63058
    endloop
  endfacet
  facet normal 0 1 0
    outer loop
      vertex 33.9 77.795 5.20001
      vertex 33.1722 77.795 7.57018
      vertex 33.4581 77.795 7.48346
    endloop
  endfacet
  facet normal 0 1 0
    outer loop
      vertex 26.4147 77.795 10.9147
      vertex 26.5665 77.795 7.42461
      vertex 24.5662 77.795 9.06619
    endloop
  endfacet
  facet normal 0 1 0
    outer loop
      vertex 33.1722 77.795 7.57018
      vertex 33.9 77.795 5.20001
      vertex 32.5589 77.795 7.63058
    endloop
  endfacet
  facet normal 0 1 -0
    outer loop
      vertex 33.9 77.795 5.20001
      vertex 33.4581 77.795 7.48346
      vertex 36.0436 77.795 7.22881
    endloop
  endfacet
  facet normal 0 1 0
    outer loop
      vertex 28.2332 77.795 9.42238
      vertex 28.8486 77.795 6.2048
      vertex 26.5665 77.795 7.42461
    endloop
  endfacet
  facet normal 0 1 0
    outer loop
      vertex 145.392 77.795 7.22881
      vertex 147.1 77.795 5.20001
      vertex 36.0436 77.795 7.22881
    endloop
  endfacet
  facet normal 0 1 0
    outer loop
      vertex 147.311 77.795 5.22081
      vertex 147.675 77.795 7.45364
      vertex 147.688 77.795 5.22081
    endloop
  endfacet
  facet normal 0 1 0
    outer loop
      vertex 147.675 77.795 7.45364
      vertex 147.1 77.795 5.20001
      vertex 145.392 77.795 7.22881
    endloop
  endfacet
  facet normal 0 1 0
    outer loop
      vertex 147.1 77.795 5.20001
      vertex 147.675 77.795 7.45364
      vertex 147.311 77.795 5.22081
    endloop
  endfacet
  facet normal 0 1 0
    outer loop
      vertex 33.9 77.795 5.20001
      vertex 36.0436 77.795 7.22881
      vertex 147.1 77.795 5.20001
    endloop
  endfacet
  facet normal 0 1 0
    outer loop
      vertex 32.5589 77.795 7.63058
      vertex 33.9 77.795 5.20001
      vertex 31.3248 77.795 5.45364
    endloop
  endfacet
  facet normal 0 1 0
    outer loop
      vertex 30.3078 77.795 8.31345
      vertex 31.3248 77.795 5.45364
      vertex 28.8486 77.795 6.2048
    endloop
  endfacet
  facet normal 0 -1 0
    outer loop
      vertex 147.1 79.805 5.20001
      vertex 36.0436 79.805 7.22881
      vertex 33.9 79.805 5.20001
    endloop
  endfacet
  facet normal 0 -1 0
    outer loop
      vertex 36.0436 79.805 7.22881
      vertex 147.1 79.805 5.20001
      vertex 147.311 79.805 5.22081
    endloop
  endfacet
  facet normal 0 -1 0
    outer loop
      vertex 33.3248 79.805 142.546
      vertex 34.0356 79.805 145.379
      vertex 31.4501 79.805 145.125
    endloop
  endfacet
  facet normal 0 -1 0
    outer loop
      vertex 145.1 79.805 142.8
      vertex 34.0356 79.805 145.379
      vertex 35.9 79.805 142.8
    endloop
  endfacet
  facet normal 0 -1 0
    outer loop
      vertex 30.3078 79.805 141.687
      vertex 31.4501 79.805 145.125
      vertex 28.964 79.805 144.37
    endloop
  endfacet
  facet normal 0 -1 0
    outer loop
      vertex 34.0356 79.805 145.379
      vertex 145.1 79.805 142.8
      vertex 147.688 79.805 145.379
    endloop
  endfacet
  facet normal 0 -1 0
    outer loop
      vertex 28.2332 79.805 140.578
      vertex 28.964 79.805 144.37
      vertex 26.6727 79.805 143.146
    endloop
  endfacet
  facet normal 0 -1 0
    outer loop
      vertex 147.675 79.805 142.546
      vertex 147.688 79.805 145.379
      vertex 145.1 79.805 142.8
    endloop
  endfacet
  facet normal 0 -1 0
    outer loop
      vertex 148.171 79.805 142.396
      vertex 147.688 79.805 145.379
      vertex 147.675 79.805 142.546
    endloop
  endfacet
  facet normal 0 -1 -0
    outer loop
      vertex 34.0356 79.805 145.379
      vertex 33.3248 79.805 142.546
      vertex 35.9 79.805 142.8
    endloop
  endfacet
  facet normal -0 -1 0
    outer loop
      vertex 32.8293 79.805 142.396
      vertex 31.4501 79.805 145.125
      vertex 32.5589 79.805 142.369
    endloop
  endfacet
  facet normal 0 -1 0
    outer loop
      vertex 31.4501 79.805 145.125
      vertex 32.8293 79.805 142.396
      vertex 33.3248 79.805 142.546
    endloop
  endfacet
  facet normal 0 -1 -0
    outer loop
      vertex 31.4501 79.805 145.125
      vertex 30.3078 79.805 141.687
      vertex 32.5589 79.805 142.369
    endloop
  endfacet
  facet normal 0 -1 0
    outer loop
      vertex 28.2332 79.805 140.578
      vertex 26.6727 79.805 143.146
      vertex 24.6645 79.805 141.498
    endloop
  endfacet
  facet normal 0 -1 -0
    outer loop
      vertex 28.964 79.805 144.37
      vertex 28.2332 79.805 140.578
      vertex 30.3078 79.805 141.687
    endloop
  endfacet
  facet normal 0 -1 0
    outer loop
      vertex 26.4147 79.805 139.085
      vertex 24.6645 79.805 141.498
      vertex 23.0163 79.805 139.489
    endloop
  endfacet
  facet normal 0 -1 0
    outer loop
      vertex 24.6645 79.805 141.498
      vertex 26.4147 79.805 139.085
      vertex 28.2332 79.805 140.578
    endloop
  endfacet
  facet normal 0 -1 0
    outer loop
      vertex 23.0163 79.805 139.489
      vertex 24.9224 79.805 137.267
      vertex 26.4147 79.805 139.085
    endloop
  endfacet
  facet normal 0 -1 0
    outer loop
      vertex 21.7916 79.805 137.198
      vertex 24.9224 79.805 137.267
      vertex 23.0163 79.805 139.489
    endloop
  endfacet
  facet normal 0 -1 0
    outer loop
      vertex 21.7916 79.805 137.198
      vertex 23.8134 79.805 135.192
      vertex 24.9224 79.805 137.267
    endloop
  endfacet
  facet normal 0 -1 0
    outer loop
      vertex 21.0375 79.805 134.712
      vertex 23.8134 79.805 135.192
      vertex 21.7916 79.805 137.198
    endloop
  endfacet
  facet normal 0 -1 0
    outer loop
      vertex 20.9995 79.805 134.326
      vertex 23.8134 79.805 135.192
      vertex 21.0375 79.805 134.712
    endloop
  endfacet
  facet normal 0 -1 0
    outer loop
      vertex 23.1306 79.805 132.941
      vertex 20.9995 79.805 134.326
      vertex 20.9536 79.805 134.175
    endloop
  endfacet
  facet normal 0 -1 0
    outer loop
      vertex 20.9995 79.805 134.326
      vertex 23.1306 79.805 132.941
      vertex 23.8134 79.805 135.192
    endloop
  endfacet
  facet normal 0 -1 0
    outer loop
      vertex 20.9536 79.805 134.175
      vertex 23.104 79.805 132.671
      vertex 23.1306 79.805 132.941
    endloop
  endfacet
  facet normal 0 -1 0
    outer loop
      vertex 20.9536 79.805 134.175
      vertex 23.0125 79.805 132.369
      vertex 23.104 79.805 132.671
    endloop
  endfacet
  facet normal 0 -1 0
    outer loop
      vertex 20.7 79.805 131.6
      vertex 23.0125 79.805 132.369
      vertex 20.9536 79.805 134.175
    endloop
  endfacet
  facet normal 0 -1 0
    outer loop
      vertex 20.7 79.805 131.6
      vertex 22.7908 79.805 130.118
      vertex 23.0125 79.805 132.369
    endloop
  endfacet
  facet normal 0 -1 0
    outer loop
      vertex 20.7 79.805 131.6
      vertex 22.7908 79.805 20.4816
      vertex 22.7908 79.805 130.118
    endloop
  endfacet
  facet normal 0 -1 0
    outer loop
      vertex 20.7 79.805 18.4
      vertex 22.7908 79.805 20.4816
      vertex 20.7 79.805 131.6
    endloop
  endfacet
  facet normal 0 -1 0
    outer loop
      vertex 20.7 79.805 18.4
      vertex 23.0455 79.805 17.8961
      vertex 22.7908 79.805 20.4816
    endloop
  endfacet
  facet normal 0 -1 0
    outer loop
      vertex 20.7 79.805 18.4
      vertex 23.0494 79.805 17.8831
      vertex 23.0455 79.805 17.8961
    endloop
  endfacet
  facet normal 0 -1 0
    outer loop
      vertex 20.7 79.805 18.4
      vertex 23.1306 79.805 17.0589
      vertex 23.0494 79.805 17.8831
    endloop
  endfacet
  facet normal 0 -1 0
    outer loop
      vertex 20.9536 79.805 15.8248
      vertex 23.1306 79.805 17.0589
      vertex 20.7 79.805 18.4
    endloop
  endfacet
  facet normal 0 -1 0
    outer loop
      vertex 20.9536 79.805 15.8248
      vertex 23.8134 79.805 14.8078
      vertex 23.1306 79.805 17.0589
    endloop
  endfacet
  facet normal 0 -1 0
    outer loop
      vertex 21.7048 79.805 13.3486
      vertex 23.8134 79.805 14.8078
      vertex 20.9536 79.805 15.8248
    endloop
  endfacet
  facet normal 0 -1 0
    outer loop
      vertex 21.7048 79.805 13.3486
      vertex 24.9224 79.805 12.7332
      vertex 23.8134 79.805 14.8078
    endloop
  endfacet
  facet normal 0 -1 0
    outer loop
      vertex 22.9246 79.805 11.0665
      vertex 24.9224 79.805 12.7332
      vertex 21.7048 79.805 13.3486
    endloop
  endfacet
  facet normal 0 -1 0
    outer loop
      vertex 22.9246 79.805 11.0665
      vertex 26.4147 79.805 10.9147
      vertex 24.9224 79.805 12.7332
    endloop
  endfacet
  facet normal 0 -1 0
    outer loop
      vertex 24.5662 79.805 9.06619
      vertex 26.4147 79.805 10.9147
      vertex 22.9246 79.805 11.0665
    endloop
  endfacet
  facet normal 0 -1 0
    outer loop
      vertex 26.5665 79.805 7.42461
      vertex 26.4147 79.805 10.9147
      vertex 24.5662 79.805 9.06619
    endloop
  endfacet
  facet normal 0 -1 0
    outer loop
      vertex 26.4147 79.805 10.9147
      vertex 26.5665 79.805 7.42461
      vertex 28.2332 79.805 9.42238
    endloop
  endfacet
  facet normal 0 -1 0
    outer loop
      vertex 28.8486 79.805 6.2048
      vertex 28.2332 79.805 9.42238
      vertex 26.5665 79.805 7.42461
    endloop
  endfacet
  facet normal 0 -1 0
    outer loop
      vertex 33.9 79.805 5.20001
      vertex 32.5589 79.805 7.63058
      vertex 31.3248 79.805 5.45364
    endloop
  endfacet
  facet normal 0 -1 0
    outer loop
      vertex 28.2332 79.805 9.42238
      vertex 28.8486 79.805 6.2048
      vertex 30.3078 79.805 8.31345
    endloop
  endfacet
  facet normal 0 -1 0
    outer loop
      vertex 31.3248 79.805 5.45364
      vertex 30.3078 79.805 8.31345
      vertex 28.8486 79.805 6.2048
    endloop
  endfacet
  facet normal 0 -1 0
    outer loop
      vertex 30.3078 79.805 8.31345
      vertex 31.3248 79.805 5.45364
      vertex 32.5589 79.805 7.63058
    endloop
  endfacet
  facet normal 0 -1 0
    outer loop
      vertex 147.311 79.805 5.22081
      vertex 145.392 79.805 7.22881
      vertex 36.0436 79.805 7.22881
    endloop
  endfacet
  facet normal 0 -1 0
    outer loop
      vertex 32.5589 79.805 7.63058
      vertex 33.9 79.805 5.20001
      vertex 33.1722 79.805 7.57018
    endloop
  endfacet
  facet normal 0 -1 0
    outer loop
      vertex 33.1722 79.805 7.57018
      vertex 33.9 79.805 5.20001
      vertex 33.4581 79.805 7.48346
    endloop
  endfacet
  facet normal 0 -1 0
    outer loop
      vertex 147.688 79.805 5.22081
      vertex 145.392 79.805 7.22881
      vertex 147.311 79.805 5.22081
    endloop
  endfacet
  facet normal 0 -1 0
    outer loop
      vertex 33.4581 79.805 7.48346
      vertex 33.9 79.805 5.20001
      vertex 36.0436 79.805 7.22881
    endloop
  endfacet
  facet normal -0 -1 0
    outer loop
      vertex 150.274 79.805 5.47546
      vertex 145.392 79.805 7.22881
      vertex 147.688 79.805 5.22081
    endloop
  endfacet
  facet normal 0 -1 0
    outer loop
      vertex 145.392 79.805 7.22881
      vertex 150.274 79.805 5.47546
      vertex 152.76 79.805 6.22962
    endloop
  endfacet
  facet normal 0 -1 0
    outer loop
      vertex 147.688 79.805 145.379
      vertex 148.441 79.805 142.369
      vertex 150.274 79.805 145.125
    endloop
  endfacet
  facet normal 0 -1 0
    outer loop
      vertex 150.692 79.805 141.687
      vertex 150.274 79.805 145.125
      vertex 148.441 79.805 142.369
    endloop
  endfacet
  facet normal 0 -1 0
    outer loop
      vertex 147.688 79.805 145.379
      vertex 148.171 79.805 142.396
      vertex 148.441 79.805 142.369
    endloop
  endfacet
  facet normal 0 -1 0
    outer loop
      vertex 150.274 79.805 145.125
      vertex 150.692 79.805 141.687
      vertex 152.76 79.805 144.37
    endloop
  endfacet
  facet normal 0 -1 0
    outer loop
      vertex 152.767 79.805 140.578
      vertex 152.76 79.805 144.37
      vertex 150.692 79.805 141.687
    endloop
  endfacet
  facet normal 0 -1 0
    outer loop
      vertex 152.76 79.805 144.37
      vertex 152.767 79.805 140.578
      vertex 155.051 79.805 143.146
    endloop
  endfacet
  facet normal 0 -1 0
    outer loop
      vertex 154.585 79.805 139.085
      vertex 155.051 79.805 143.146
      vertex 152.767 79.805 140.578
    endloop
  endfacet
  facet normal 0 -1 -0
    outer loop
      vertex 155.051 79.805 143.146
      vertex 154.585 79.805 139.085
      vertex 157.06 79.805 141.498
    endloop
  endfacet
  facet normal 0 -1 -0
    outer loop
      vertex 157.06 79.805 141.498
      vertex 154.585 79.805 139.085
      vertex 158.708 79.805 139.489
    endloop
  endfacet
  facet normal 0 -1 0
    outer loop
      vertex 156.078 79.805 137.267
      vertex 158.708 79.805 139.489
      vertex 154.585 79.805 139.085
    endloop
  endfacet
  facet normal 0 -1 0
    outer loop
      vertex 156.078 79.805 137.267
      vertex 159.932 79.805 137.198
      vertex 158.708 79.805 139.489
    endloop
  endfacet
  facet normal 0 -1 0
    outer loop
      vertex 157.187 79.805 135.192
      vertex 159.932 79.805 137.198
      vertex 156.078 79.805 137.267
    endloop
  endfacet
  facet normal 0 -1 0
    outer loop
      vertex 157.187 79.805 135.192
      vertex 160.687 79.805 134.712
      vertex 159.932 79.805 137.198
    endloop
  endfacet
  facet normal 0 -1 0
    outer loop
      vertex 157.869 79.805 132.941
      vertex 160.687 79.805 134.712
      vertex 157.187 79.805 135.192
    endloop
  endfacet
  facet normal 0 -1 0
    outer loop
      vertex 160.941 79.805 132.126
      vertex 157.869 79.805 132.941
      vertex 157.896 79.805 132.671
    endloop
  endfacet
  facet normal 0 -1 0
    outer loop
      vertex 160.941 79.805 132.126
      vertex 157.896 79.805 132.671
      vertex 158.046 79.805 132.175
    endloop
  endfacet
  facet normal 0 -1 0
    outer loop
      vertex 157.869 79.805 132.941
      vertex 160.941 79.805 132.126
      vertex 160.687 79.805 134.712
    endloop
  endfacet
  facet normal 0 -1 0
    outer loop
      vertex 158.3 79.805 129.6
      vertex 160.941 79.805 132.126
      vertex 158.046 79.805 132.175
    endloop
  endfacet
  facet normal 0 -1 0
    outer loop
      vertex 160.941 79.805 18.4736
      vertex 158.3 79.805 129.6
      vertex 158.3 79.805 20.4
    endloop
  endfacet
  facet normal 0 -1 0
    outer loop
      vertex 158.3 79.805 129.6
      vertex 160.941 79.805 18.4736
      vertex 160.941 79.805 132.126
    endloop
  endfacet
  facet normal 0 -1 0
    outer loop
      vertex 158.046 79.805 17.8248
      vertex 160.941 79.805 18.4736
      vertex 158.3 79.805 20.4
    endloop
  endfacet
  facet normal 0 -1 0
    outer loop
      vertex 160.687 79.805 15.8881
      vertex 158.046 79.805 17.8248
      vertex 157.896 79.805 17.3293
    endloop
  endfacet
  facet normal 0 -1 0
    outer loop
      vertex 160.687 79.805 15.8881
      vertex 157.896 79.805 17.3293
      vertex 157.869 79.805 17.0589
    endloop
  endfacet
  facet normal 0 -1 0
    outer loop
      vertex 158.046 79.805 17.8248
      vertex 160.687 79.805 15.8881
      vertex 160.941 79.805 18.4736
    endloop
  endfacet
  facet normal 0 -1 0
    outer loop
      vertex 157.187 79.805 14.8078
      vertex 160.687 79.805 15.8881
      vertex 157.869 79.805 17.0589
    endloop
  endfacet
  facet normal 0 -1 0
    outer loop
      vertex 157.187 79.805 14.8078
      vertex 159.932 79.805 13.402
      vertex 160.687 79.805 15.8881
    endloop
  endfacet
  facet normal 0 -1 0
    outer loop
      vertex 156.078 79.805 12.7332
      vertex 159.932 79.805 13.402
      vertex 157.187 79.805 14.8078
    endloop
  endfacet
  facet normal 0 -1 0
    outer loop
      vertex 156.078 79.805 12.7332
      vertex 158.708 79.805 11.1107
      vertex 159.932 79.805 13.402
    endloop
  endfacet
  facet normal 0 -1 0
    outer loop
      vertex 157.06 79.805 9.10246
      vertex 156.078 79.805 12.7332
      vertex 154.585 79.805 10.9147
    endloop
  endfacet
  facet normal 0 -1 0
    outer loop
      vertex 155.051 79.805 7.4543
      vertex 154.585 79.805 10.9147
      vertex 152.767 79.805 9.42238
    endloop
  endfacet
  facet normal 0 -1 0
    outer loop
      vertex 156.078 79.805 12.7332
      vertex 157.06 79.805 9.10246
      vertex 158.708 79.805 11.1107
    endloop
  endfacet
  facet normal 0 -1 0
    outer loop
      vertex 152.76 79.805 6.22962
      vertex 152.767 79.805 9.42238
      vertex 150.692 79.805 8.31345
    endloop
  endfacet
  facet normal 0 -1 0
    outer loop
      vertex 152.76 79.805 6.22962
      vertex 150.692 79.805 8.31345
      vertex 148.441 79.805 7.63058
    endloop
  endfacet
  facet normal 0 -1 0
    outer loop
      vertex 154.585 79.805 10.9147
      vertex 155.051 79.805 7.4543
      vertex 157.06 79.805 9.10246
    endloop
  endfacet
  facet normal 0 -1 0
    outer loop
      vertex 147.675 79.805 7.45364
      vertex 148.441 79.805 7.63058
      vertex 148.171 79.805 7.60395
    endloop
  endfacet
  facet normal 0 -1 -0
    outer loop
      vertex 148.441 79.805 7.63058
      vertex 147.675 79.805 7.45364
      vertex 152.76 79.805 6.22962
    endloop
  endfacet
  facet normal 0 -1 0
    outer loop
      vertex 152.76 79.805 6.22962
      vertex 147.675 79.805 7.45364
      vertex 145.392 79.805 7.22881
    endloop
  endfacet
  facet normal 0 -1 -0
    outer loop
      vertex 152.767 79.805 9.42238
      vertex 152.76 79.805 6.22962
      vertex 155.051 79.805 7.4543
    endloop
  endfacet
  facet normal 0.956774 0 -0.290834
    outer loop
      vertex 20.9995 77.795 134.326
      vertex 20.9536 79.805 134.175
      vertex 20.9995 79.805 134.326
    endloop
  endfacet
  facet normal 0.956774 0 -0.290834
    outer loop
      vertex 20.9536 79.805 134.175
      vertex 20.9995 77.795 134.326
      vertex 20.9536 77.795 134.175
    endloop
  endfacet
  facet normal 0.995186 -0 0.0980037
    outer loop
      vertex 20.7 77.795 18.4
      vertex 20.9536 79.805 15.8248
      vertex 20.7 79.805 18.4
    endloop
  endfacet
  facet normal 0.995186 0 0.0980037
    outer loop
      vertex 20.9536 79.805 15.8248
      vertex 20.7 77.795 18.4
      vertex 20.9536 77.795 15.8248
    endloop
  endfacet
  facet normal 0.773013 -0 0.634391
    outer loop
      vertex 22.9246 77.795 11.0665
      vertex 24.5662 79.805 9.06619
      vertex 22.9246 79.805 11.0665
    endloop
  endfacet
  facet normal 0.773013 0 0.634391
    outer loop
      vertex 24.5662 79.805 9.06619
      vertex 22.9246 77.795 11.0665
      vertex 24.5662 77.795 9.06619
    endloop
  endfacet
  facet normal 0.471397 0 0.881921
    outer loop
      vertex 26.5665 79.805 7.42461
      vertex 28.8486 77.795 6.2048
      vertex 28.8486 79.805 6.2048
    endloop
  endfacet
  facet normal 0.471397 0 0.881921
    outer loop
      vertex 28.8486 77.795 6.2048
      vertex 26.5665 79.805 7.42461
      vertex 26.5665 77.795 7.42461
    endloop
  endfacet
  facet normal 0.957187 -0 0.289472
    outer loop
      vertex 157.896 77.795 132.671
      vertex 158.046 79.805 132.175
      vertex 157.896 79.805 132.671
    endloop
  endfacet
  facet normal 0.957187 0 0.289472
    outer loop
      vertex 158.046 79.805 132.175
      vertex 157.896 77.795 132.671
      vertex 158.046 77.795 132.175
    endloop
  endfacet
  facet normal 0.098006 0 -0.995186
    outer loop
      vertex 145.392 77.795 7.22881
      vertex 147.675 79.805 7.45364
      vertex 147.675 77.795 7.45364
    endloop
  endfacet
  facet normal 0.098006 0 -0.995186
    outer loop
      vertex 147.675 79.805 7.45364
      vertex 145.392 77.795 7.22881
      vertex 145.392 79.805 7.22881
    endloop
  endfacet
  facet normal -0 0 1
    outer loop
      vertex 35.9 79.805 142.8
      vertex 145.1 77.795 142.8
      vertex 145.1 79.805 142.8
    endloop
  endfacet
  facet normal 0 0 1
    outer loop
      vertex 145.1 77.795 142.8
      vertex 35.9 79.805 142.8
      vertex 35.9 77.795 142.8
    endloop
  endfacet
  facet normal 0.0981644 0 0.99517
    outer loop
      vertex 145.1 79.805 142.8
      vertex 147.675 77.795 142.546
      vertex 147.675 79.805 142.546
    endloop
  endfacet
  facet normal 0.0981644 0 0.99517
    outer loop
      vertex 147.675 77.795 142.546
      vertex 145.1 79.805 142.8
      vertex 145.1 77.795 142.8
    endloop
  endfacet
  facet normal 0.957106 0 -0.289739
    outer loop
      vertex 158.046 77.795 17.8248
      vertex 157.896 79.805 17.3293
      vertex 158.046 79.805 17.8248
    endloop
  endfacet
  facet normal 0.957106 0 -0.289739
    outer loop
      vertex 157.896 79.805 17.3293
      vertex 158.046 77.795 17.8248
      vertex 157.896 77.795 17.3293
    endloop
  endfacet
  facet normal 1 -0 0
    outer loop
      vertex 158.3 77.795 129.6
      vertex 158.3 79.805 20.4
      vertex 158.3 79.805 129.6
    endloop
  endfacet
  facet normal 1 0 0
    outer loop
      vertex 158.3 79.805 20.4
      vertex 158.3 77.795 129.6
      vertex 158.3 77.795 20.4
    endloop
  endfacet
  facet normal -0.289739 0 0.957106
    outer loop
      vertex 32.8293 79.805 142.396
      vertex 33.3248 77.795 142.546
      vertex 33.3248 79.805 142.546
    endloop
  endfacet
  facet normal -0.289739 0 0.957106
    outer loop
      vertex 33.3248 77.795 142.546
      vertex 32.8293 79.805 142.396
      vertex 32.8293 77.795 142.396
    endloop
  endfacet
  facet normal 0.99517 -0 0.0981644
    outer loop
      vertex 158.046 77.795 132.175
      vertex 158.3 79.805 129.6
      vertex 158.046 79.805 132.175
    endloop
  endfacet
  facet normal 0.99517 0 0.0981644
    outer loop
      vertex 158.3 79.805 129.6
      vertex 158.046 77.795 132.175
      vertex 158.3 77.795 129.6
    endloop
  endfacet
  facet normal -0.957038 0 0.289963
    outer loop
      vertex 23.0125 77.795 132.369
      vertex 23.104 79.805 132.671
      vertex 23.0125 79.805 132.369
    endloop
  endfacet
  facet normal -0.957038 0 0.289963
    outer loop
      vertex 23.104 79.805 132.671
      vertex 23.0125 77.795 132.369
      vertex 23.104 77.795 132.671
    endloop
  endfacet
  facet normal 0.29002 0 -0.957021
    outer loop
      vertex 147.675 77.795 7.45364
      vertex 148.171 79.805 7.60395
      vertex 148.171 77.795 7.60395
    endloop
  endfacet
  facet normal 0.29002 0 -0.957021
    outer loop
      vertex 148.171 79.805 7.60395
      vertex 147.675 77.795 7.45364
      vertex 147.675 79.805 7.45364
    endloop
  endfacet
  facet normal -0.0981568 0 0.995171
    outer loop
      vertex 33.3248 79.805 142.546
      vertex 35.9 77.795 142.8
      vertex 35.9 79.805 142.8
    endloop
  endfacet
  facet normal -0.0981568 0 0.995171
    outer loop
      vertex 35.9 77.795 142.8
      vertex 33.3248 79.805 142.546
      vertex 33.3248 77.795 142.546
    endloop
  endfacet
  facet normal 0.995171 0 -0.0981568
    outer loop
      vertex 158.3 77.795 20.4
      vertex 158.046 79.805 17.8248
      vertex 158.3 79.805 20.4
    endloop
  endfacet
  facet normal 0.995171 0 -0.0981568
    outer loop
      vertex 158.046 79.805 17.8248
      vertex 158.3 77.795 20.4
      vertex 158.046 77.795 17.8248
    endloop
  endfacet
  facet normal 0.289472 0 0.957187
    outer loop
      vertex 147.675 79.805 142.546
      vertex 148.171 77.795 142.396
      vertex 148.171 79.805 142.396
    endloop
  endfacet
  facet normal 0.289472 0 0.957187
    outer loop
      vertex 148.171 77.795 142.396
      vertex 147.675 79.805 142.546
      vertex 147.675 77.795 142.546
    endloop
  endfacet
  facet normal -0.471228 0 -0.882012
    outer loop
      vertex 152.76 77.795 144.37
      vertex 155.051 79.805 143.146
      vertex 155.051 77.795 143.146
    endloop
  endfacet
  facet normal -0.471228 0 -0.882012
    outer loop
      vertex 155.051 79.805 143.146
      vertex 152.76 77.795 144.37
      vertex 152.76 79.805 144.37
    endloop
  endfacet
  facet normal -0.956846 0 -0.290595
    outer loop
      vertex 160.687 77.795 134.712
      vertex 159.932 79.805 137.198
      vertex 160.687 79.805 134.712
    endloop
  endfacet
  facet normal -0.956846 -0 -0.290595
    outer loop
      vertex 159.932 79.805 137.198
      vertex 160.687 77.795 134.712
      vertex 159.932 77.795 137.198
    endloop
  endfacet
  facet normal -0.0979986 0 0.995187
    outer loop
      vertex 147.688 79.805 5.22081
      vertex 150.274 77.795 5.47546
      vertex 150.274 79.805 5.47546
    endloop
  endfacet
  facet normal -0.0979986 0 0.995187
    outer loop
      vertex 150.274 77.795 5.47546
      vertex 147.688 79.805 5.22081
      vertex 147.688 77.795 5.22081
    endloop
  endfacet
  facet normal -0.773151 0 -0.634222
    outer loop
      vertex 158.708 77.795 139.489
      vertex 157.06 79.805 141.498
      vertex 158.708 79.805 139.489
    endloop
  endfacet
  facet normal -0.773151 -0 -0.634222
    outer loop
      vertex 157.06 79.805 141.498
      vertex 158.708 77.795 139.489
      vertex 157.06 77.795 141.498
    endloop
  endfacet
  facet normal 0.995189 0 -0.097972
    outer loop
      vertex 21.0375 77.795 134.712
      vertex 20.9995 79.805 134.326
      vertex 21.0375 79.805 134.712
    endloop
  endfacet
  facet normal 0.995189 0 -0.097972
    outer loop
      vertex 20.9995 79.805 134.326
      vertex 21.0375 77.795 134.712
      vertex 20.9995 77.795 134.326
    endloop
  endfacet
  facet normal 0.8819 0 -0.471437
    outer loop
      vertex 23.0163 77.795 139.489
      vertex 21.7916 79.805 137.198
      vertex 23.0163 79.805 139.489
    endloop
  endfacet
  facet normal 0.8819 0 -0.471437
    outer loop
      vertex 21.7916 79.805 137.198
      vertex 23.0163 77.795 139.489
      vertex 21.7916 77.795 137.198
    endloop
  endfacet
  facet normal 0 0 -1
    outer loop
      vertex 34.0356 77.795 145.379
      vertex 147.688 79.805 145.379
      vertex 147.688 77.795 145.379
    endloop
  endfacet
  facet normal -0 0 -1
    outer loop
      vertex 147.688 79.805 145.379
      vertex 34.0356 77.795 145.379
      vertex 34.0356 79.805 145.379
    endloop
  endfacet
  facet normal -0.471431 0 0.881903
    outer loop
      vertex 152.76 79.805 6.22962
      vertex 155.051 77.795 7.4543
      vertex 155.051 79.805 7.4543
    endloop
  endfacet
  facet normal -0.471431 0 0.881903
    outer loop
      vertex 155.051 77.795 7.4543
      vertex 152.76 79.805 6.22962
      vertex 152.76 77.795 6.22962
    endloop
  endfacet
  facet normal -0.634259 0 0.773121
    outer loop
      vertex 155.051 79.805 7.4543
      vertex 157.06 77.795 9.10246
      vertex 157.06 79.805 9.10246
    endloop
  endfacet
  facet normal -0.634259 0 0.773121
    outer loop
      vertex 157.06 77.795 9.10246
      vertex 155.051 79.805 7.4543
      vertex 155.051 77.795 7.4543
    endloop
  endfacet
  facet normal -0.0977508 0 -0.995211
    outer loop
      vertex 147.688 77.795 145.379
      vertex 150.274 79.805 145.125
      vertex 150.274 77.795 145.125
    endloop
  endfacet
  facet normal -0.0977508 0 -0.995211
    outer loop
      vertex 150.274 79.805 145.125
      vertex 147.688 77.795 145.379
      vertex 147.688 79.805 145.379
    endloop
  endfacet
  facet normal -0 0 1
    outer loop
      vertex 147.311 79.805 5.22081
      vertex 147.688 77.795 5.22081
      vertex 147.688 79.805 5.22081
    endloop
  endfacet
  facet normal 0 0 1
    outer loop
      vertex 147.688 77.795 5.22081
      vertex 147.311 79.805 5.22081
      vertex 147.311 77.795 5.22081
    endloop
  endfacet
  facet normal -0.956849 0 0.290584
    outer loop
      vertex 159.932 77.795 13.402
      vertex 160.687 79.805 15.8881
      vertex 159.932 79.805 13.402
    endloop
  endfacet
  facet normal -0.956849 0 0.290584
    outer loop
      vertex 160.687 79.805 15.8881
      vertex 159.932 77.795 13.402
      vertex 160.687 77.795 15.8881
    endloop
  endfacet
  facet normal -1 0 0
    outer loop
      vertex 160.941 77.795 18.4736
      vertex 160.941 79.805 132.126
      vertex 160.941 79.805 18.4736
    endloop
  endfacet
  facet normal -1 -0 0
    outer loop
      vertex 160.941 79.805 132.126
      vertex 160.941 77.795 18.4736
      vertex 160.941 77.795 132.126
    endloop
  endfacet
  facet normal 0.290584 0 -0.956849
    outer loop
      vertex 28.964 77.795 144.37
      vertex 31.4501 79.805 145.125
      vertex 31.4501 77.795 145.125
    endloop
  endfacet
  facet normal 0.290584 0 -0.956849
    outer loop
      vertex 31.4501 79.805 145.125
      vertex 28.964 77.795 144.37
      vertex 28.964 79.805 144.37
    endloop
  endfacet
  facet normal 0.773113 0 -0.634268
    outer loop
      vertex 24.6645 77.795 141.498
      vertex 23.0163 79.805 139.489
      vertex 24.6645 79.805 141.498
    endloop
  endfacet
  facet normal 0.773113 0 -0.634268
    outer loop
      vertex 23.0163 79.805 139.489
      vertex 24.6645 77.795 141.498
      vertex 23.0163 77.795 139.489
    endloop
  endfacet
  facet normal -0.773033 0 0.634366
    outer loop
      vertex 157.06 77.795 9.10246
      vertex 158.708 79.805 11.1107
      vertex 157.06 79.805 9.10246
    endloop
  endfacet
  facet normal -0.773033 0 0.634366
    outer loop
      vertex 158.708 79.805 11.1107
      vertex 157.06 77.795 9.10246
      vertex 158.708 77.795 11.1107
    endloop
  endfacet
  facet normal -0.882012 0 -0.471228
    outer loop
      vertex 159.932 77.795 137.198
      vertex 158.708 79.805 139.489
      vertex 159.932 79.805 137.198
    endloop
  endfacet
  facet normal -0.882012 -0 -0.471228
    outer loop
      vertex 158.708 79.805 139.489
      vertex 159.932 77.795 137.198
      vertex 158.708 77.795 139.489
    endloop
  endfacet
  facet normal 0.47118 0 -0.882037
    outer loop
      vertex 26.6727 77.795 143.146
      vertex 28.964 79.805 144.37
      vertex 28.964 77.795 144.37
    endloop
  endfacet
  facet normal 0.47118 0 -0.882037
    outer loop
      vertex 28.964 79.805 144.37
      vertex 26.6727 77.795 143.146
      vertex 26.6727 79.805 143.146
    endloop
  endfacet
  facet normal 0.634373 0 -0.773027
    outer loop
      vertex 24.6645 77.795 141.498
      vertex 26.6727 79.805 143.146
      vertex 26.6727 77.795 143.146
    endloop
  endfacet
  facet normal 0.634373 0 -0.773027
    outer loop
      vertex 26.6727 79.805 143.146
      vertex 24.6645 77.795 141.498
      vertex 24.6645 79.805 141.498
    endloop
  endfacet
  facet normal -0.995211 0 -0.0977508
    outer loop
      vertex 160.941 77.795 132.126
      vertex 160.687 79.805 134.712
      vertex 160.941 79.805 132.126
    endloop
  endfacet
  facet normal -0.995211 -0 -0.0977508
    outer loop
      vertex 160.687 79.805 134.712
      vertex 160.941 77.795 132.126
      vertex 160.687 77.795 134.712
    endloop
  endfacet
  facet normal 0.956942 0 -0.290278
    outer loop
      vertex 21.7916 77.795 137.198
      vertex 21.0375 79.805 134.712
      vertex 21.7916 79.805 137.198
    endloop
  endfacet
  facet normal 0.956942 0 -0.290278
    outer loop
      vertex 21.0375 79.805 134.712
      vertex 21.7916 77.795 137.198
      vertex 21.0375 77.795 134.712
    endloop
  endfacet
  facet normal -0.882037 0 0.47118
    outer loop
      vertex 158.708 77.795 11.1107
      vertex 159.932 79.805 13.402
      vertex 158.708 79.805 11.1107
    endloop
  endfacet
  facet normal -0.882037 0 0.47118
    outer loop
      vertex 159.932 79.805 13.402
      vertex 158.708 77.795 11.1107
      vertex 159.932 77.795 13.402
    endloop
  endfacet
  facet normal -0.290299 0 0.956936
    outer loop
      vertex 150.274 79.805 5.47546
      vertex 152.76 77.795 6.22962
      vertex 152.76 79.805 6.22962
    endloop
  endfacet
  facet normal -0.290299 0 0.956936
    outer loop
      vertex 152.76 77.795 6.22962
      vertex 150.274 79.805 5.47546
      vertex 150.274 77.795 5.47546
    endloop
  endfacet
  facet normal 0.0977695 0 -0.995209
    outer loop
      vertex 31.4501 77.795 145.125
      vertex 34.0356 79.805 145.379
      vertex 34.0356 77.795 145.379
    endloop
  endfacet
  facet normal 0.0977695 0 -0.995209
    outer loop
      vertex 34.0356 79.805 145.379
      vertex 31.4501 77.795 145.125
      vertex 31.4501 79.805 145.125
    endloop
  endfacet
  facet normal -0.995209 0 0.0977695
    outer loop
      vertex 160.687 77.795 15.8881
      vertex 160.941 79.805 18.4736
      vertex 160.687 79.805 15.8881
    endloop
  endfacet
  facet normal -0.995209 0 0.0977695
    outer loop
      vertex 160.941 79.805 18.4736
      vertex 160.687 77.795 15.8881
      vertex 160.941 77.795 18.4736
    endloop
  endfacet
  facet normal -0.634222 0 -0.773151
    outer loop
      vertex 155.051 77.795 143.146
      vertex 157.06 79.805 141.498
      vertex 157.06 77.795 141.498
    endloop
  endfacet
  facet normal -0.634222 0 -0.773151
    outer loop
      vertex 157.06 79.805 141.498
      vertex 155.051 77.795 143.146
      vertex 155.051 79.805 143.146
    endloop
  endfacet
  facet normal -0.290595 0 -0.956846
    outer loop
      vertex 150.274 77.795 145.125
      vertex 152.76 79.805 144.37
      vertex 152.76 77.795 144.37
    endloop
  endfacet
  facet normal -0.290595 0 -0.956846
    outer loop
      vertex 152.76 79.805 144.37
      vertex 150.274 77.795 145.125
      vertex 150.274 79.805 145.125
    endloop
  endfacet
  facet normal -0.957826 0 -0.287348
    outer loop
      vertex 23.0494 77.795 17.8831
      vertex 23.0455 79.805 17.8961
      vertex 23.0494 79.805 17.8831
    endloop
  endfacet
  facet normal -0.957826 -0 -0.287348
    outer loop
      vertex 23.0455 79.805 17.8961
      vertex 23.0494 77.795 17.8831
      vertex 23.0455 77.795 17.8961
    endloop
  endfacet
  facet normal -0.995185 0 0.0980153
    outer loop
      vertex 22.7908 77.795 130.118
      vertex 23.0125 79.805 132.369
      vertex 22.7908 79.805 130.118
    endloop
  endfacet
  facet normal -0.995185 0 0.0980153
    outer loop
      vertex 23.0125 79.805 132.369
      vertex 22.7908 77.795 130.118
      vertex 23.0125 77.795 132.369
    endloop
  endfacet
  facet normal 0 0 -1
    outer loop
      vertex 36.0436 77.795 7.22881
      vertex 145.392 79.805 7.22881
      vertex 145.392 77.795 7.22881
    endloop
  endfacet
  facet normal -0 0 -1
    outer loop
      vertex 145.392 79.805 7.22881
      vertex 36.0436 77.795 7.22881
      vertex 36.0436 79.805 7.22881
    endloop
  endfacet
  facet normal -0.0980173 0 -0.995185
    outer loop
      vertex 33.4581 77.795 7.48346
      vertex 36.0436 79.805 7.22881
      vertex 36.0436 77.795 7.22881
    endloop
  endfacet
  facet normal -0.0980173 0 -0.995185
    outer loop
      vertex 36.0436 79.805 7.22881
      vertex 33.4581 77.795 7.48346
      vertex 33.4581 79.805 7.48346
    endloop
  endfacet
  facet normal -0.290264 0 -0.956947
    outer loop
      vertex 33.1722 77.795 7.57018
      vertex 33.4581 79.805 7.48346
      vertex 33.4581 77.795 7.48346
    endloop
  endfacet
  facet normal -0.290264 0 -0.956947
    outer loop
      vertex 33.4581 79.805 7.48346
      vertex 33.1722 77.795 7.57018
      vertex 33.1722 79.805 7.57018
    endloop
  endfacet
  facet normal -1 0 0
    outer loop
      vertex 22.7908 77.795 20.4816
      vertex 22.7908 79.805 130.118
      vertex 22.7908 79.805 20.4816
    endloop
  endfacet
  facet normal -1 -0 0
    outer loop
      vertex 22.7908 79.805 130.118
      vertex 22.7908 77.795 20.4816
      vertex 22.7908 77.795 130.118
    endloop
  endfacet
  facet normal -0.995183 0 -0.0980364
    outer loop
      vertex 23.0455 77.795 17.8961
      vertex 22.7908 79.805 20.4816
      vertex 23.0455 79.805 17.8961
    endloop
  endfacet
  facet normal -0.995183 -0 -0.0980364
    outer loop
      vertex 22.7908 79.805 20.4816
      vertex 23.0455 77.795 17.8961
      vertex 22.7908 77.795 20.4816
    endloop
  endfacet
endsolid OpenSCAD_Model
