solid OpenSCAD_Model
  facet normal 0.130591 0.991436 -0
    outer loop
      vertex 20.5 15.5 0
      vertex 19.9177 15.5767 2.5
      vertex 20.5 15.5 2.5
    endloop
  endfacet
  facet normal 0.130591 0.991436 0
    outer loop
      vertex 19.9177 15.5767 2.5
      vertex 20.5 15.5 0
      vertex 19.9177 15.5767 0
    endloop
  endfacet
  facet normal 1 -0 0
    outer loop
      vertex 18.25 17.75 2.5
      vertex 18.25 23.25 0
      vertex 18.25 23.25 2.5
    endloop
  endfacet
  facet normal 1 0 0
    outer loop
      vertex 18.25 23.25 0
      vertex 18.25 17.75 2.5
      vertex 18.25 17.75 0
    endloop
  endfacet
  facet normal 0.130591 -0.991436 0
    outer loop
      vertex 19.9177 25.4233 0
      vertex 20.5 25.5 2.5
      vertex 19.9177 25.4233 2.5
    endloop
  endfacet
  facet normal 0.130591 -0.991436 0
    outer loop
      vertex 20.5 25.5 2.5
      vertex 19.9177 25.4233 0
      vertex 20.5 25.5 0
    endloop
  endfacet
  facet normal -0.130591 -0.991436 0
    outer loop
      vertex 20.5 25.5 0
      vertex 21.0823 25.4233 2.5
      vertex 20.5 25.5 2.5
    endloop
  endfacet
  facet normal -0.130591 -0.991436 -0
    outer loop
      vertex 21.0823 25.4233 2.5
      vertex 20.5 25.5 0
      vertex 21.0823 25.4233 0
    endloop
  endfacet
  facet normal 0.793414 0.608682 0
    outer loop
      vertex 18.909 16.159 2.5
      vertex 18.5515 16.625 0
      vertex 18.5515 16.625 2.5
    endloop
  endfacet
  facet normal 0.793414 0.608682 0
    outer loop
      vertex 18.5515 16.625 0
      vertex 18.909 16.159 2.5
      vertex 18.909 16.159 0
    endloop
  endfacet
  facet normal -0.608682 -0.793414 0
    outer loop
      vertex 21.625 25.1985 0
      vertex 22.091 24.841 2.5
      vertex 21.625 25.1985 2.5
    endloop
  endfacet
  facet normal -0.608682 -0.793414 -0
    outer loop
      vertex 22.091 24.841 2.5
      vertex 21.625 25.1985 0
      vertex 22.091 24.841 0
    endloop
  endfacet
  facet normal -0.991436 0.130591 0
    outer loop
      vertex 22.6733 17.1677 0
      vertex 22.75 17.75 2.5
      vertex 22.75 17.75 0
    endloop
  endfacet
  facet normal -0.991436 0.130591 0
    outer loop
      vertex 22.75 17.75 2.5
      vertex 22.6733 17.1677 0
      vertex 22.6733 17.1677 2.5
    endloop
  endfacet
  facet normal -0.382693 -0.923876 0
    outer loop
      vertex 21.0823 25.4233 0
      vertex 21.625 25.1985 2.5
      vertex 21.0823 25.4233 2.5
    endloop
  endfacet
  facet normal -0.382693 -0.923876 -0
    outer loop
      vertex 21.625 25.1985 2.5
      vertex 21.0823 25.4233 0
      vertex 21.625 25.1985 0
    endloop
  endfacet
  facet normal 0.991436 0.130591 0
    outer loop
      vertex 18.3267 17.1677 2.5
      vertex 18.25 17.75 0
      vertex 18.25 17.75 2.5
    endloop
  endfacet
  facet normal 0.991436 0.130591 0
    outer loop
      vertex 18.25 17.75 0
      vertex 18.3267 17.1677 2.5
      vertex 18.3267 17.1677 0
    endloop
  endfacet
  facet normal -0.991436 -0.130591 0
    outer loop
      vertex 22.75 23.25 0
      vertex 22.6733 23.8323 2.5
      vertex 22.6733 23.8323 0
    endloop
  endfacet
  facet normal -0.991436 -0.130591 0
    outer loop
      vertex 22.6733 23.8323 2.5
      vertex 22.75 23.25 0
      vertex 22.75 23.25 2.5
    endloop
  endfacet
  facet normal 0.793414 -0.608682 0
    outer loop
      vertex 18.5515 24.375 2.5
      vertex 18.909 24.841 0
      vertex 18.909 24.841 2.5
    endloop
  endfacet
  facet normal 0.793414 -0.608682 0
    outer loop
      vertex 18.909 24.841 0
      vertex 18.5515 24.375 2.5
      vertex 18.5515 24.375 0
    endloop
  endfacet
  facet normal -0.793414 -0.608682 0
    outer loop
      vertex 22.4485 24.375 0
      vertex 22.091 24.841 2.5
      vertex 22.091 24.841 0
    endloop
  endfacet
  facet normal -0.793414 -0.608682 0
    outer loop
      vertex 22.091 24.841 2.5
      vertex 22.4485 24.375 0
      vertex 22.4485 24.375 2.5
    endloop
  endfacet
  facet normal 0.382693 -0.923876 0
    outer loop
      vertex 19.375 25.1985 0
      vertex 19.9177 25.4233 2.5
      vertex 19.375 25.1985 2.5
    endloop
  endfacet
  facet normal 0.382693 -0.923876 0
    outer loop
      vertex 19.9177 25.4233 2.5
      vertex 19.375 25.1985 0
      vertex 19.9177 25.4233 0
    endloop
  endfacet
  facet normal -1 0 0
    outer loop
      vertex 22.75 17.75 0
      vertex 22.75 23.25 2.5
      vertex 22.75 23.25 0
    endloop
  endfacet
  facet normal -1 -0 0
    outer loop
      vertex 22.75 23.25 2.5
      vertex 22.75 17.75 0
      vertex 22.75 17.75 2.5
    endloop
  endfacet
  facet normal -0.608682 0.793414 0
    outer loop
      vertex 22.091 16.159 0
      vertex 21.625 15.8015 2.5
      vertex 22.091 16.159 2.5
    endloop
  endfacet
  facet normal -0.608682 0.793414 0
    outer loop
      vertex 21.625 15.8015 2.5
      vertex 22.091 16.159 0
      vertex 21.625 15.8015 0
    endloop
  endfacet
  facet normal 0.382693 0.923876 -0
    outer loop
      vertex 19.9177 15.5767 0
      vertex 19.375 15.8015 2.5
      vertex 19.9177 15.5767 2.5
    endloop
  endfacet
  facet normal 0.382693 0.923876 0
    outer loop
      vertex 19.375 15.8015 2.5
      vertex 19.9177 15.5767 0
      vertex 19.375 15.8015 0
    endloop
  endfacet
  facet normal 0.923876 0.382693 0
    outer loop
      vertex 18.5515 16.625 2.5
      vertex 18.3267 17.1677 0
      vertex 18.3267 17.1677 2.5
    endloop
  endfacet
  facet normal 0.923876 0.382693 0
    outer loop
      vertex 18.3267 17.1677 0
      vertex 18.5515 16.625 2.5
      vertex 18.5515 16.625 0
    endloop
  endfacet
  facet normal 0.608682 -0.793414 0
    outer loop
      vertex 18.909 24.841 0
      vertex 19.375 25.1985 2.5
      vertex 18.909 24.841 2.5
    endloop
  endfacet
  facet normal 0.608682 -0.793414 0
    outer loop
      vertex 19.375 25.1985 2.5
      vertex 18.909 24.841 0
      vertex 19.375 25.1985 0
    endloop
  endfacet
  facet normal 0.991436 -0.130591 0
    outer loop
      vertex 18.25 23.25 2.5
      vertex 18.3267 23.8323 0
      vertex 18.3267 23.8323 2.5
    endloop
  endfacet
  facet normal 0.991436 -0.130591 0
    outer loop
      vertex 18.3267 23.8323 0
      vertex 18.25 23.25 2.5
      vertex 18.25 23.25 0
    endloop
  endfacet
  facet normal -0.923876 0.382693 0
    outer loop
      vertex 22.4485 16.625 0
      vertex 22.6733 17.1677 2.5
      vertex 22.6733 17.1677 0
    endloop
  endfacet
  facet normal -0.923876 0.382693 0
    outer loop
      vertex 22.6733 17.1677 2.5
      vertex 22.4485 16.625 0
      vertex 22.4485 16.625 2.5
    endloop
  endfacet
  facet normal 0.608682 0.793414 -0
    outer loop
      vertex 19.375 15.8015 0
      vertex 18.909 16.159 2.5
      vertex 19.375 15.8015 2.5
    endloop
  endfacet
  facet normal 0.608682 0.793414 0
    outer loop
      vertex 18.909 16.159 2.5
      vertex 19.375 15.8015 0
      vertex 18.909 16.159 0
    endloop
  endfacet
  facet normal -0.923876 -0.382693 0
    outer loop
      vertex 22.6733 23.8323 0
      vertex 22.4485 24.375 2.5
      vertex 22.4485 24.375 0
    endloop
  endfacet
  facet normal -0.923876 -0.382693 0
    outer loop
      vertex 22.4485 24.375 2.5
      vertex 22.6733 23.8323 0
      vertex 22.6733 23.8323 2.5
    endloop
  endfacet
  facet normal 0.923876 -0.382693 0
    outer loop
      vertex 18.3267 23.8323 2.5
      vertex 18.5515 24.375 0
      vertex 18.5515 24.375 2.5
    endloop
  endfacet
  facet normal 0.923876 -0.382693 0
    outer loop
      vertex 18.5515 24.375 0
      vertex 18.3267 23.8323 2.5
      vertex 18.3267 23.8323 0
    endloop
  endfacet
  facet normal -0.382693 0.923876 0
    outer loop
      vertex 21.625 15.8015 0
      vertex 21.0823 15.5767 2.5
      vertex 21.625 15.8015 2.5
    endloop
  endfacet
  facet normal -0.382693 0.923876 0
    outer loop
      vertex 21.0823 15.5767 2.5
      vertex 21.625 15.8015 0
      vertex 21.0823 15.5767 0
    endloop
  endfacet
  facet normal -0.793414 0.608682 0
    outer loop
      vertex 22.091 16.159 0
      vertex 22.4485 16.625 2.5
      vertex 22.4485 16.625 0
    endloop
  endfacet
  facet normal -0.793414 0.608682 0
    outer loop
      vertex 22.4485 16.625 2.5
      vertex 22.091 16.159 0
      vertex 22.091 16.159 2.5
    endloop
  endfacet
  facet normal -0.130591 0.991436 0
    outer loop
      vertex 21.0823 15.5767 0
      vertex 20.5 15.5 2.5
      vertex 21.0823 15.5767 2.5
    endloop
  endfacet
  facet normal -0.130591 0.991436 0
    outer loop
      vertex 20.5 15.5 2.5
      vertex 21.0823 15.5767 0
      vertex 20.5 15.5 0
    endloop
  endfacet
  facet normal 0.130496 0.991449 -0
    outer loop
      vertex 20.5 13.25 2.5
      vertex 19.3353 13.4033 5
      vertex 20.5 13.25 5
    endloop
  endfacet
  facet normal 0.130496 0.991449 0
    outer loop
      vertex 19.3353 13.4033 5
      vertex 20.5 13.25 2.5
      vertex 19.3353 13.4033 2.5
    endloop
  endfacet
  facet normal 0.923863 -0.382723 0
    outer loop
      vertex 16.1533 24.4147 5
      vertex 16.6029 25.5 2.5
      vertex 16.6029 25.5 5
    endloop
  endfacet
  facet normal 0.923863 -0.382723 0
    outer loop
      vertex 16.6029 25.5 2.5
      vertex 16.1533 24.4147 5
      vertex 16.1533 24.4147 2.5
    endloop
  endfacet
  facet normal -0.130496 -0.991449 0
    outer loop
      vertex 20.5 27.75 2.5
      vertex 21.6647 27.5967 5
      vertex 20.5 27.75 5
    endloop
  endfacet
  facet normal -0.130496 -0.991449 -0
    outer loop
      vertex 21.6647 27.5967 5
      vertex 20.5 27.75 2.5
      vertex 21.6647 27.5967 2.5
    endloop
  endfacet
  facet normal -0.382723 -0.923863 0
    outer loop
      vertex 21.6647 27.5967 2.5
      vertex 22.75 27.1471 5
      vertex 21.6647 27.5967 5
    endloop
  endfacet
  facet normal -0.382723 -0.923863 -0
    outer loop
      vertex 22.75 27.1471 5
      vertex 21.6647 27.5967 2.5
      vertex 22.75 27.1471 2.5
    endloop
  endfacet
  facet normal 0.608735 -0.793373 0
    outer loop
      vertex 17.318 26.432 2.5
      vertex 18.25 27.1471 5
      vertex 17.318 26.432 5
    endloop
  endfacet
  facet normal 0.608735 -0.793373 0
    outer loop
      vertex 18.25 27.1471 5
      vertex 17.318 26.432 2.5
      vertex 18.25 27.1471 2.5
    endloop
  endfacet
  facet normal 1 -0 0
    outer loop
      vertex 16 17.75 5
      vertex 16 23.25 2.5
      vertex 16 23.25 5
    endloop
  endfacet
  facet normal 1 0 0
    outer loop
      vertex 16 23.25 2.5
      vertex 16 17.75 5
      vertex 16 17.75 2.5
    endloop
  endfacet
  facet normal 0.793373 0.608735 0
    outer loop
      vertex 17.318 14.568 5
      vertex 16.6029 15.5 2.5
      vertex 16.6029 15.5 5
    endloop
  endfacet
  facet normal 0.793373 0.608735 0
    outer loop
      vertex 16.6029 15.5 2.5
      vertex 17.318 14.568 5
      vertex 17.318 14.568 2.5
    endloop
  endfacet
  facet normal -0.608735 -0.793373 0
    outer loop
      vertex 22.75 27.1471 2.5
      vertex 23.682 26.432 5
      vertex 22.75 27.1471 5
    endloop
  endfacet
  facet normal -0.608735 -0.793373 -0
    outer loop
      vertex 23.682 26.432 5
      vertex 22.75 27.1471 2.5
      vertex 23.682 26.432 2.5
    endloop
  endfacet
  facet normal 0.923863 0.382723 0
    outer loop
      vertex 16.6029 15.5 5
      vertex 16.1533 16.5853 2.5
      vertex 16.1533 16.5853 5
    endloop
  endfacet
  facet normal 0.923863 0.382723 0
    outer loop
      vertex 16.1533 16.5853 2.5
      vertex 16.6029 15.5 5
      vertex 16.6029 15.5 2.5
    endloop
  endfacet
  facet normal 0.130496 -0.991449 0
    outer loop
      vertex 19.3353 27.5967 2.5
      vertex 20.5 27.75 5
      vertex 19.3353 27.5967 5
    endloop
  endfacet
  facet normal 0.130496 -0.991449 0
    outer loop
      vertex 20.5 27.75 5
      vertex 19.3353 27.5967 2.5
      vertex 20.5 27.75 2.5
    endloop
  endfacet
  facet normal -0.793373 -0.608735 0
    outer loop
      vertex 24.3971 25.5 2.5
      vertex 23.682 26.432 5
      vertex 23.682 26.432 2.5
    endloop
  endfacet
  facet normal -0.793373 -0.608735 0
    outer loop
      vertex 23.682 26.432 5
      vertex 24.3971 25.5 2.5
      vertex 24.3971 25.5 5
    endloop
  endfacet
  facet normal -0.991449 -0.130496 0
    outer loop
      vertex 25 23.25 2.5
      vertex 24.8467 24.4147 5
      vertex 24.8467 24.4147 2.5
    endloop
  endfacet
  facet normal -0.991449 -0.130496 0
    outer loop
      vertex 24.8467 24.4147 5
      vertex 25 23.25 2.5
      vertex 25 23.25 5
    endloop
  endfacet
  facet normal 0.382723 -0.923863 0
    outer loop
      vertex 18.25 27.1471 2.5
      vertex 19.3353 27.5967 5
      vertex 18.25 27.1471 5
    endloop
  endfacet
  facet normal 0.382723 -0.923863 0
    outer loop
      vertex 19.3353 27.5967 5
      vertex 18.25 27.1471 2.5
      vertex 19.3353 27.5967 2.5
    endloop
  endfacet
  facet normal 0.991449 -0.130496 0
    outer loop
      vertex 16 23.25 5
      vertex 16.1533 24.4147 2.5
      vertex 16.1533 24.4147 5
    endloop
  endfacet
  facet normal 0.991449 -0.130496 0
    outer loop
      vertex 16.1533 24.4147 2.5
      vertex 16 23.25 5
      vertex 16 23.25 2.5
    endloop
  endfacet
  facet normal -1 0 0
    outer loop
      vertex 25 23.25 2.5
      vertex 25 17.75 2.5
      vertex 25 23.25 5
    endloop
  endfacet
  facet normal -1 0 0
    outer loop
      vertex 25 143.25 2.5
      vertex 25 137.75 2.5
      vertex 25 143.25 5
    endloop
  endfacet
  facet normal -1 0 0
    outer loop
      vertex 25 143.25 5
      vertex 25 147 49
      vertex 25 147 5
    endloop
  endfacet
  facet normal -1 0 0
    outer loop
      vertex 25 137.75 5
      vertex 25 143.25 5
      vertex 25 137.75 2.5
    endloop
  endfacet
  facet normal -1 0 0
    outer loop
      vertex 25 143.25 5
      vertex 25 137.75 5
      vertex 25 147 49
    endloop
  endfacet
  facet normal -1 0 0
    outer loop
      vertex 25 23.25 5
      vertex 25 147 49
      vertex 25 137.75 5
    endloop
  endfacet
  facet normal -1 0 0
    outer loop
      vertex 25 17.75 5
      vertex 25 23.25 5
      vertex 25 17.75 2.5
    endloop
  endfacet
  facet normal -1 0 0
    outer loop
      vertex 25 14 49
      vertex 25 23.25 5
      vertex 25 17.75 5
    endloop
  endfacet
  facet normal -1 0 0
    outer loop
      vertex 25 14 49
      vertex 25 17.75 5
      vertex 25 14 5
    endloop
  endfacet
  facet normal -1 0 0
    outer loop
      vertex 25 23.25 5
      vertex 25 14 49
      vertex 25 147 49
    endloop
  endfacet
  facet normal -0.608735 0.793373 0
    outer loop
      vertex 23.682 14.568 2.5
      vertex 22.75 13.8529 5
      vertex 23.682 14.568 5
    endloop
  endfacet
  facet normal -0.608735 0.793373 0
    outer loop
      vertex 22.75 13.8529 5
      vertex 23.682 14.568 2.5
      vertex 22.75 13.8529 2.5
    endloop
  endfacet
  facet normal 0 0 1
    outer loop
      vertex 24.8467 24.4147 2.5
      vertex 22.6733 23.8323 2.5
      vertex 22.75 23.25 2.5
    endloop
  endfacet
  facet normal 0 0 1
    outer loop
      vertex 23.682 26.432 2.5
      vertex 22.4485 24.375 2.5
      vertex 22.6733 23.8323 2.5
    endloop
  endfacet
  facet normal 0 0 1
    outer loop
      vertex 23.682 26.432 2.5
      vertex 22.091 24.841 2.5
      vertex 22.4485 24.375 2.5
    endloop
  endfacet
  facet normal 0 0 1
    outer loop
      vertex 21.625 25.1985 2.5
      vertex 22.75 27.1471 2.5
      vertex 21.6647 27.5967 2.5
    endloop
  endfacet
  facet normal 0 0 1
    outer loop
      vertex 22.75 27.1471 2.5
      vertex 21.625 25.1985 2.5
      vertex 22.091 24.841 2.5
    endloop
  endfacet
  facet normal 0 0 1
    outer loop
      vertex 21.6647 27.5967 2.5
      vertex 21.0823 25.4233 2.5
      vertex 21.625 25.1985 2.5
    endloop
  endfacet
  facet normal 0 0 1
    outer loop
      vertex 20.5 27.75 2.5
      vertex 21.0823 25.4233 2.5
      vertex 21.6647 27.5967 2.5
    endloop
  endfacet
  facet normal 0 0 1
    outer loop
      vertex 20.5 27.75 2.5
      vertex 20.5 25.5 2.5
      vertex 21.0823 25.4233 2.5
    endloop
  endfacet
  facet normal 0 0 1
    outer loop
      vertex 20.5 27.75 2.5
      vertex 19.9177 25.4233 2.5
      vertex 20.5 25.5 2.5
    endloop
  endfacet
  facet normal -0 0 1
    outer loop
      vertex 19.3353 27.5967 2.5
      vertex 19.9177 25.4233 2.5
      vertex 20.5 27.75 2.5
    endloop
  endfacet
  facet normal 0 0 1
    outer loop
      vertex 19.9177 25.4233 2.5
      vertex 19.3353 27.5967 2.5
      vertex 19.375 25.1985 2.5
    endloop
  endfacet
  facet normal -0 0 1
    outer loop
      vertex 18.25 27.1471 2.5
      vertex 19.375 25.1985 2.5
      vertex 19.3353 27.5967 2.5
    endloop
  endfacet
  facet normal 0 0 1
    outer loop
      vertex 19.375 25.1985 2.5
      vertex 18.25 27.1471 2.5
      vertex 18.909 24.841 2.5
    endloop
  endfacet
  facet normal -0 0 1
    outer loop
      vertex 17.318 26.432 2.5
      vertex 18.909 24.841 2.5
      vertex 18.25 27.1471 2.5
    endloop
  endfacet
  facet normal 0 0 1
    outer loop
      vertex 18.909 24.841 2.5
      vertex 17.318 26.432 2.5
      vertex 18.5515 24.375 2.5
    endloop
  endfacet
  facet normal -0 0 1
    outer loop
      vertex 16.6029 25.5 2.5
      vertex 18.5515 24.375 2.5
      vertex 17.318 26.432 2.5
    endloop
  endfacet
  facet normal 0 0 1
    outer loop
      vertex 18.5515 24.375 2.5
      vertex 16.6029 25.5 2.5
      vertex 18.3267 23.8323 2.5
    endloop
  endfacet
  facet normal 0 0 1
    outer loop
      vertex 18.25 23.25 2.5
      vertex 16 23.25 2.5
      vertex 18.25 17.75 2.5
    endloop
  endfacet
  facet normal -0 0 1
    outer loop
      vertex 16.1533 24.4147 2.5
      vertex 18.3267 23.8323 2.5
      vertex 16.6029 25.5 2.5
    endloop
  endfacet
  facet normal 0 0 1
    outer loop
      vertex 16 17.75 2.5
      vertex 18.25 17.75 2.5
      vertex 16 23.25 2.5
    endloop
  endfacet
  facet normal 0 0 1
    outer loop
      vertex 18.3267 23.8323 2.5
      vertex 16.1533 24.4147 2.5
      vertex 18.25 23.25 2.5
    endloop
  endfacet
  facet normal 0 -0 1
    outer loop
      vertex 16.1533 16.5853 2.5
      vertex 18.25 17.75 2.5
      vertex 16 17.75 2.5
    endloop
  endfacet
  facet normal 0 0 1
    outer loop
      vertex 18.25 23.25 2.5
      vertex 16.1533 24.4147 2.5
      vertex 16 23.25 2.5
    endloop
  endfacet
  facet normal 0 0 1
    outer loop
      vertex 18.25 17.75 2.5
      vertex 17.318 14.568 2.5
      vertex 18.25 13.8529 2.5
    endloop
  endfacet
  facet normal 0 0 1
    outer loop
      vertex 18.25 17.75 2.5
      vertex 16.6029 15.5 2.5
      vertex 17.318 14.568 2.5
    endloop
  endfacet
  facet normal 0 0 1
    outer loop
      vertex 18.25 17.75 2.5
      vertex 16.1533 16.5853 2.5
      vertex 16.6029 15.5 2.5
    endloop
  endfacet
  facet normal 0 0 1
    outer loop
      vertex 22.75 23.25 2.5
      vertex 25 23.25 2.5
      vertex 24.8467 24.4147 2.5
    endloop
  endfacet
  facet normal 0 0 1
    outer loop
      vertex 25 23.25 2.5
      vertex 22.75 23.25 2.5
      vertex 25 17.75 2.5
    endloop
  endfacet
  facet normal 0 0 1
    outer loop
      vertex 22.6733 23.8323 2.5
      vertex 24.8467 24.4147 2.5
      vertex 24.3971 25.5 2.5
    endloop
  endfacet
  facet normal 0 0 1
    outer loop
      vertex 22.75 17.75 2.5
      vertex 25 17.75 2.5
      vertex 22.75 23.25 2.5
    endloop
  endfacet
  facet normal 0 0 1
    outer loop
      vertex 22.6733 23.8323 2.5
      vertex 24.3971 25.5 2.5
      vertex 23.682 26.432 2.5
    endloop
  endfacet
  facet normal 0 0 1
    outer loop
      vertex 25 17.75 2.5
      vertex 22.75 17.75 2.5
      vertex 24.8467 16.5853 2.5
    endloop
  endfacet
  facet normal 0 0 1
    outer loop
      vertex 22.091 24.841 2.5
      vertex 23.682 26.432 2.5
      vertex 22.75 27.1471 2.5
    endloop
  endfacet
  facet normal -0 0 1
    outer loop
      vertex 22.6733 17.1677 2.5
      vertex 24.8467 16.5853 2.5
      vertex 22.75 17.75 2.5
    endloop
  endfacet
  facet normal 0 0 1
    outer loop
      vertex 24.8467 16.5853 2.5
      vertex 22.6733 17.1677 2.5
      vertex 24.3971 15.5 2.5
    endloop
  endfacet
  facet normal -0 0 1
    outer loop
      vertex 22.4485 16.625 2.5
      vertex 24.3971 15.5 2.5
      vertex 22.6733 17.1677 2.5
    endloop
  endfacet
  facet normal 0 0 1
    outer loop
      vertex 24.3971 15.5 2.5
      vertex 22.4485 16.625 2.5
      vertex 23.682 14.568 2.5
    endloop
  endfacet
  facet normal -0 0 1
    outer loop
      vertex 22.091 16.159 2.5
      vertex 23.682 14.568 2.5
      vertex 22.4485 16.625 2.5
    endloop
  endfacet
  facet normal 0 0 1
    outer loop
      vertex 23.682 14.568 2.5
      vertex 22.091 16.159 2.5
      vertex 22.75 13.8529 2.5
    endloop
  endfacet
  facet normal -0 0 1
    outer loop
      vertex 21.625 15.8015 2.5
      vertex 22.75 13.8529 2.5
      vertex 22.091 16.159 2.5
    endloop
  endfacet
  facet normal 0 0 1
    outer loop
      vertex 22.75 13.8529 2.5
      vertex 21.625 15.8015 2.5
      vertex 21.6647 13.4033 2.5
    endloop
  endfacet
  facet normal -0 0 1
    outer loop
      vertex 21.0823 15.5767 2.5
      vertex 21.6647 13.4033 2.5
      vertex 21.625 15.8015 2.5
    endloop
  endfacet
  facet normal -0 0 1
    outer loop
      vertex 20.5 15.5 2.5
      vertex 21.6647 13.4033 2.5
      vertex 21.0823 15.5767 2.5
    endloop
  endfacet
  facet normal 0 0 1
    outer loop
      vertex 20.5 15.5 2.5
      vertex 20.5 13.25 2.5
      vertex 21.6647 13.4033 2.5
    endloop
  endfacet
  facet normal 0 0 1
    outer loop
      vertex 19.9177 15.5767 2.5
      vertex 20.5 13.25 2.5
      vertex 20.5 15.5 2.5
    endloop
  endfacet
  facet normal 0 0 1
    outer loop
      vertex 19.3353 13.4033 2.5
      vertex 19.9177 15.5767 2.5
      vertex 19.375 15.8015 2.5
    endloop
  endfacet
  facet normal 0 0 1
    outer loop
      vertex 19.9177 15.5767 2.5
      vertex 19.3353 13.4033 2.5
      vertex 20.5 13.25 2.5
    endloop
  endfacet
  facet normal 0 0 1
    outer loop
      vertex 18.25 13.8529 2.5
      vertex 19.375 15.8015 2.5
      vertex 18.909 16.159 2.5
    endloop
  endfacet
  facet normal 0 0 1
    outer loop
      vertex 18.25 13.8529 2.5
      vertex 18.909 16.159 2.5
      vertex 18.5515 16.625 2.5
    endloop
  endfacet
  facet normal 0 0 1
    outer loop
      vertex 18.25 13.8529 2.5
      vertex 18.5515 16.625 2.5
      vertex 18.3267 17.1677 2.5
    endloop
  endfacet
  facet normal 0 0 1
    outer loop
      vertex 19.375 15.8015 2.5
      vertex 18.25 13.8529 2.5
      vertex 19.3353 13.4033 2.5
    endloop
  endfacet
  facet normal 0 0 1
    outer loop
      vertex 18.25 13.8529 2.5
      vertex 18.3267 17.1677 2.5
      vertex 18.25 17.75 2.5
    endloop
  endfacet
  facet normal 0.793373 -0.608735 0
    outer loop
      vertex 16.6029 25.5 5
      vertex 17.318 26.432 2.5
      vertex 17.318 26.432 5
    endloop
  endfacet
  facet normal 0.793373 -0.608735 0
    outer loop
      vertex 17.318 26.432 2.5
      vertex 16.6029 25.5 5
      vertex 16.6029 25.5 2.5
    endloop
  endfacet
  facet normal 0.991449 0.130496 0
    outer loop
      vertex 16.1533 16.5853 5
      vertex 16 17.75 2.5
      vertex 16 17.75 5
    endloop
  endfacet
  facet normal 0.991449 0.130496 0
    outer loop
      vertex 16 17.75 2.5
      vertex 16.1533 16.5853 5
      vertex 16.1533 16.5853 2.5
    endloop
  endfacet
  facet normal -0.991449 0.130496 0
    outer loop
      vertex 24.8467 16.5853 2.5
      vertex 25 17.75 5
      vertex 25 17.75 2.5
    endloop
  endfacet
  facet normal -0.991449 0.130496 0
    outer loop
      vertex 25 17.75 5
      vertex 24.8467 16.5853 2.5
      vertex 24.8467 16.5853 5
    endloop
  endfacet
  facet normal -0.923863 0.382723 0
    outer loop
      vertex 24.3971 15.5 2.5
      vertex 24.8467 16.5853 5
      vertex 24.8467 16.5853 2.5
    endloop
  endfacet
  facet normal -0.923863 0.382723 0
    outer loop
      vertex 24.8467 16.5853 5
      vertex 24.3971 15.5 2.5
      vertex 24.3971 15.5 5
    endloop
  endfacet
  facet normal -0.923863 -0.382723 0
    outer loop
      vertex 24.8467 24.4147 2.5
      vertex 24.3971 25.5 5
      vertex 24.3971 25.5 2.5
    endloop
  endfacet
  facet normal -0.923863 -0.382723 0
    outer loop
      vertex 24.3971 25.5 5
      vertex 24.8467 24.4147 2.5
      vertex 24.8467 24.4147 5
    endloop
  endfacet
  facet normal -0.382723 0.923863 0
    outer loop
      vertex 22.75 13.8529 2.5
      vertex 21.6647 13.4033 5
      vertex 22.75 13.8529 5
    endloop
  endfacet
  facet normal -0.382723 0.923863 0
    outer loop
      vertex 21.6647 13.4033 5
      vertex 22.75 13.8529 2.5
      vertex 21.6647 13.4033 2.5
    endloop
  endfacet
  facet normal 0.608735 0.793373 -0
    outer loop
      vertex 18.25 13.8529 2.5
      vertex 17.318 14.568 5
      vertex 18.25 13.8529 5
    endloop
  endfacet
  facet normal 0.608735 0.793373 0
    outer loop
      vertex 17.318 14.568 5
      vertex 18.25 13.8529 2.5
      vertex 17.318 14.568 2.5
    endloop
  endfacet
  facet normal 0.382723 0.923863 -0
    outer loop
      vertex 19.3353 13.4033 2.5
      vertex 18.25 13.8529 5
      vertex 19.3353 13.4033 5
    endloop
  endfacet
  facet normal 0.382723 0.923863 0
    outer loop
      vertex 18.25 13.8529 5
      vertex 19.3353 13.4033 2.5
      vertex 18.25 13.8529 2.5
    endloop
  endfacet
  facet normal -0.793373 0.608735 0
    outer loop
      vertex 23.682 14.568 2.5
      vertex 24.3971 15.5 5
      vertex 24.3971 15.5 2.5
    endloop
  endfacet
  facet normal -0.793373 0.608735 0
    outer loop
      vertex 24.3971 15.5 5
      vertex 23.682 14.568 2.5
      vertex 23.682 14.568 5
    endloop
  endfacet
  facet normal -0.130496 0.991449 0
    outer loop
      vertex 21.6647 13.4033 2.5
      vertex 20.5 13.25 5
      vertex 21.6647 13.4033 5
    endloop
  endfacet
  facet normal -0.130496 0.991449 0
    outer loop
      vertex 20.5 13.25 5
      vertex 21.6647 13.4033 2.5
      vertex 20.5 13.25 2.5
    endloop
  endfacet
  facet normal 0.131093 0.99137 -0
    outer loop
      vertex 20.5 135.5 0
      vertex 19.9177 135.577 2.5
      vertex 20.5 135.5 2.5
    endloop
  endfacet
  facet normal 0.131093 0.99137 0
    outer loop
      vertex 19.9177 135.577 2.5
      vertex 20.5 135.5 0
      vertex 19.9177 135.577 0
    endloop
  endfacet
  facet normal 1 -0 0
    outer loop
      vertex 18.25 137.75 2.5
      vertex 18.25 143.25 0
      vertex 18.25 143.25 2.5
    endloop
  endfacet
  facet normal 1 0 0
    outer loop
      vertex 18.25 143.25 0
      vertex 18.25 137.75 2.5
      vertex 18.25 137.75 0
    endloop
  endfacet
  facet normal 0.131093 -0.99137 0
    outer loop
      vertex 19.9177 145.423 0
      vertex 20.5 145.5 2.5
      vertex 19.9177 145.423 2.5
    endloop
  endfacet
  facet normal 0.131093 -0.99137 0
    outer loop
      vertex 20.5 145.5 2.5
      vertex 19.9177 145.423 0
      vertex 20.5 145.5 0
    endloop
  endfacet
  facet normal -0.131093 -0.99137 0
    outer loop
      vertex 20.5 145.5 0
      vertex 21.0823 145.423 2.5
      vertex 20.5 145.5 2.5
    endloop
  endfacet
  facet normal -0.131093 -0.99137 -0
    outer loop
      vertex 21.0823 145.423 2.5
      vertex 20.5 145.5 0
      vertex 21.0823 145.423 0
    endloop
  endfacet
  facet normal 0.793414 0.608682 0
    outer loop
      vertex 18.909 136.159 2.5
      vertex 18.5515 136.625 0
      vertex 18.5515 136.625 2.5
    endloop
  endfacet
  facet normal 0.793414 0.608682 0
    outer loop
      vertex 18.5515 136.625 0
      vertex 18.909 136.159 2.5
      vertex 18.909 136.159 0
    endloop
  endfacet
  facet normal -0.609217 -0.793003 0
    outer loop
      vertex 21.625 145.199 0
      vertex 22.091 144.841 2.5
      vertex 21.625 145.199 2.5
    endloop
  endfacet
  facet normal -0.609217 -0.793003 -0
    outer loop
      vertex 22.091 144.841 2.5
      vertex 21.625 145.199 0
      vertex 22.091 144.841 0
    endloop
  endfacet
  facet normal -0.991428 0.130657 0
    outer loop
      vertex 22.6733 137.168 0
      vertex 22.75 137.75 2.5
      vertex 22.75 137.75 0
    endloop
  endfacet
  facet normal -0.991428 0.130657 0
    outer loop
      vertex 22.75 137.75 2.5
      vertex 22.6733 137.168 0
      vertex 22.6733 137.168 2.5
    endloop
  endfacet
  facet normal -0.381529 -0.924357 0
    outer loop
      vertex 21.0823 145.423 0
      vertex 21.625 145.199 2.5
      vertex 21.0823 145.423 2.5
    endloop
  endfacet
  facet normal -0.381529 -0.924357 -0
    outer loop
      vertex 21.625 145.199 2.5
      vertex 21.0823 145.423 0
      vertex 21.625 145.199 0
    endloop
  endfacet
  facet normal 0.991428 0.130657 0
    outer loop
      vertex 18.3267 137.168 2.5
      vertex 18.25 137.75 0
      vertex 18.25 137.75 2.5
    endloop
  endfacet
  facet normal 0.991428 0.130657 0
    outer loop
      vertex 18.25 137.75 0
      vertex 18.3267 137.168 2.5
      vertex 18.3267 137.168 0
    endloop
  endfacet
  facet normal -0.991428 -0.130657 0
    outer loop
      vertex 22.75 143.25 0
      vertex 22.6733 143.832 2.5
      vertex 22.6733 143.832 0
    endloop
  endfacet
  facet normal -0.991428 -0.130657 0
    outer loop
      vertex 22.6733 143.832 2.5
      vertex 22.75 143.25 0
      vertex 22.75 143.25 2.5
    endloop
  endfacet
  facet normal 0.793414 -0.608682 0
    outer loop
      vertex 18.5515 144.375 2.5
      vertex 18.909 144.841 0
      vertex 18.909 144.841 2.5
    endloop
  endfacet
  facet normal 0.793414 -0.608682 0
    outer loop
      vertex 18.909 144.841 0
      vertex 18.5515 144.375 2.5
      vertex 18.5515 144.375 0
    endloop
  endfacet
  facet normal -0.793414 -0.608682 0
    outer loop
      vertex 22.4485 144.375 0
      vertex 22.091 144.841 2.5
      vertex 22.091 144.841 0
    endloop
  endfacet
  facet normal -0.793414 -0.608682 0
    outer loop
      vertex 22.091 144.841 2.5
      vertex 22.4485 144.375 0
      vertex 22.4485 144.375 2.5
    endloop
  endfacet
  facet normal 0.381529 -0.924357 0
    outer loop
      vertex 19.375 145.199 0
      vertex 19.9177 145.423 2.5
      vertex 19.375 145.199 2.5
    endloop
  endfacet
  facet normal 0.381529 -0.924357 0
    outer loop
      vertex 19.9177 145.423 2.5
      vertex 19.375 145.199 0
      vertex 19.9177 145.423 0
    endloop
  endfacet
  facet normal -1 0 0
    outer loop
      vertex 22.75 137.75 0
      vertex 22.75 143.25 2.5
      vertex 22.75 143.25 0
    endloop
  endfacet
  facet normal -1 -0 0
    outer loop
      vertex 22.75 143.25 2.5
      vertex 22.75 137.75 0
      vertex 22.75 137.75 2.5
    endloop
  endfacet
  facet normal -0.609217 0.793003 0
    outer loop
      vertex 22.091 136.159 0
      vertex 21.625 135.801 2.5
      vertex 22.091 136.159 2.5
    endloop
  endfacet
  facet normal -0.609217 0.793003 0
    outer loop
      vertex 21.625 135.801 2.5
      vertex 22.091 136.159 0
      vertex 21.625 135.801 0
    endloop
  endfacet
  facet normal 0.381529 0.924357 -0
    outer loop
      vertex 19.9177 135.577 0
      vertex 19.375 135.801 2.5
      vertex 19.9177 135.577 2.5
    endloop
  endfacet
  facet normal 0.381529 0.924357 0
    outer loop
      vertex 19.375 135.801 2.5
      vertex 19.9177 135.577 0
      vertex 19.375 135.801 0
    endloop
  endfacet
  facet normal 0.92395 0.382512 0
    outer loop
      vertex 18.5515 136.625 2.5
      vertex 18.3267 137.168 0
      vertex 18.3267 137.168 2.5
    endloop
  endfacet
  facet normal 0.92395 0.382512 0
    outer loop
      vertex 18.3267 137.168 0
      vertex 18.5515 136.625 2.5
      vertex 18.5515 136.625 0
    endloop
  endfacet
  facet normal 0.609217 -0.793003 0
    outer loop
      vertex 18.909 144.841 0
      vertex 19.375 145.199 2.5
      vertex 18.909 144.841 2.5
    endloop
  endfacet
  facet normal 0.609217 -0.793003 0
    outer loop
      vertex 19.375 145.199 2.5
      vertex 18.909 144.841 0
      vertex 19.375 145.199 0
    endloop
  endfacet
  facet normal 0.991428 -0.130657 0
    outer loop
      vertex 18.25 143.25 2.5
      vertex 18.3267 143.832 0
      vertex 18.3267 143.832 2.5
    endloop
  endfacet
  facet normal 0.991428 -0.130657 0
    outer loop
      vertex 18.3267 143.832 0
      vertex 18.25 143.25 2.5
      vertex 18.25 143.25 0
    endloop
  endfacet
  facet normal -0.92395 0.382512 0
    outer loop
      vertex 22.4485 136.625 0
      vertex 22.6733 137.168 2.5
      vertex 22.6733 137.168 0
    endloop
  endfacet
  facet normal -0.92395 0.382512 0
    outer loop
      vertex 22.6733 137.168 2.5
      vertex 22.4485 136.625 0
      vertex 22.4485 136.625 2.5
    endloop
  endfacet
  facet normal 0.609217 0.793003 -0
    outer loop
      vertex 19.375 135.801 0
      vertex 18.909 136.159 2.5
      vertex 19.375 135.801 2.5
    endloop
  endfacet
  facet normal 0.609217 0.793003 0
    outer loop
      vertex 18.909 136.159 2.5
      vertex 19.375 135.801 0
      vertex 18.909 136.159 0
    endloop
  endfacet
  facet normal -0.92395 -0.382512 0
    outer loop
      vertex 22.6733 143.832 0
      vertex 22.4485 144.375 2.5
      vertex 22.4485 144.375 0
    endloop
  endfacet
  facet normal -0.92395 -0.382512 0
    outer loop
      vertex 22.4485 144.375 2.5
      vertex 22.6733 143.832 0
      vertex 22.6733 143.832 2.5
    endloop
  endfacet
  facet normal 0.92395 -0.382512 0
    outer loop
      vertex 18.3267 143.832 2.5
      vertex 18.5515 144.375 0
      vertex 18.5515 144.375 2.5
    endloop
  endfacet
  facet normal 0.92395 -0.382512 0
    outer loop
      vertex 18.5515 144.375 0
      vertex 18.3267 143.832 2.5
      vertex 18.3267 143.832 0
    endloop
  endfacet
  facet normal -0.381529 0.924357 0
    outer loop
      vertex 21.625 135.801 0
      vertex 21.0823 135.577 2.5
      vertex 21.625 135.801 2.5
    endloop
  endfacet
  facet normal -0.381529 0.924357 0
    outer loop
      vertex 21.0823 135.577 2.5
      vertex 21.625 135.801 0
      vertex 21.0823 135.577 0
    endloop
  endfacet
  facet normal -0.793414 0.608682 0
    outer loop
      vertex 22.091 136.159 0
      vertex 22.4485 136.625 2.5
      vertex 22.4485 136.625 0
    endloop
  endfacet
  facet normal -0.793414 0.608682 0
    outer loop
      vertex 22.4485 136.625 2.5
      vertex 22.091 136.159 0
      vertex 22.091 136.159 2.5
    endloop
  endfacet
  facet normal -0.131093 0.99137 0
    outer loop
      vertex 21.0823 135.577 0
      vertex 20.5 135.5 2.5
      vertex 21.0823 135.577 2.5
    endloop
  endfacet
  facet normal -0.131093 0.99137 0
    outer loop
      vertex 20.5 135.5 2.5
      vertex 21.0823 135.577 0
      vertex 20.5 135.5 0
    endloop
  endfacet
  facet normal 0.130245 0.991482 -0
    outer loop
      vertex 20.5 133.25 2.5
      vertex 19.3353 133.403 5
      vertex 20.5 133.25 5
    endloop
  endfacet
  facet normal 0.130245 0.991482 0
    outer loop
      vertex 19.3353 133.403 5
      vertex 20.5 133.25 2.5
      vertex 19.3353 133.403 2.5
    endloop
  endfacet
  facet normal 0.923826 -0.382813 0
    outer loop
      vertex 16.1533 144.415 5
      vertex 16.6029 145.5 2.5
      vertex 16.6029 145.5 5
    endloop
  endfacet
  facet normal 0.923826 -0.382813 0
    outer loop
      vertex 16.6029 145.5 2.5
      vertex 16.1533 144.415 5
      vertex 16.1533 144.415 2.5
    endloop
  endfacet
  facet normal -0.130245 -0.991482 0
    outer loop
      vertex 20.5 147.75 2.5
      vertex 21.6647 147.597 5
      vertex 20.5 147.75 5
    endloop
  endfacet
  facet normal -0.130245 -0.991482 -0
    outer loop
      vertex 21.6647 147.597 5
      vertex 20.5 147.75 2.5
      vertex 21.6647 147.597 2.5
    endloop
  endfacet
  facet normal -0.383013 -0.923743 0
    outer loop
      vertex 21.6647 147.597 2.5
      vertex 22.75 147.147 5
      vertex 21.6647 147.597 5
    endloop
  endfacet
  facet normal -0.383013 -0.923743 -0
    outer loop
      vertex 22.75 147.147 5
      vertex 21.6647 147.597 2.5
      vertex 22.75 147.147 2.5
    endloop
  endfacet
  facet normal 0.608682 -0.793414 0
    outer loop
      vertex 17.318 146.432 2.5
      vertex 18.25 147.147 5
      vertex 17.318 146.432 5
    endloop
  endfacet
  facet normal 0.608682 -0.793414 0
    outer loop
      vertex 18.25 147.147 5
      vertex 17.318 146.432 2.5
      vertex 18.25 147.147 2.5
    endloop
  endfacet
  facet normal 1 -0 0
    outer loop
      vertex 16 137.75 5
      vertex 16 143.25 2.5
      vertex 16 143.25 5
    endloop
  endfacet
  facet normal 1 0 0
    outer loop
      vertex 16 143.25 2.5
      vertex 16 137.75 5
      vertex 16 137.75 2.5
    endloop
  endfacet
  facet normal 0.793373 0.608735 0
    outer loop
      vertex 17.318 134.568 5
      vertex 16.6029 135.5 2.5
      vertex 16.6029 135.5 5
    endloop
  endfacet
  facet normal 0.793373 0.608735 0
    outer loop
      vertex 16.6029 135.5 2.5
      vertex 17.318 134.568 5
      vertex 17.318 134.568 2.5
    endloop
  endfacet
  facet normal -0.608682 -0.793414 0
    outer loop
      vertex 22.75 147.147 2.5
      vertex 23.682 146.432 5
      vertex 22.75 147.147 5
    endloop
  endfacet
  facet normal -0.608682 -0.793414 -0
    outer loop
      vertex 23.682 146.432 5
      vertex 22.75 147.147 2.5
      vertex 23.682 146.432 2.5
    endloop
  endfacet
  facet normal 0.923826 0.382813 0
    outer loop
      vertex 16.6029 135.5 5
      vertex 16.1533 136.585 2.5
      vertex 16.1533 136.585 5
    endloop
  endfacet
  facet normal 0.923826 0.382813 0
    outer loop
      vertex 16.1533 136.585 2.5
      vertex 16.6029 135.5 5
      vertex 16.6029 135.5 2.5
    endloop
  endfacet
  facet normal 0.130245 -0.991482 0
    outer loop
      vertex 19.3353 147.597 2.5
      vertex 20.5 147.75 5
      vertex 19.3353 147.597 5
    endloop
  endfacet
  facet normal 0.130245 -0.991482 0
    outer loop
      vertex 20.5 147.75 5
      vertex 19.3353 147.597 2.5
      vertex 20.5 147.75 2.5
    endloop
  endfacet
  facet normal -0.793373 -0.608735 0
    outer loop
      vertex 24.3971 145.5 2.5
      vertex 23.682 146.432 5
      vertex 23.682 146.432 2.5
    endloop
  endfacet
  facet normal -0.793373 -0.608735 0
    outer loop
      vertex 23.682 146.432 5
      vertex 24.3971 145.5 2.5
      vertex 24.3971 145.5 5
    endloop
  endfacet
  facet normal -0.991453 -0.130463 0
    outer loop
      vertex 25 143.25 2.5
      vertex 24.8467 144.415 5
      vertex 24.8467 144.415 2.5
    endloop
  endfacet
  facet normal -0.991453 -0.130463 0
    outer loop
      vertex 24.8467 144.415 5
      vertex 25 143.25 2.5
      vertex 25 143.25 5
    endloop
  endfacet
  facet normal 0.383013 -0.923743 0
    outer loop
      vertex 18.25 147.147 2.5
      vertex 19.3353 147.597 5
      vertex 18.25 147.147 5
    endloop
  endfacet
  facet normal 0.383013 -0.923743 0
    outer loop
      vertex 19.3353 147.597 5
      vertex 18.25 147.147 2.5
      vertex 19.3353 147.597 2.5
    endloop
  endfacet
  facet normal 0.991453 -0.130463 0
    outer loop
      vertex 16 143.25 5
      vertex 16.1533 144.415 2.5
      vertex 16.1533 144.415 5
    endloop
  endfacet
  facet normal 0.991453 -0.130463 0
    outer loop
      vertex 16.1533 144.415 2.5
      vertex 16 143.25 5
      vertex 16 143.25 2.5
    endloop
  endfacet
  facet normal -0.608682 0.793414 0
    outer loop
      vertex 23.682 134.568 2.5
      vertex 22.75 133.853 5
      vertex 23.682 134.568 5
    endloop
  endfacet
  facet normal -0.608682 0.793414 0
    outer loop
      vertex 22.75 133.853 5
      vertex 23.682 134.568 2.5
      vertex 22.75 133.853 2.5
    endloop
  endfacet
  facet normal 0 0 1
    outer loop
      vertex 24.8467 144.415 2.5
      vertex 22.6733 143.832 2.5
      vertex 22.75 143.25 2.5
    endloop
  endfacet
  facet normal 0 0 1
    outer loop
      vertex 23.682 146.432 2.5
      vertex 22.4485 144.375 2.5
      vertex 22.6733 143.832 2.5
    endloop
  endfacet
  facet normal 0 0 1
    outer loop
      vertex 23.682 146.432 2.5
      vertex 22.091 144.841 2.5
      vertex 22.4485 144.375 2.5
    endloop
  endfacet
  facet normal 0 0 1
    outer loop
      vertex 21.625 145.199 2.5
      vertex 22.75 147.147 2.5
      vertex 21.6647 147.597 2.5
    endloop
  endfacet
  facet normal 0 0 1
    outer loop
      vertex 22.75 147.147 2.5
      vertex 21.625 145.199 2.5
      vertex 22.091 144.841 2.5
    endloop
  endfacet
  facet normal 0 0 1
    outer loop
      vertex 21.6647 147.597 2.5
      vertex 21.0823 145.423 2.5
      vertex 21.625 145.199 2.5
    endloop
  endfacet
  facet normal 0 0 1
    outer loop
      vertex 20.5 147.75 2.5
      vertex 21.0823 145.423 2.5
      vertex 21.6647 147.597 2.5
    endloop
  endfacet
  facet normal 0 0 1
    outer loop
      vertex 20.5 147.75 2.5
      vertex 20.5 145.5 2.5
      vertex 21.0823 145.423 2.5
    endloop
  endfacet
  facet normal 0 0 1
    outer loop
      vertex 20.5 147.75 2.5
      vertex 19.9177 145.423 2.5
      vertex 20.5 145.5 2.5
    endloop
  endfacet
  facet normal -0 0 1
    outer loop
      vertex 19.3353 147.597 2.5
      vertex 19.9177 145.423 2.5
      vertex 20.5 147.75 2.5
    endloop
  endfacet
  facet normal 0 0 1
    outer loop
      vertex 19.9177 145.423 2.5
      vertex 19.3353 147.597 2.5
      vertex 19.375 145.199 2.5
    endloop
  endfacet
  facet normal -0 0 1
    outer loop
      vertex 18.25 147.147 2.5
      vertex 19.375 145.199 2.5
      vertex 19.3353 147.597 2.5
    endloop
  endfacet
  facet normal 0 0 1
    outer loop
      vertex 19.375 145.199 2.5
      vertex 18.25 147.147 2.5
      vertex 18.909 144.841 2.5
    endloop
  endfacet
  facet normal -0 0 1
    outer loop
      vertex 17.318 146.432 2.5
      vertex 18.909 144.841 2.5
      vertex 18.25 147.147 2.5
    endloop
  endfacet
  facet normal 0 0 1
    outer loop
      vertex 18.909 144.841 2.5
      vertex 17.318 146.432 2.5
      vertex 18.5515 144.375 2.5
    endloop
  endfacet
  facet normal -0 0 1
    outer loop
      vertex 16.6029 145.5 2.5
      vertex 18.5515 144.375 2.5
      vertex 17.318 146.432 2.5
    endloop
  endfacet
  facet normal 0 0 1
    outer loop
      vertex 18.5515 144.375 2.5
      vertex 16.6029 145.5 2.5
      vertex 18.3267 143.832 2.5
    endloop
  endfacet
  facet normal 0 0 1
    outer loop
      vertex 18.25 143.25 2.5
      vertex 16 143.25 2.5
      vertex 18.25 137.75 2.5
    endloop
  endfacet
  facet normal -0 0 1
    outer loop
      vertex 16.1533 144.415 2.5
      vertex 18.3267 143.832 2.5
      vertex 16.6029 145.5 2.5
    endloop
  endfacet
  facet normal 0 0 1
    outer loop
      vertex 16 137.75 2.5
      vertex 18.25 137.75 2.5
      vertex 16 143.25 2.5
    endloop
  endfacet
  facet normal 0 0 1
    outer loop
      vertex 18.3267 143.832 2.5
      vertex 16.1533 144.415 2.5
      vertex 18.25 143.25 2.5
    endloop
  endfacet
  facet normal 0 -0 1
    outer loop
      vertex 16.1533 136.585 2.5
      vertex 18.25 137.75 2.5
      vertex 16 137.75 2.5
    endloop
  endfacet
  facet normal 0 0 1
    outer loop
      vertex 18.25 143.25 2.5
      vertex 16.1533 144.415 2.5
      vertex 16 143.25 2.5
    endloop
  endfacet
  facet normal 0 0 1
    outer loop
      vertex 18.25 137.75 2.5
      vertex 17.318 134.568 2.5
      vertex 18.25 133.853 2.5
    endloop
  endfacet
  facet normal 0 0 1
    outer loop
      vertex 18.25 137.75 2.5
      vertex 16.6029 135.5 2.5
      vertex 17.318 134.568 2.5
    endloop
  endfacet
  facet normal 0 0 1
    outer loop
      vertex 18.25 137.75 2.5
      vertex 16.1533 136.585 2.5
      vertex 16.6029 135.5 2.5
    endloop
  endfacet
  facet normal 0 0 1
    outer loop
      vertex 22.75 143.25 2.5
      vertex 25 143.25 2.5
      vertex 24.8467 144.415 2.5
    endloop
  endfacet
  facet normal 0 0 1
    outer loop
      vertex 25 143.25 2.5
      vertex 22.75 143.25 2.5
      vertex 25 137.75 2.5
    endloop
  endfacet
  facet normal 0 0 1
    outer loop
      vertex 22.6733 143.832 2.5
      vertex 24.8467 144.415 2.5
      vertex 24.3971 145.5 2.5
    endloop
  endfacet
  facet normal 0 0 1
    outer loop
      vertex 22.75 137.75 2.5
      vertex 25 137.75 2.5
      vertex 22.75 143.25 2.5
    endloop
  endfacet
  facet normal 0 0 1
    outer loop
      vertex 22.6733 143.832 2.5
      vertex 24.3971 145.5 2.5
      vertex 23.682 146.432 2.5
    endloop
  endfacet
  facet normal 0 0 1
    outer loop
      vertex 25 137.75 2.5
      vertex 22.75 137.75 2.5
      vertex 24.8467 136.585 2.5
    endloop
  endfacet
  facet normal 0 0 1
    outer loop
      vertex 22.091 144.841 2.5
      vertex 23.682 146.432 2.5
      vertex 22.75 147.147 2.5
    endloop
  endfacet
  facet normal -0 0 1
    outer loop
      vertex 22.6733 137.168 2.5
      vertex 24.8467 136.585 2.5
      vertex 22.75 137.75 2.5
    endloop
  endfacet
  facet normal 0 0 1
    outer loop
      vertex 24.8467 136.585 2.5
      vertex 22.6733 137.168 2.5
      vertex 24.3971 135.5 2.5
    endloop
  endfacet
  facet normal -0 0 1
    outer loop
      vertex 22.4485 136.625 2.5
      vertex 24.3971 135.5 2.5
      vertex 22.6733 137.168 2.5
    endloop
  endfacet
  facet normal 0 0 1
    outer loop
      vertex 24.3971 135.5 2.5
      vertex 22.4485 136.625 2.5
      vertex 23.682 134.568 2.5
    endloop
  endfacet
  facet normal -0 0 1
    outer loop
      vertex 22.091 136.159 2.5
      vertex 23.682 134.568 2.5
      vertex 22.4485 136.625 2.5
    endloop
  endfacet
  facet normal 0 0 1
    outer loop
      vertex 23.682 134.568 2.5
      vertex 22.091 136.159 2.5
      vertex 22.75 133.853 2.5
    endloop
  endfacet
  facet normal -0 0 1
    outer loop
      vertex 21.625 135.801 2.5
      vertex 22.75 133.853 2.5
      vertex 22.091 136.159 2.5
    endloop
  endfacet
  facet normal 0 0 1
    outer loop
      vertex 22.75 133.853 2.5
      vertex 21.625 135.801 2.5
      vertex 21.6647 133.403 2.5
    endloop
  endfacet
  facet normal -0 0 1
    outer loop
      vertex 21.0823 135.577 2.5
      vertex 21.6647 133.403 2.5
      vertex 21.625 135.801 2.5
    endloop
  endfacet
  facet normal -0 0 1
    outer loop
      vertex 20.5 135.5 2.5
      vertex 21.6647 133.403 2.5
      vertex 21.0823 135.577 2.5
    endloop
  endfacet
  facet normal 0 0 1
    outer loop
      vertex 20.5 135.5 2.5
      vertex 20.5 133.25 2.5
      vertex 21.6647 133.403 2.5
    endloop
  endfacet
  facet normal 0 0 1
    outer loop
      vertex 19.9177 135.577 2.5
      vertex 20.5 133.25 2.5
      vertex 20.5 135.5 2.5
    endloop
  endfacet
  facet normal 0 0 1
    outer loop
      vertex 19.3353 133.403 2.5
      vertex 19.9177 135.577 2.5
      vertex 19.375 135.801 2.5
    endloop
  endfacet
  facet normal 0 0 1
    outer loop
      vertex 19.9177 135.577 2.5
      vertex 19.3353 133.403 2.5
      vertex 20.5 133.25 2.5
    endloop
  endfacet
  facet normal 0 0 1
    outer loop
      vertex 18.25 133.853 2.5
      vertex 19.375 135.801 2.5
      vertex 18.909 136.159 2.5
    endloop
  endfacet
  facet normal 0 0 1
    outer loop
      vertex 18.25 133.853 2.5
      vertex 18.909 136.159 2.5
      vertex 18.5515 136.625 2.5
    endloop
  endfacet
  facet normal 0 0 1
    outer loop
      vertex 18.25 133.853 2.5
      vertex 18.5515 136.625 2.5
      vertex 18.3267 137.168 2.5
    endloop
  endfacet
  facet normal 0 0 1
    outer loop
      vertex 19.375 135.801 2.5
      vertex 18.25 133.853 2.5
      vertex 19.3353 133.403 2.5
    endloop
  endfacet
  facet normal 0 0 1
    outer loop
      vertex 18.25 133.853 2.5
      vertex 18.3267 137.168 2.5
      vertex 18.25 137.75 2.5
    endloop
  endfacet
  facet normal 0.793373 -0.608735 0
    outer loop
      vertex 16.6029 145.5 5
      vertex 17.318 146.432 2.5
      vertex 17.318 146.432 5
    endloop
  endfacet
  facet normal 0.793373 -0.608735 0
    outer loop
      vertex 17.318 146.432 2.5
      vertex 16.6029 145.5 5
      vertex 16.6029 145.5 2.5
    endloop
  endfacet
  facet normal 0.991453 0.130463 0
    outer loop
      vertex 16.1533 136.585 5
      vertex 16 137.75 2.5
      vertex 16 137.75 5
    endloop
  endfacet
  facet normal 0.991453 0.130463 0
    outer loop
      vertex 16 137.75 2.5
      vertex 16.1533 136.585 5
      vertex 16.1533 136.585 2.5
    endloop
  endfacet
  facet normal -0.991453 0.130463 0
    outer loop
      vertex 24.8467 136.585 2.5
      vertex 25 137.75 5
      vertex 25 137.75 2.5
    endloop
  endfacet
  facet normal -0.991453 0.130463 0
    outer loop
      vertex 25 137.75 5
      vertex 24.8467 136.585 2.5
      vertex 24.8467 136.585 5
    endloop
  endfacet
  facet normal -0.923826 0.382813 0
    outer loop
      vertex 24.3971 135.5 2.5
      vertex 24.8467 136.585 5
      vertex 24.8467 136.585 2.5
    endloop
  endfacet
  facet normal -0.923826 0.382813 0
    outer loop
      vertex 24.8467 136.585 5
      vertex 24.3971 135.5 2.5
      vertex 24.3971 135.5 5
    endloop
  endfacet
  facet normal -0.923826 -0.382813 0
    outer loop
      vertex 24.8467 144.415 2.5
      vertex 24.3971 145.5 5
      vertex 24.3971 145.5 2.5
    endloop
  endfacet
  facet normal -0.923826 -0.382813 0
    outer loop
      vertex 24.3971 145.5 5
      vertex 24.8467 144.415 2.5
      vertex 24.8467 144.415 5
    endloop
  endfacet
  facet normal -0.383013 0.923743 0
    outer loop
      vertex 22.75 133.853 2.5
      vertex 21.6647 133.403 5
      vertex 22.75 133.853 5
    endloop
  endfacet
  facet normal -0.383013 0.923743 0
    outer loop
      vertex 21.6647 133.403 5
      vertex 22.75 133.853 2.5
      vertex 21.6647 133.403 2.5
    endloop
  endfacet
  facet normal 0.608682 0.793414 -0
    outer loop
      vertex 18.25 133.853 2.5
      vertex 17.318 134.568 5
      vertex 18.25 133.853 5
    endloop
  endfacet
  facet normal 0.608682 0.793414 0
    outer loop
      vertex 17.318 134.568 5
      vertex 18.25 133.853 2.5
      vertex 17.318 134.568 2.5
    endloop
  endfacet
  facet normal 0.383013 0.923743 -0
    outer loop
      vertex 19.3353 133.403 2.5
      vertex 18.25 133.853 5
      vertex 19.3353 133.403 5
    endloop
  endfacet
  facet normal 0.383013 0.923743 0
    outer loop
      vertex 18.25 133.853 5
      vertex 19.3353 133.403 2.5
      vertex 18.25 133.853 2.5
    endloop
  endfacet
  facet normal -0.793373 0.608735 0
    outer loop
      vertex 23.682 134.568 2.5
      vertex 24.3971 135.5 5
      vertex 24.3971 135.5 2.5
    endloop
  endfacet
  facet normal -0.793373 0.608735 0
    outer loop
      vertex 24.3971 135.5 5
      vertex 23.682 134.568 2.5
      vertex 23.682 134.568 5
    endloop
  endfacet
  facet normal -0.130245 0.991482 0
    outer loop
      vertex 21.6647 133.403 2.5
      vertex 20.5 133.25 5
      vertex 21.6647 133.403 5
    endloop
  endfacet
  facet normal -0.130245 0.991482 0
    outer loop
      vertex 20.5 133.25 5
      vertex 21.6647 133.403 2.5
      vertex 20.5 133.25 2.5
    endloop
  endfacet
  facet normal 0.130657 0.991428 -0
    outer loop
      vertex 160.5 15.5 0
      vertex 159.918 15.5767 2.5
      vertex 160.5 15.5 2.5
    endloop
  endfacet
  facet normal 0.130657 0.991428 0
    outer loop
      vertex 159.918 15.5767 2.5
      vertex 160.5 15.5 0
      vertex 159.918 15.5767 0
    endloop
  endfacet
  facet normal 1 -0 0
    outer loop
      vertex 158.25 17.75 2.5
      vertex 158.25 23.25 0
      vertex 158.25 23.25 2.5
    endloop
  endfacet
  facet normal 1 0 0
    outer loop
      vertex 158.25 23.25 0
      vertex 158.25 17.75 2.5
      vertex 158.25 17.75 0
    endloop
  endfacet
  facet normal 0.130657 -0.991428 0
    outer loop
      vertex 159.918 25.4233 0
      vertex 160.5 25.5 2.5
      vertex 159.918 25.4233 2.5
    endloop
  endfacet
  facet normal 0.130657 -0.991428 0
    outer loop
      vertex 160.5 25.5 2.5
      vertex 159.918 25.4233 0
      vertex 160.5 25.5 0
    endloop
  endfacet
  facet normal -0.130657 -0.991428 0
    outer loop
      vertex 160.5 25.5 0
      vertex 161.082 25.4233 2.5
      vertex 160.5 25.5 2.5
    endloop
  endfacet
  facet normal -0.130657 -0.991428 -0
    outer loop
      vertex 161.082 25.4233 2.5
      vertex 160.5 25.5 0
      vertex 161.082 25.4233 0
    endloop
  endfacet
  facet normal 0.793003 0.609217 0
    outer loop
      vertex 158.909 16.159 2.5
      vertex 158.551 16.625 0
      vertex 158.551 16.625 2.5
    endloop
  endfacet
  facet normal 0.793003 0.609217 0
    outer loop
      vertex 158.551 16.625 0
      vertex 158.909 16.159 2.5
      vertex 158.909 16.159 0
    endloop
  endfacet
  facet normal -0.608682 -0.793414 0
    outer loop
      vertex 161.625 25.1985 0
      vertex 162.091 24.841 2.5
      vertex 161.625 25.1985 2.5
    endloop
  endfacet
  facet normal -0.608682 -0.793414 -0
    outer loop
      vertex 162.091 24.841 2.5
      vertex 161.625 25.1985 0
      vertex 162.091 24.841 0
    endloop
  endfacet
  facet normal -0.99137 0.131093 0
    outer loop
      vertex 162.673 17.1677 0
      vertex 162.75 17.75 2.5
      vertex 162.75 17.75 0
    endloop
  endfacet
  facet normal -0.99137 0.131093 0
    outer loop
      vertex 162.75 17.75 2.5
      vertex 162.673 17.1677 0
      vertex 162.673 17.1677 2.5
    endloop
  endfacet
  facet normal -0.382512 -0.92395 0
    outer loop
      vertex 161.082 25.4233 0
      vertex 161.625 25.1985 2.5
      vertex 161.082 25.4233 2.5
    endloop
  endfacet
  facet normal -0.382512 -0.92395 -0
    outer loop
      vertex 161.625 25.1985 2.5
      vertex 161.082 25.4233 0
      vertex 161.625 25.1985 0
    endloop
  endfacet
  facet normal 0.99137 0.131093 0
    outer loop
      vertex 158.327 17.1677 2.5
      vertex 158.25 17.75 0
      vertex 158.25 17.75 2.5
    endloop
  endfacet
  facet normal 0.99137 0.131093 0
    outer loop
      vertex 158.25 17.75 0
      vertex 158.327 17.1677 2.5
      vertex 158.327 17.1677 0
    endloop
  endfacet
  facet normal -0.99137 -0.131093 0
    outer loop
      vertex 162.75 23.25 0
      vertex 162.673 23.8323 2.5
      vertex 162.673 23.8323 0
    endloop
  endfacet
  facet normal -0.99137 -0.131093 0
    outer loop
      vertex 162.673 23.8323 2.5
      vertex 162.75 23.25 0
      vertex 162.75 23.25 2.5
    endloop
  endfacet
  facet normal 0.793003 -0.609217 0
    outer loop
      vertex 158.551 24.375 2.5
      vertex 158.909 24.841 0
      vertex 158.909 24.841 2.5
    endloop
  endfacet
  facet normal 0.793003 -0.609217 0
    outer loop
      vertex 158.909 24.841 0
      vertex 158.551 24.375 2.5
      vertex 158.551 24.375 0
    endloop
  endfacet
  facet normal -0.793003 -0.609217 0
    outer loop
      vertex 162.449 24.375 0
      vertex 162.091 24.841 2.5
      vertex 162.091 24.841 0
    endloop
  endfacet
  facet normal -0.793003 -0.609217 0
    outer loop
      vertex 162.091 24.841 2.5
      vertex 162.449 24.375 0
      vertex 162.449 24.375 2.5
    endloop
  endfacet
  facet normal 0.382512 -0.92395 0
    outer loop
      vertex 159.375 25.1985 0
      vertex 159.918 25.4233 2.5
      vertex 159.375 25.1985 2.5
    endloop
  endfacet
  facet normal 0.382512 -0.92395 0
    outer loop
      vertex 159.918 25.4233 2.5
      vertex 159.375 25.1985 0
      vertex 159.918 25.4233 0
    endloop
  endfacet
  facet normal -1 0 0
    outer loop
      vertex 162.75 17.75 0
      vertex 162.75 23.25 2.5
      vertex 162.75 23.25 0
    endloop
  endfacet
  facet normal -1 -0 0
    outer loop
      vertex 162.75 23.25 2.5
      vertex 162.75 17.75 0
      vertex 162.75 17.75 2.5
    endloop
  endfacet
  facet normal -0.608682 0.793414 0
    outer loop
      vertex 162.091 16.159 0
      vertex 161.625 15.8015 2.5
      vertex 162.091 16.159 2.5
    endloop
  endfacet
  facet normal -0.608682 0.793414 0
    outer loop
      vertex 161.625 15.8015 2.5
      vertex 162.091 16.159 0
      vertex 161.625 15.8015 0
    endloop
  endfacet
  facet normal 0.382512 0.92395 -0
    outer loop
      vertex 159.918 15.5767 0
      vertex 159.375 15.8015 2.5
      vertex 159.918 15.5767 2.5
    endloop
  endfacet
  facet normal 0.382512 0.92395 0
    outer loop
      vertex 159.375 15.8015 2.5
      vertex 159.918 15.5767 0
      vertex 159.375 15.8015 0
    endloop
  endfacet
  facet normal 0.924357 0.381529 0
    outer loop
      vertex 158.551 16.625 2.5
      vertex 158.327 17.1677 0
      vertex 158.327 17.1677 2.5
    endloop
  endfacet
  facet normal 0.924357 0.381529 0
    outer loop
      vertex 158.327 17.1677 0
      vertex 158.551 16.625 2.5
      vertex 158.551 16.625 0
    endloop
  endfacet
  facet normal 0.608682 -0.793414 0
    outer loop
      vertex 158.909 24.841 0
      vertex 159.375 25.1985 2.5
      vertex 158.909 24.841 2.5
    endloop
  endfacet
  facet normal 0.608682 -0.793414 0
    outer loop
      vertex 159.375 25.1985 2.5
      vertex 158.909 24.841 0
      vertex 159.375 25.1985 0
    endloop
  endfacet
  facet normal 0.99137 -0.131093 0
    outer loop
      vertex 158.25 23.25 2.5
      vertex 158.327 23.8323 0
      vertex 158.327 23.8323 2.5
    endloop
  endfacet
  facet normal 0.99137 -0.131093 0
    outer loop
      vertex 158.327 23.8323 0
      vertex 158.25 23.25 2.5
      vertex 158.25 23.25 0
    endloop
  endfacet
  facet normal -0.924357 0.381529 0
    outer loop
      vertex 162.449 16.625 0
      vertex 162.673 17.1677 2.5
      vertex 162.673 17.1677 0
    endloop
  endfacet
  facet normal -0.924357 0.381529 0
    outer loop
      vertex 162.673 17.1677 2.5
      vertex 162.449 16.625 0
      vertex 162.449 16.625 2.5
    endloop
  endfacet
  facet normal 0.608682 0.793414 -0
    outer loop
      vertex 159.375 15.8015 0
      vertex 158.909 16.159 2.5
      vertex 159.375 15.8015 2.5
    endloop
  endfacet
  facet normal 0.608682 0.793414 0
    outer loop
      vertex 158.909 16.159 2.5
      vertex 159.375 15.8015 0
      vertex 158.909 16.159 0
    endloop
  endfacet
  facet normal -0.924357 -0.381529 0
    outer loop
      vertex 162.673 23.8323 0
      vertex 162.449 24.375 2.5
      vertex 162.449 24.375 0
    endloop
  endfacet
  facet normal -0.924357 -0.381529 0
    outer loop
      vertex 162.449 24.375 2.5
      vertex 162.673 23.8323 0
      vertex 162.673 23.8323 2.5
    endloop
  endfacet
  facet normal 0.924357 -0.381529 0
    outer loop
      vertex 158.327 23.8323 2.5
      vertex 158.551 24.375 0
      vertex 158.551 24.375 2.5
    endloop
  endfacet
  facet normal 0.924357 -0.381529 0
    outer loop
      vertex 158.551 24.375 0
      vertex 158.327 23.8323 2.5
      vertex 158.327 23.8323 0
    endloop
  endfacet
  facet normal -0.382512 0.92395 0
    outer loop
      vertex 161.625 15.8015 0
      vertex 161.082 15.5767 2.5
      vertex 161.625 15.8015 2.5
    endloop
  endfacet
  facet normal -0.382512 0.92395 0
    outer loop
      vertex 161.082 15.5767 2.5
      vertex 161.625 15.8015 0
      vertex 161.082 15.5767 0
    endloop
  endfacet
  facet normal -0.793003 0.609217 0
    outer loop
      vertex 162.091 16.159 0
      vertex 162.449 16.625 2.5
      vertex 162.449 16.625 0
    endloop
  endfacet
  facet normal -0.793003 0.609217 0
    outer loop
      vertex 162.449 16.625 2.5
      vertex 162.091 16.159 0
      vertex 162.091 16.159 2.5
    endloop
  endfacet
  facet normal -0.130657 0.991428 0
    outer loop
      vertex 161.082 15.5767 0
      vertex 160.5 15.5 2.5
      vertex 161.082 15.5767 2.5
    endloop
  endfacet
  facet normal -0.130657 0.991428 0
    outer loop
      vertex 160.5 15.5 2.5
      vertex 161.082 15.5767 0
      vertex 160.5 15.5 0
    endloop
  endfacet
  facet normal 0.130463 0.991453 -0
    outer loop
      vertex 160.5 13.25 2.5
      vertex 159.335 13.4033 5
      vertex 160.5 13.25 5
    endloop
  endfacet
  facet normal 0.130463 0.991453 0
    outer loop
      vertex 159.335 13.4033 5
      vertex 160.5 13.25 2.5
      vertex 159.335 13.4033 2.5
    endloop
  endfacet
  facet normal 0.923743 -0.383013 0
    outer loop
      vertex 156.153 24.4147 5
      vertex 156.603 25.5 2.5
      vertex 156.603 25.5 5
    endloop
  endfacet
  facet normal 0.923743 -0.383013 0
    outer loop
      vertex 156.603 25.5 2.5
      vertex 156.153 24.4147 5
      vertex 156.153 24.4147 2.5
    endloop
  endfacet
  facet normal -0.130463 -0.991453 0
    outer loop
      vertex 160.5 27.75 2.5
      vertex 161.665 27.5967 5
      vertex 160.5 27.75 5
    endloop
  endfacet
  facet normal -0.130463 -0.991453 -0
    outer loop
      vertex 161.665 27.5967 5
      vertex 160.5 27.75 2.5
      vertex 161.665 27.5967 2.5
    endloop
  endfacet
  facet normal -0.382813 -0.923826 0
    outer loop
      vertex 161.665 27.5967 2.5
      vertex 162.75 27.1471 5
      vertex 161.665 27.5967 5
    endloop
  endfacet
  facet normal -0.382813 -0.923826 -0
    outer loop
      vertex 162.75 27.1471 5
      vertex 161.665 27.5967 2.5
      vertex 162.75 27.1471 2.5
    endloop
  endfacet
  facet normal 0.608735 -0.793373 0
    outer loop
      vertex 157.318 26.432 2.5
      vertex 158.25 27.1471 5
      vertex 157.318 26.432 5
    endloop
  endfacet
  facet normal 0.608735 -0.793373 0
    outer loop
      vertex 158.25 27.1471 5
      vertex 157.318 26.432 2.5
      vertex 158.25 27.1471 2.5
    endloop
  endfacet
  facet normal 1 0 0
    outer loop
      vertex 156 147 49
      vertex 156 143.25 5
      vertex 156 147 5
    endloop
  endfacet
  facet normal 1 0 0
    outer loop
      vertex 156 143.25 5
      vertex 156 137.75 5
      vertex 156 143.25 2.5
    endloop
  endfacet
  facet normal 1 0 0
    outer loop
      vertex 156 147 49
      vertex 156 137.75 5
      vertex 156 143.25 5
    endloop
  endfacet
  facet normal 1 0 0
    outer loop
      vertex 156 147 49
      vertex 156 23.25 5
      vertex 156 137.75 5
    endloop
  endfacet
  facet normal 1 0 0
    outer loop
      vertex 156 23.25 5
      vertex 156 17.75 5
      vertex 156 23.25 2.5
    endloop
  endfacet
  facet normal 1 -0 0
    outer loop
      vertex 156 14 49
      vertex 156 23.25 5
      vertex 156 147 49
    endloop
  endfacet
  facet normal 1 0 0
    outer loop
      vertex 156 23.25 5
      vertex 156 14 49
      vertex 156 17.75 5
    endloop
  endfacet
  facet normal 1 0 0
    outer loop
      vertex 156 17.75 5
      vertex 156 14 49
      vertex 156 14 5
    endloop
  endfacet
  facet normal 1 0 0
    outer loop
      vertex 156 143.25 2.5
      vertex 156 137.75 5
      vertex 156 137.75 2.5
    endloop
  endfacet
  facet normal 1 0 0
    outer loop
      vertex 156 23.25 2.5
      vertex 156 17.75 5
      vertex 156 17.75 2.5
    endloop
  endfacet
  facet normal 0.793414 0.608682 0
    outer loop
      vertex 157.318 14.568 5
      vertex 156.603 15.5 2.5
      vertex 156.603 15.5 5
    endloop
  endfacet
  facet normal 0.793414 0.608682 0
    outer loop
      vertex 156.603 15.5 2.5
      vertex 157.318 14.568 5
      vertex 157.318 14.568 2.5
    endloop
  endfacet
  facet normal -0.608735 -0.793373 0
    outer loop
      vertex 162.75 27.1471 2.5
      vertex 163.682 26.432 5
      vertex 162.75 27.1471 5
    endloop
  endfacet
  facet normal -0.608735 -0.793373 -0
    outer loop
      vertex 163.682 26.432 5
      vertex 162.75 27.1471 2.5
      vertex 163.682 26.432 2.5
    endloop
  endfacet
  facet normal 0.923743 0.383013 0
    outer loop
      vertex 156.603 15.5 5
      vertex 156.153 16.5853 2.5
      vertex 156.153 16.5853 5
    endloop
  endfacet
  facet normal 0.923743 0.383013 0
    outer loop
      vertex 156.153 16.5853 2.5
      vertex 156.603 15.5 5
      vertex 156.603 15.5 2.5
    endloop
  endfacet
  facet normal 0.130463 -0.991453 0
    outer loop
      vertex 159.335 27.5967 2.5
      vertex 160.5 27.75 5
      vertex 159.335 27.5967 5
    endloop
  endfacet
  facet normal 0.130463 -0.991453 0
    outer loop
      vertex 160.5 27.75 5
      vertex 159.335 27.5967 2.5
      vertex 160.5 27.75 2.5
    endloop
  endfacet
  facet normal -0.793414 -0.608682 0
    outer loop
      vertex 164.397 25.5 2.5
      vertex 163.682 26.432 5
      vertex 163.682 26.432 2.5
    endloop
  endfacet
  facet normal -0.793414 -0.608682 0
    outer loop
      vertex 163.682 26.432 5
      vertex 164.397 25.5 2.5
      vertex 164.397 25.5 5
    endloop
  endfacet
  facet normal -0.991482 -0.130245 0
    outer loop
      vertex 165 23.25 2.5
      vertex 164.847 24.4147 5
      vertex 164.847 24.4147 2.5
    endloop
  endfacet
  facet normal -0.991482 -0.130245 0
    outer loop
      vertex 164.847 24.4147 5
      vertex 165 23.25 2.5
      vertex 165 23.25 5
    endloop
  endfacet
  facet normal 0.382813 -0.923826 0
    outer loop
      vertex 158.25 27.1471 2.5
      vertex 159.335 27.5967 5
      vertex 158.25 27.1471 5
    endloop
  endfacet
  facet normal 0.382813 -0.923826 0
    outer loop
      vertex 159.335 27.5967 5
      vertex 158.25 27.1471 2.5
      vertex 159.335 27.5967 2.5
    endloop
  endfacet
  facet normal 0.991482 -0.130245 0
    outer loop
      vertex 156 23.25 5
      vertex 156.153 24.4147 2.5
      vertex 156.153 24.4147 5
    endloop
  endfacet
  facet normal 0.991482 -0.130245 0
    outer loop
      vertex 156.153 24.4147 2.5
      vertex 156 23.25 5
      vertex 156 23.25 2.5
    endloop
  endfacet
  facet normal -1 0 0
    outer loop
      vertex 165 17.75 2.5
      vertex 165 23.25 5
      vertex 165 23.25 2.5
    endloop
  endfacet
  facet normal -1 -0 0
    outer loop
      vertex 165 23.25 5
      vertex 165 17.75 2.5
      vertex 165 17.75 5
    endloop
  endfacet
  facet normal -0.608735 0.793373 0
    outer loop
      vertex 163.682 14.568 2.5
      vertex 162.75 13.8529 5
      vertex 163.682 14.568 5
    endloop
  endfacet
  facet normal -0.608735 0.793373 0
    outer loop
      vertex 162.75 13.8529 5
      vertex 163.682 14.568 2.5
      vertex 162.75 13.8529 2.5
    endloop
  endfacet
  facet normal 0 0 1
    outer loop
      vertex 164.847 24.4147 2.5
      vertex 162.673 23.8323 2.5
      vertex 162.75 23.25 2.5
    endloop
  endfacet
  facet normal 0 0 1
    outer loop
      vertex 163.682 26.432 2.5
      vertex 162.449 24.375 2.5
      vertex 162.673 23.8323 2.5
    endloop
  endfacet
  facet normal 0 0 1
    outer loop
      vertex 163.682 26.432 2.5
      vertex 162.091 24.841 2.5
      vertex 162.449 24.375 2.5
    endloop
  endfacet
  facet normal 0 0 1
    outer loop
      vertex 161.625 25.1985 2.5
      vertex 162.75 27.1471 2.5
      vertex 161.665 27.5967 2.5
    endloop
  endfacet
  facet normal 0 0 1
    outer loop
      vertex 162.75 27.1471 2.5
      vertex 161.625 25.1985 2.5
      vertex 162.091 24.841 2.5
    endloop
  endfacet
  facet normal 0 0 1
    outer loop
      vertex 161.665 27.5967 2.5
      vertex 161.082 25.4233 2.5
      vertex 161.625 25.1985 2.5
    endloop
  endfacet
  facet normal 0 0 1
    outer loop
      vertex 160.5 27.75 2.5
      vertex 161.082 25.4233 2.5
      vertex 161.665 27.5967 2.5
    endloop
  endfacet
  facet normal 0 0 1
    outer loop
      vertex 160.5 27.75 2.5
      vertex 160.5 25.5 2.5
      vertex 161.082 25.4233 2.5
    endloop
  endfacet
  facet normal 0 0 1
    outer loop
      vertex 160.5 27.75 2.5
      vertex 159.918 25.4233 2.5
      vertex 160.5 25.5 2.5
    endloop
  endfacet
  facet normal -0 0 1
    outer loop
      vertex 159.335 27.5967 2.5
      vertex 159.918 25.4233 2.5
      vertex 160.5 27.75 2.5
    endloop
  endfacet
  facet normal 0 0 1
    outer loop
      vertex 159.918 25.4233 2.5
      vertex 159.335 27.5967 2.5
      vertex 159.375 25.1985 2.5
    endloop
  endfacet
  facet normal -0 0 1
    outer loop
      vertex 158.25 27.1471 2.5
      vertex 159.375 25.1985 2.5
      vertex 159.335 27.5967 2.5
    endloop
  endfacet
  facet normal 0 0 1
    outer loop
      vertex 159.375 25.1985 2.5
      vertex 158.25 27.1471 2.5
      vertex 158.909 24.841 2.5
    endloop
  endfacet
  facet normal -0 0 1
    outer loop
      vertex 157.318 26.432 2.5
      vertex 158.909 24.841 2.5
      vertex 158.25 27.1471 2.5
    endloop
  endfacet
  facet normal 0 0 1
    outer loop
      vertex 158.909 24.841 2.5
      vertex 157.318 26.432 2.5
      vertex 158.551 24.375 2.5
    endloop
  endfacet
  facet normal -0 0 1
    outer loop
      vertex 156.603 25.5 2.5
      vertex 158.551 24.375 2.5
      vertex 157.318 26.432 2.5
    endloop
  endfacet
  facet normal 0 0 1
    outer loop
      vertex 158.551 24.375 2.5
      vertex 156.603 25.5 2.5
      vertex 158.327 23.8323 2.5
    endloop
  endfacet
  facet normal 0 0 1
    outer loop
      vertex 158.25 23.25 2.5
      vertex 156 23.25 2.5
      vertex 158.25 17.75 2.5
    endloop
  endfacet
  facet normal -0 0 1
    outer loop
      vertex 156.153 24.4147 2.5
      vertex 158.327 23.8323 2.5
      vertex 156.603 25.5 2.5
    endloop
  endfacet
  facet normal 0 0 1
    outer loop
      vertex 156 17.75 2.5
      vertex 158.25 17.75 2.5
      vertex 156 23.25 2.5
    endloop
  endfacet
  facet normal 0 0 1
    outer loop
      vertex 158.327 23.8323 2.5
      vertex 156.153 24.4147 2.5
      vertex 158.25 23.25 2.5
    endloop
  endfacet
  facet normal 0 -0 1
    outer loop
      vertex 156.153 16.5853 2.5
      vertex 158.25 17.75 2.5
      vertex 156 17.75 2.5
    endloop
  endfacet
  facet normal 0 0 1
    outer loop
      vertex 158.25 23.25 2.5
      vertex 156.153 24.4147 2.5
      vertex 156 23.25 2.5
    endloop
  endfacet
  facet normal 0 0 1
    outer loop
      vertex 158.25 17.75 2.5
      vertex 157.318 14.568 2.5
      vertex 158.25 13.8529 2.5
    endloop
  endfacet
  facet normal 0 0 1
    outer loop
      vertex 158.25 17.75 2.5
      vertex 156.603 15.5 2.5
      vertex 157.318 14.568 2.5
    endloop
  endfacet
  facet normal 0 0 1
    outer loop
      vertex 158.25 17.75 2.5
      vertex 156.153 16.5853 2.5
      vertex 156.603 15.5 2.5
    endloop
  endfacet
  facet normal 0 0 1
    outer loop
      vertex 162.75 23.25 2.5
      vertex 165 23.25 2.5
      vertex 164.847 24.4147 2.5
    endloop
  endfacet
  facet normal 0 0 1
    outer loop
      vertex 165 23.25 2.5
      vertex 162.75 23.25 2.5
      vertex 165 17.75 2.5
    endloop
  endfacet
  facet normal 0 0 1
    outer loop
      vertex 162.673 23.8323 2.5
      vertex 164.847 24.4147 2.5
      vertex 164.397 25.5 2.5
    endloop
  endfacet
  facet normal 0 0 1
    outer loop
      vertex 162.75 17.75 2.5
      vertex 165 17.75 2.5
      vertex 162.75 23.25 2.5
    endloop
  endfacet
  facet normal 0 0 1
    outer loop
      vertex 162.673 23.8323 2.5
      vertex 164.397 25.5 2.5
      vertex 163.682 26.432 2.5
    endloop
  endfacet
  facet normal 0 0 1
    outer loop
      vertex 165 17.75 2.5
      vertex 162.75 17.75 2.5
      vertex 164.847 16.5853 2.5
    endloop
  endfacet
  facet normal 0 0 1
    outer loop
      vertex 162.091 24.841 2.5
      vertex 163.682 26.432 2.5
      vertex 162.75 27.1471 2.5
    endloop
  endfacet
  facet normal -0 0 1
    outer loop
      vertex 162.673 17.1677 2.5
      vertex 164.847 16.5853 2.5
      vertex 162.75 17.75 2.5
    endloop
  endfacet
  facet normal 0 0 1
    outer loop
      vertex 164.847 16.5853 2.5
      vertex 162.673 17.1677 2.5
      vertex 164.397 15.5 2.5
    endloop
  endfacet
  facet normal -0 0 1
    outer loop
      vertex 162.449 16.625 2.5
      vertex 164.397 15.5 2.5
      vertex 162.673 17.1677 2.5
    endloop
  endfacet
  facet normal 0 0 1
    outer loop
      vertex 164.397 15.5 2.5
      vertex 162.449 16.625 2.5
      vertex 163.682 14.568 2.5
    endloop
  endfacet
  facet normal -0 0 1
    outer loop
      vertex 162.091 16.159 2.5
      vertex 163.682 14.568 2.5
      vertex 162.449 16.625 2.5
    endloop
  endfacet
  facet normal 0 0 1
    outer loop
      vertex 163.682 14.568 2.5
      vertex 162.091 16.159 2.5
      vertex 162.75 13.8529 2.5
    endloop
  endfacet
  facet normal -0 0 1
    outer loop
      vertex 161.625 15.8015 2.5
      vertex 162.75 13.8529 2.5
      vertex 162.091 16.159 2.5
    endloop
  endfacet
  facet normal 0 0 1
    outer loop
      vertex 162.75 13.8529 2.5
      vertex 161.625 15.8015 2.5
      vertex 161.665 13.4033 2.5
    endloop
  endfacet
  facet normal -0 0 1
    outer loop
      vertex 161.082 15.5767 2.5
      vertex 161.665 13.4033 2.5
      vertex 161.625 15.8015 2.5
    endloop
  endfacet
  facet normal -0 0 1
    outer loop
      vertex 160.5 15.5 2.5
      vertex 161.665 13.4033 2.5
      vertex 161.082 15.5767 2.5
    endloop
  endfacet
  facet normal 0 0 1
    outer loop
      vertex 160.5 15.5 2.5
      vertex 160.5 13.25 2.5
      vertex 161.665 13.4033 2.5
    endloop
  endfacet
  facet normal 0 0 1
    outer loop
      vertex 159.918 15.5767 2.5
      vertex 160.5 13.25 2.5
      vertex 160.5 15.5 2.5
    endloop
  endfacet
  facet normal 0 0 1
    outer loop
      vertex 159.335 13.4033 2.5
      vertex 159.918 15.5767 2.5
      vertex 159.375 15.8015 2.5
    endloop
  endfacet
  facet normal 0 0 1
    outer loop
      vertex 159.918 15.5767 2.5
      vertex 159.335 13.4033 2.5
      vertex 160.5 13.25 2.5
    endloop
  endfacet
  facet normal 0 0 1
    outer loop
      vertex 158.25 13.8529 2.5
      vertex 159.375 15.8015 2.5
      vertex 158.909 16.159 2.5
    endloop
  endfacet
  facet normal 0 0 1
    outer loop
      vertex 158.25 13.8529 2.5
      vertex 158.909 16.159 2.5
      vertex 158.551 16.625 2.5
    endloop
  endfacet
  facet normal 0 0 1
    outer loop
      vertex 158.25 13.8529 2.5
      vertex 158.551 16.625 2.5
      vertex 158.327 17.1677 2.5
    endloop
  endfacet
  facet normal 0 0 1
    outer loop
      vertex 159.375 15.8015 2.5
      vertex 158.25 13.8529 2.5
      vertex 159.335 13.4033 2.5
    endloop
  endfacet
  facet normal 0 0 1
    outer loop
      vertex 158.25 13.8529 2.5
      vertex 158.327 17.1677 2.5
      vertex 158.25 17.75 2.5
    endloop
  endfacet
  facet normal 0.793414 -0.608682 0
    outer loop
      vertex 156.603 25.5 5
      vertex 157.318 26.432 2.5
      vertex 157.318 26.432 5
    endloop
  endfacet
  facet normal 0.793414 -0.608682 0
    outer loop
      vertex 157.318 26.432 2.5
      vertex 156.603 25.5 5
      vertex 156.603 25.5 2.5
    endloop
  endfacet
  facet normal 0.991482 0.130245 0
    outer loop
      vertex 156.153 16.5853 5
      vertex 156 17.75 2.5
      vertex 156 17.75 5
    endloop
  endfacet
  facet normal 0.991482 0.130245 0
    outer loop
      vertex 156 17.75 2.5
      vertex 156.153 16.5853 5
      vertex 156.153 16.5853 2.5
    endloop
  endfacet
  facet normal -0.991482 0.130245 0
    outer loop
      vertex 164.847 16.5853 2.5
      vertex 165 17.75 5
      vertex 165 17.75 2.5
    endloop
  endfacet
  facet normal -0.991482 0.130245 0
    outer loop
      vertex 165 17.75 5
      vertex 164.847 16.5853 2.5
      vertex 164.847 16.5853 5
    endloop
  endfacet
  facet normal -0.923743 0.383013 0
    outer loop
      vertex 164.397 15.5 2.5
      vertex 164.847 16.5853 5
      vertex 164.847 16.5853 2.5
    endloop
  endfacet
  facet normal -0.923743 0.383013 0
    outer loop
      vertex 164.847 16.5853 5
      vertex 164.397 15.5 2.5
      vertex 164.397 15.5 5
    endloop
  endfacet
  facet normal -0.923743 -0.383013 0
    outer loop
      vertex 164.847 24.4147 2.5
      vertex 164.397 25.5 5
      vertex 164.397 25.5 2.5
    endloop
  endfacet
  facet normal -0.923743 -0.383013 0
    outer loop
      vertex 164.397 25.5 5
      vertex 164.847 24.4147 2.5
      vertex 164.847 24.4147 5
    endloop
  endfacet
  facet normal -0.382813 0.923826 0
    outer loop
      vertex 162.75 13.8529 2.5
      vertex 161.665 13.4033 5
      vertex 162.75 13.8529 5
    endloop
  endfacet
  facet normal -0.382813 0.923826 0
    outer loop
      vertex 161.665 13.4033 5
      vertex 162.75 13.8529 2.5
      vertex 161.665 13.4033 2.5
    endloop
  endfacet
  facet normal 0.608735 0.793373 -0
    outer loop
      vertex 158.25 13.8529 2.5
      vertex 157.318 14.568 5
      vertex 158.25 13.8529 5
    endloop
  endfacet
  facet normal 0.608735 0.793373 0
    outer loop
      vertex 157.318 14.568 5
      vertex 158.25 13.8529 2.5
      vertex 157.318 14.568 2.5
    endloop
  endfacet
  facet normal 0.382813 0.923826 -0
    outer loop
      vertex 159.335 13.4033 2.5
      vertex 158.25 13.8529 5
      vertex 159.335 13.4033 5
    endloop
  endfacet
  facet normal 0.382813 0.923826 0
    outer loop
      vertex 158.25 13.8529 5
      vertex 159.335 13.4033 2.5
      vertex 158.25 13.8529 2.5
    endloop
  endfacet
  facet normal -0.793414 0.608682 0
    outer loop
      vertex 163.682 14.568 2.5
      vertex 164.397 15.5 5
      vertex 164.397 15.5 2.5
    endloop
  endfacet
  facet normal -0.793414 0.608682 0
    outer loop
      vertex 164.397 15.5 5
      vertex 163.682 14.568 2.5
      vertex 163.682 14.568 5
    endloop
  endfacet
  facet normal -0.130463 0.991453 0
    outer loop
      vertex 161.665 13.4033 2.5
      vertex 160.5 13.25 5
      vertex 161.665 13.4033 5
    endloop
  endfacet
  facet normal -0.130463 0.991453 0
    outer loop
      vertex 160.5 13.25 5
      vertex 161.665 13.4033 2.5
      vertex 160.5 13.25 2.5
    endloop
  endfacet
  facet normal 0.131159 0.991361 -0
    outer loop
      vertex 160.5 135.5 0
      vertex 159.918 135.577 2.5
      vertex 160.5 135.5 2.5
    endloop
  endfacet
  facet normal 0.131159 0.991361 0
    outer loop
      vertex 159.918 135.577 2.5
      vertex 160.5 135.5 0
      vertex 159.918 135.577 0
    endloop
  endfacet
  facet normal 1 -0 0
    outer loop
      vertex 158.25 137.75 2.5
      vertex 158.25 143.25 0
      vertex 158.25 143.25 2.5
    endloop
  endfacet
  facet normal 1 0 0
    outer loop
      vertex 158.25 143.25 0
      vertex 158.25 137.75 2.5
      vertex 158.25 137.75 0
    endloop
  endfacet
  facet normal 0.131159 -0.991361 0
    outer loop
      vertex 159.918 145.423 0
      vertex 160.5 145.5 2.5
      vertex 159.918 145.423 2.5
    endloop
  endfacet
  facet normal 0.131159 -0.991361 0
    outer loop
      vertex 160.5 145.5 2.5
      vertex 159.918 145.423 0
      vertex 160.5 145.5 0
    endloop
  endfacet
  facet normal -0.131159 -0.991361 0
    outer loop
      vertex 160.5 145.5 0
      vertex 161.082 145.423 2.5
      vertex 160.5 145.5 2.5
    endloop
  endfacet
  facet normal -0.131159 -0.991361 -0
    outer loop
      vertex 161.082 145.423 2.5
      vertex 160.5 145.5 0
      vertex 161.082 145.423 0
    endloop
  endfacet
  facet normal 0.793003 0.609217 0
    outer loop
      vertex 158.909 136.159 2.5
      vertex 158.551 136.625 0
      vertex 158.551 136.625 2.5
    endloop
  endfacet
  facet normal 0.793003 0.609217 0
    outer loop
      vertex 158.551 136.625 0
      vertex 158.909 136.159 2.5
      vertex 158.909 136.159 0
    endloop
  endfacet
  facet normal -0.609217 -0.793003 0
    outer loop
      vertex 161.625 145.199 0
      vertex 162.091 144.841 2.5
      vertex 161.625 145.199 2.5
    endloop
  endfacet
  facet normal -0.609217 -0.793003 -0
    outer loop
      vertex 162.091 144.841 2.5
      vertex 161.625 145.199 0
      vertex 162.091 144.841 0
    endloop
  endfacet
  facet normal -0.991361 0.131159 0
    outer loop
      vertex 162.673 137.168 0
      vertex 162.75 137.75 2.5
      vertex 162.75 137.75 0
    endloop
  endfacet
  facet normal -0.991361 0.131159 0
    outer loop
      vertex 162.75 137.75 2.5
      vertex 162.673 137.168 0
      vertex 162.673 137.168 2.5
    endloop
  endfacet
  facet normal -0.381349 -0.924431 0
    outer loop
      vertex 161.082 145.423 0
      vertex 161.625 145.199 2.5
      vertex 161.082 145.423 2.5
    endloop
  endfacet
  facet normal -0.381349 -0.924431 -0
    outer loop
      vertex 161.625 145.199 2.5
      vertex 161.082 145.423 0
      vertex 161.625 145.199 0
    endloop
  endfacet
  facet normal 0.991361 0.131159 0
    outer loop
      vertex 158.327 137.168 2.5
      vertex 158.25 137.75 0
      vertex 158.25 137.75 2.5
    endloop
  endfacet
  facet normal 0.991361 0.131159 0
    outer loop
      vertex 158.25 137.75 0
      vertex 158.327 137.168 2.5
      vertex 158.327 137.168 0
    endloop
  endfacet
  facet normal -0.991361 -0.131159 0
    outer loop
      vertex 162.75 143.25 0
      vertex 162.673 143.832 2.5
      vertex 162.673 143.832 0
    endloop
  endfacet
  facet normal -0.991361 -0.131159 0
    outer loop
      vertex 162.673 143.832 2.5
      vertex 162.75 143.25 0
      vertex 162.75 143.25 2.5
    endloop
  endfacet
  facet normal 0.793003 -0.609217 0
    outer loop
      vertex 158.551 144.375 2.5
      vertex 158.909 144.841 0
      vertex 158.909 144.841 2.5
    endloop
  endfacet
  facet normal 0.793003 -0.609217 0
    outer loop
      vertex 158.909 144.841 0
      vertex 158.551 144.375 2.5
      vertex 158.551 144.375 0
    endloop
  endfacet
  facet normal -0.793003 -0.609217 0
    outer loop
      vertex 162.449 144.375 0
      vertex 162.091 144.841 2.5
      vertex 162.091 144.841 0
    endloop
  endfacet
  facet normal -0.793003 -0.609217 0
    outer loop
      vertex 162.091 144.841 2.5
      vertex 162.449 144.375 0
      vertex 162.449 144.375 2.5
    endloop
  endfacet
  facet normal 0.381349 -0.924431 0
    outer loop
      vertex 159.375 145.199 0
      vertex 159.918 145.423 2.5
      vertex 159.375 145.199 2.5
    endloop
  endfacet
  facet normal 0.381349 -0.924431 0
    outer loop
      vertex 159.918 145.423 2.5
      vertex 159.375 145.199 0
      vertex 159.918 145.423 0
    endloop
  endfacet
  facet normal -1 0 0
    outer loop
      vertex 162.75 137.75 0
      vertex 162.75 143.25 2.5
      vertex 162.75 143.25 0
    endloop
  endfacet
  facet normal -1 -0 0
    outer loop
      vertex 162.75 143.25 2.5
      vertex 162.75 137.75 0
      vertex 162.75 137.75 2.5
    endloop
  endfacet
  facet normal -0.609217 0.793003 0
    outer loop
      vertex 162.091 136.159 0
      vertex 161.625 135.801 2.5
      vertex 162.091 136.159 2.5
    endloop
  endfacet
  facet normal -0.609217 0.793003 0
    outer loop
      vertex 161.625 135.801 2.5
      vertex 162.091 136.159 0
      vertex 161.625 135.801 0
    endloop
  endfacet
  facet normal 0.381349 0.924431 -0
    outer loop
      vertex 159.918 135.577 0
      vertex 159.375 135.801 2.5
      vertex 159.918 135.577 2.5
    endloop
  endfacet
  facet normal 0.381349 0.924431 0
    outer loop
      vertex 159.375 135.801 2.5
      vertex 159.918 135.577 0
      vertex 159.375 135.801 0
    endloop
  endfacet
  facet normal 0.924431 0.381349 0
    outer loop
      vertex 158.551 136.625 2.5
      vertex 158.327 137.168 0
      vertex 158.327 137.168 2.5
    endloop
  endfacet
  facet normal 0.924431 0.381349 0
    outer loop
      vertex 158.327 137.168 0
      vertex 158.551 136.625 2.5
      vertex 158.551 136.625 0
    endloop
  endfacet
  facet normal 0.609217 -0.793003 0
    outer loop
      vertex 158.909 144.841 0
      vertex 159.375 145.199 2.5
      vertex 158.909 144.841 2.5
    endloop
  endfacet
  facet normal 0.609217 -0.793003 0
    outer loop
      vertex 159.375 145.199 2.5
      vertex 158.909 144.841 0
      vertex 159.375 145.199 0
    endloop
  endfacet
  facet normal 0.991361 -0.131159 0
    outer loop
      vertex 158.25 143.25 2.5
      vertex 158.327 143.832 0
      vertex 158.327 143.832 2.5
    endloop
  endfacet
  facet normal 0.991361 -0.131159 0
    outer loop
      vertex 158.327 143.832 0
      vertex 158.25 143.25 2.5
      vertex 158.25 143.25 0
    endloop
  endfacet
  facet normal -0.924431 0.381349 0
    outer loop
      vertex 162.449 136.625 0
      vertex 162.673 137.168 2.5
      vertex 162.673 137.168 0
    endloop
  endfacet
  facet normal -0.924431 0.381349 0
    outer loop
      vertex 162.673 137.168 2.5
      vertex 162.449 136.625 0
      vertex 162.449 136.625 2.5
    endloop
  endfacet
  facet normal 0.609217 0.793003 -0
    outer loop
      vertex 159.375 135.801 0
      vertex 158.909 136.159 2.5
      vertex 159.375 135.801 2.5
    endloop
  endfacet
  facet normal 0.609217 0.793003 0
    outer loop
      vertex 158.909 136.159 2.5
      vertex 159.375 135.801 0
      vertex 158.909 136.159 0
    endloop
  endfacet
  facet normal -0.924431 -0.381349 0
    outer loop
      vertex 162.673 143.832 0
      vertex 162.449 144.375 2.5
      vertex 162.449 144.375 0
    endloop
  endfacet
  facet normal -0.924431 -0.381349 0
    outer loop
      vertex 162.449 144.375 2.5
      vertex 162.673 143.832 0
      vertex 162.673 143.832 2.5
    endloop
  endfacet
  facet normal 0.924431 -0.381349 0
    outer loop
      vertex 158.327 143.832 2.5
      vertex 158.551 144.375 0
      vertex 158.551 144.375 2.5
    endloop
  endfacet
  facet normal 0.924431 -0.381349 0
    outer loop
      vertex 158.551 144.375 0
      vertex 158.327 143.832 2.5
      vertex 158.327 143.832 0
    endloop
  endfacet
  facet normal -0.381349 0.924431 0
    outer loop
      vertex 161.625 135.801 0
      vertex 161.082 135.577 2.5
      vertex 161.625 135.801 2.5
    endloop
  endfacet
  facet normal -0.381349 0.924431 0
    outer loop
      vertex 161.082 135.577 2.5
      vertex 161.625 135.801 0
      vertex 161.082 135.577 0
    endloop
  endfacet
  facet normal -0.793003 0.609217 0
    outer loop
      vertex 162.091 136.159 0
      vertex 162.449 136.625 2.5
      vertex 162.449 136.625 0
    endloop
  endfacet
  facet normal -0.793003 0.609217 0
    outer loop
      vertex 162.449 136.625 2.5
      vertex 162.091 136.159 0
      vertex 162.091 136.159 2.5
    endloop
  endfacet
  facet normal -0.131159 0.991361 0
    outer loop
      vertex 161.082 135.577 0
      vertex 160.5 135.5 2.5
      vertex 161.082 135.577 2.5
    endloop
  endfacet
  facet normal -0.131159 0.991361 0
    outer loop
      vertex 160.5 135.5 2.5
      vertex 161.082 135.577 0
      vertex 160.5 135.5 0
    endloop
  endfacet
  facet normal 0.130212 0.991486 -0
    outer loop
      vertex 160.5 133.25 2.5
      vertex 159.335 133.403 5
      vertex 160.5 133.25 5
    endloop
  endfacet
  facet normal 0.130212 0.991486 0
    outer loop
      vertex 159.335 133.403 5
      vertex 160.5 133.25 2.5
      vertex 159.335 133.403 2.5
    endloop
  endfacet
  facet normal 0.923705 -0.383104 0
    outer loop
      vertex 156.153 144.415 5
      vertex 156.603 145.5 2.5
      vertex 156.603 145.5 5
    endloop
  endfacet
  facet normal 0.923705 -0.383104 0
    outer loop
      vertex 156.603 145.5 2.5
      vertex 156.153 144.415 5
      vertex 156.153 144.415 2.5
    endloop
  endfacet
  facet normal -0.130212 -0.991486 0
    outer loop
      vertex 160.5 147.75 2.5
      vertex 161.665 147.597 5
      vertex 160.5 147.75 5
    endloop
  endfacet
  facet normal -0.130212 -0.991486 -0
    outer loop
      vertex 161.665 147.597 5
      vertex 160.5 147.75 2.5
      vertex 161.665 147.597 2.5
    endloop
  endfacet
  facet normal -0.383104 -0.923705 0
    outer loop
      vertex 161.665 147.597 2.5
      vertex 162.75 147.147 5
      vertex 161.665 147.597 5
    endloop
  endfacet
  facet normal -0.383104 -0.923705 -0
    outer loop
      vertex 162.75 147.147 5
      vertex 161.665 147.597 2.5
      vertex 162.75 147.147 2.5
    endloop
  endfacet
  facet normal 0.608682 -0.793414 0
    outer loop
      vertex 157.318 146.432 2.5
      vertex 158.25 147.147 5
      vertex 157.318 146.432 5
    endloop
  endfacet
  facet normal 0.608682 -0.793414 0
    outer loop
      vertex 158.25 147.147 5
      vertex 157.318 146.432 2.5
      vertex 158.25 147.147 2.5
    endloop
  endfacet
  facet normal 0.793414 0.608682 0
    outer loop
      vertex 157.318 134.568 5
      vertex 156.603 135.5 2.5
      vertex 156.603 135.5 5
    endloop
  endfacet
  facet normal 0.793414 0.608682 0
    outer loop
      vertex 156.603 135.5 2.5
      vertex 157.318 134.568 5
      vertex 157.318 134.568 2.5
    endloop
  endfacet
  facet normal -0.608682 -0.793414 0
    outer loop
      vertex 162.75 147.147 2.5
      vertex 163.682 146.432 5
      vertex 162.75 147.147 5
    endloop
  endfacet
  facet normal -0.608682 -0.793414 -0
    outer loop
      vertex 163.682 146.432 5
      vertex 162.75 147.147 2.5
      vertex 163.682 146.432 2.5
    endloop
  endfacet
  facet normal 0.923705 0.383104 0
    outer loop
      vertex 156.603 135.5 5
      vertex 156.153 136.585 2.5
      vertex 156.153 136.585 5
    endloop
  endfacet
  facet normal 0.923705 0.383104 0
    outer loop
      vertex 156.153 136.585 2.5
      vertex 156.603 135.5 5
      vertex 156.603 135.5 2.5
    endloop
  endfacet
  facet normal 0.130212 -0.991486 0
    outer loop
      vertex 159.335 147.597 2.5
      vertex 160.5 147.75 5
      vertex 159.335 147.597 5
    endloop
  endfacet
  facet normal 0.130212 -0.991486 0
    outer loop
      vertex 160.5 147.75 5
      vertex 159.335 147.597 2.5
      vertex 160.5 147.75 2.5
    endloop
  endfacet
  facet normal -0.793414 -0.608682 0
    outer loop
      vertex 164.397 145.5 2.5
      vertex 163.682 146.432 5
      vertex 163.682 146.432 2.5
    endloop
  endfacet
  facet normal -0.793414 -0.608682 0
    outer loop
      vertex 163.682 146.432 5
      vertex 164.397 145.5 2.5
      vertex 164.397 145.5 5
    endloop
  endfacet
  facet normal -0.991486 -0.130212 0
    outer loop
      vertex 165 143.25 2.5
      vertex 164.847 144.415 5
      vertex 164.847 144.415 2.5
    endloop
  endfacet
  facet normal -0.991486 -0.130212 0
    outer loop
      vertex 164.847 144.415 5
      vertex 165 143.25 2.5
      vertex 165 143.25 5
    endloop
  endfacet
  facet normal 0.383104 -0.923705 0
    outer loop
      vertex 158.25 147.147 2.5
      vertex 159.335 147.597 5
      vertex 158.25 147.147 5
    endloop
  endfacet
  facet normal 0.383104 -0.923705 0
    outer loop
      vertex 159.335 147.597 5
      vertex 158.25 147.147 2.5
      vertex 159.335 147.597 2.5
    endloop
  endfacet
  facet normal 0.991486 -0.130212 0
    outer loop
      vertex 156 143.25 5
      vertex 156.153 144.415 2.5
      vertex 156.153 144.415 5
    endloop
  endfacet
  facet normal 0.991486 -0.130212 0
    outer loop
      vertex 156.153 144.415 2.5
      vertex 156 143.25 5
      vertex 156 143.25 2.5
    endloop
  endfacet
  facet normal -1 0 0
    outer loop
      vertex 165 137.75 2.5
      vertex 165 143.25 5
      vertex 165 143.25 2.5
    endloop
  endfacet
  facet normal -1 -0 0
    outer loop
      vertex 165 143.25 5
      vertex 165 137.75 2.5
      vertex 165 137.75 5
    endloop
  endfacet
  facet normal -0.608682 0.793414 0
    outer loop
      vertex 163.682 134.568 2.5
      vertex 162.75 133.853 5
      vertex 163.682 134.568 5
    endloop
  endfacet
  facet normal -0.608682 0.793414 0
    outer loop
      vertex 162.75 133.853 5
      vertex 163.682 134.568 2.5
      vertex 162.75 133.853 2.5
    endloop
  endfacet
  facet normal 0 0 1
    outer loop
      vertex 164.847 144.415 2.5
      vertex 162.673 143.832 2.5
      vertex 162.75 143.25 2.5
    endloop
  endfacet
  facet normal 0 0 1
    outer loop
      vertex 163.682 146.432 2.5
      vertex 162.449 144.375 2.5
      vertex 162.673 143.832 2.5
    endloop
  endfacet
  facet normal 0 0 1
    outer loop
      vertex 163.682 146.432 2.5
      vertex 162.091 144.841 2.5
      vertex 162.449 144.375 2.5
    endloop
  endfacet
  facet normal 0 0 1
    outer loop
      vertex 161.625 145.199 2.5
      vertex 162.75 147.147 2.5
      vertex 161.665 147.597 2.5
    endloop
  endfacet
  facet normal 0 0 1
    outer loop
      vertex 162.75 147.147 2.5
      vertex 161.625 145.199 2.5
      vertex 162.091 144.841 2.5
    endloop
  endfacet
  facet normal 0 0 1
    outer loop
      vertex 161.665 147.597 2.5
      vertex 161.082 145.423 2.5
      vertex 161.625 145.199 2.5
    endloop
  endfacet
  facet normal 0 0 1
    outer loop
      vertex 160.5 147.75 2.5
      vertex 161.082 145.423 2.5
      vertex 161.665 147.597 2.5
    endloop
  endfacet
  facet normal 0 0 1
    outer loop
      vertex 160.5 147.75 2.5
      vertex 160.5 145.5 2.5
      vertex 161.082 145.423 2.5
    endloop
  endfacet
  facet normal 0 0 1
    outer loop
      vertex 160.5 147.75 2.5
      vertex 159.918 145.423 2.5
      vertex 160.5 145.5 2.5
    endloop
  endfacet
  facet normal -0 0 1
    outer loop
      vertex 159.335 147.597 2.5
      vertex 159.918 145.423 2.5
      vertex 160.5 147.75 2.5
    endloop
  endfacet
  facet normal 0 0 1
    outer loop
      vertex 159.918 145.423 2.5
      vertex 159.335 147.597 2.5
      vertex 159.375 145.199 2.5
    endloop
  endfacet
  facet normal -0 0 1
    outer loop
      vertex 158.25 147.147 2.5
      vertex 159.375 145.199 2.5
      vertex 159.335 147.597 2.5
    endloop
  endfacet
  facet normal 0 0 1
    outer loop
      vertex 159.375 145.199 2.5
      vertex 158.25 147.147 2.5
      vertex 158.909 144.841 2.5
    endloop
  endfacet
  facet normal -0 0 1
    outer loop
      vertex 157.318 146.432 2.5
      vertex 158.909 144.841 2.5
      vertex 158.25 147.147 2.5
    endloop
  endfacet
  facet normal 0 0 1
    outer loop
      vertex 158.909 144.841 2.5
      vertex 157.318 146.432 2.5
      vertex 158.551 144.375 2.5
    endloop
  endfacet
  facet normal -0 0 1
    outer loop
      vertex 156.603 145.5 2.5
      vertex 158.551 144.375 2.5
      vertex 157.318 146.432 2.5
    endloop
  endfacet
  facet normal 0 0 1
    outer loop
      vertex 158.551 144.375 2.5
      vertex 156.603 145.5 2.5
      vertex 158.327 143.832 2.5
    endloop
  endfacet
  facet normal 0 0 1
    outer loop
      vertex 158.25 143.25 2.5
      vertex 156 143.25 2.5
      vertex 158.25 137.75 2.5
    endloop
  endfacet
  facet normal -0 0 1
    outer loop
      vertex 156.153 144.415 2.5
      vertex 158.327 143.832 2.5
      vertex 156.603 145.5 2.5
    endloop
  endfacet
  facet normal 0 0 1
    outer loop
      vertex 156 137.75 2.5
      vertex 158.25 137.75 2.5
      vertex 156 143.25 2.5
    endloop
  endfacet
  facet normal 0 0 1
    outer loop
      vertex 158.327 143.832 2.5
      vertex 156.153 144.415 2.5
      vertex 158.25 143.25 2.5
    endloop
  endfacet
  facet normal 0 -0 1
    outer loop
      vertex 156.153 136.585 2.5
      vertex 158.25 137.75 2.5
      vertex 156 137.75 2.5
    endloop
  endfacet
  facet normal 0 0 1
    outer loop
      vertex 158.25 143.25 2.5
      vertex 156.153 144.415 2.5
      vertex 156 143.25 2.5
    endloop
  endfacet
  facet normal 0 0 1
    outer loop
      vertex 158.25 137.75 2.5
      vertex 157.318 134.568 2.5
      vertex 158.25 133.853 2.5
    endloop
  endfacet
  facet normal 0 0 1
    outer loop
      vertex 158.25 137.75 2.5
      vertex 156.603 135.5 2.5
      vertex 157.318 134.568 2.5
    endloop
  endfacet
  facet normal 0 0 1
    outer loop
      vertex 158.25 137.75 2.5
      vertex 156.153 136.585 2.5
      vertex 156.603 135.5 2.5
    endloop
  endfacet
  facet normal 0 0 1
    outer loop
      vertex 162.75 143.25 2.5
      vertex 165 143.25 2.5
      vertex 164.847 144.415 2.5
    endloop
  endfacet
  facet normal 0 0 1
    outer loop
      vertex 165 143.25 2.5
      vertex 162.75 143.25 2.5
      vertex 165 137.75 2.5
    endloop
  endfacet
  facet normal 0 0 1
    outer loop
      vertex 162.673 143.832 2.5
      vertex 164.847 144.415 2.5
      vertex 164.397 145.5 2.5
    endloop
  endfacet
  facet normal 0 0 1
    outer loop
      vertex 162.75 137.75 2.5
      vertex 165 137.75 2.5
      vertex 162.75 143.25 2.5
    endloop
  endfacet
  facet normal 0 0 1
    outer loop
      vertex 162.673 143.832 2.5
      vertex 164.397 145.5 2.5
      vertex 163.682 146.432 2.5
    endloop
  endfacet
  facet normal 0 0 1
    outer loop
      vertex 165 137.75 2.5
      vertex 162.75 137.75 2.5
      vertex 164.847 136.585 2.5
    endloop
  endfacet
  facet normal 0 0 1
    outer loop
      vertex 162.091 144.841 2.5
      vertex 163.682 146.432 2.5
      vertex 162.75 147.147 2.5
    endloop
  endfacet
  facet normal -0 0 1
    outer loop
      vertex 162.673 137.168 2.5
      vertex 164.847 136.585 2.5
      vertex 162.75 137.75 2.5
    endloop
  endfacet
  facet normal 0 0 1
    outer loop
      vertex 164.847 136.585 2.5
      vertex 162.673 137.168 2.5
      vertex 164.397 135.5 2.5
    endloop
  endfacet
  facet normal -0 0 1
    outer loop
      vertex 162.449 136.625 2.5
      vertex 164.397 135.5 2.5
      vertex 162.673 137.168 2.5
    endloop
  endfacet
  facet normal 0 0 1
    outer loop
      vertex 164.397 135.5 2.5
      vertex 162.449 136.625 2.5
      vertex 163.682 134.568 2.5
    endloop
  endfacet
  facet normal -0 0 1
    outer loop
      vertex 162.091 136.159 2.5
      vertex 163.682 134.568 2.5
      vertex 162.449 136.625 2.5
    endloop
  endfacet
  facet normal 0 0 1
    outer loop
      vertex 163.682 134.568 2.5
      vertex 162.091 136.159 2.5
      vertex 162.75 133.853 2.5
    endloop
  endfacet
  facet normal -0 0 1
    outer loop
      vertex 161.625 135.801 2.5
      vertex 162.75 133.853 2.5
      vertex 162.091 136.159 2.5
    endloop
  endfacet
  facet normal 0 0 1
    outer loop
      vertex 162.75 133.853 2.5
      vertex 161.625 135.801 2.5
      vertex 161.665 133.403 2.5
    endloop
  endfacet
  facet normal -0 0 1
    outer loop
      vertex 161.082 135.577 2.5
      vertex 161.665 133.403 2.5
      vertex 161.625 135.801 2.5
    endloop
  endfacet
  facet normal -0 0 1
    outer loop
      vertex 160.5 135.5 2.5
      vertex 161.665 133.403 2.5
      vertex 161.082 135.577 2.5
    endloop
  endfacet
  facet normal 0 0 1
    outer loop
      vertex 160.5 135.5 2.5
      vertex 160.5 133.25 2.5
      vertex 161.665 133.403 2.5
    endloop
  endfacet
  facet normal 0 0 1
    outer loop
      vertex 159.918 135.577 2.5
      vertex 160.5 133.25 2.5
      vertex 160.5 135.5 2.5
    endloop
  endfacet
  facet normal 0 0 1
    outer loop
      vertex 159.335 133.403 2.5
      vertex 159.918 135.577 2.5
      vertex 159.375 135.801 2.5
    endloop
  endfacet
  facet normal 0 0 1
    outer loop
      vertex 159.918 135.577 2.5
      vertex 159.335 133.403 2.5
      vertex 160.5 133.25 2.5
    endloop
  endfacet
  facet normal 0 0 1
    outer loop
      vertex 158.25 133.853 2.5
      vertex 159.375 135.801 2.5
      vertex 158.909 136.159 2.5
    endloop
  endfacet
  facet normal 0 0 1
    outer loop
      vertex 158.25 133.853 2.5
      vertex 158.909 136.159 2.5
      vertex 158.551 136.625 2.5
    endloop
  endfacet
  facet normal 0 0 1
    outer loop
      vertex 158.25 133.853 2.5
      vertex 158.551 136.625 2.5
      vertex 158.327 137.168 2.5
    endloop
  endfacet
  facet normal 0 0 1
    outer loop
      vertex 159.375 135.801 2.5
      vertex 158.25 133.853 2.5
      vertex 159.335 133.403 2.5
    endloop
  endfacet
  facet normal 0 0 1
    outer loop
      vertex 158.25 133.853 2.5
      vertex 158.327 137.168 2.5
      vertex 158.25 137.75 2.5
    endloop
  endfacet
  facet normal 0.793414 -0.608682 0
    outer loop
      vertex 156.603 145.5 5
      vertex 157.318 146.432 2.5
      vertex 157.318 146.432 5
    endloop
  endfacet
  facet normal 0.793414 -0.608682 0
    outer loop
      vertex 157.318 146.432 2.5
      vertex 156.603 145.5 5
      vertex 156.603 145.5 2.5
    endloop
  endfacet
  facet normal 0.991486 0.130212 0
    outer loop
      vertex 156.153 136.585 5
      vertex 156 137.75 2.5
      vertex 156 137.75 5
    endloop
  endfacet
  facet normal 0.991486 0.130212 0
    outer loop
      vertex 156 137.75 2.5
      vertex 156.153 136.585 5
      vertex 156.153 136.585 2.5
    endloop
  endfacet
  facet normal -0.991486 0.130212 0
    outer loop
      vertex 164.847 136.585 2.5
      vertex 165 137.75 5
      vertex 165 137.75 2.5
    endloop
  endfacet
  facet normal -0.991486 0.130212 0
    outer loop
      vertex 165 137.75 5
      vertex 164.847 136.585 2.5
      vertex 164.847 136.585 5
    endloop
  endfacet
  facet normal -0.923705 0.383104 0
    outer loop
      vertex 164.397 135.5 2.5
      vertex 164.847 136.585 5
      vertex 164.847 136.585 2.5
    endloop
  endfacet
  facet normal -0.923705 0.383104 0
    outer loop
      vertex 164.847 136.585 5
      vertex 164.397 135.5 2.5
      vertex 164.397 135.5 5
    endloop
  endfacet
  facet normal -0.923705 -0.383104 0
    outer loop
      vertex 164.847 144.415 2.5
      vertex 164.397 145.5 5
      vertex 164.397 145.5 2.5
    endloop
  endfacet
  facet normal -0.923705 -0.383104 0
    outer loop
      vertex 164.397 145.5 5
      vertex 164.847 144.415 2.5
      vertex 164.847 144.415 5
    endloop
  endfacet
  facet normal -0.383104 0.923705 0
    outer loop
      vertex 162.75 133.853 2.5
      vertex 161.665 133.403 5
      vertex 162.75 133.853 5
    endloop
  endfacet
  facet normal -0.383104 0.923705 0
    outer loop
      vertex 161.665 133.403 5
      vertex 162.75 133.853 2.5
      vertex 161.665 133.403 2.5
    endloop
  endfacet
  facet normal 0.608682 0.793414 -0
    outer loop
      vertex 158.25 133.853 2.5
      vertex 157.318 134.568 5
      vertex 158.25 133.853 5
    endloop
  endfacet
  facet normal 0.608682 0.793414 0
    outer loop
      vertex 157.318 134.568 5
      vertex 158.25 133.853 2.5
      vertex 157.318 134.568 2.5
    endloop
  endfacet
  facet normal 0.383104 0.923705 -0
    outer loop
      vertex 159.335 133.403 2.5
      vertex 158.25 133.853 5
      vertex 159.335 133.403 5
    endloop
  endfacet
  facet normal 0.383104 0.923705 0
    outer loop
      vertex 158.25 133.853 5
      vertex 159.335 133.403 2.5
      vertex 158.25 133.853 2.5
    endloop
  endfacet
  facet normal -0.793414 0.608682 0
    outer loop
      vertex 163.682 134.568 2.5
      vertex 164.397 135.5 5
      vertex 164.397 135.5 2.5
    endloop
  endfacet
  facet normal -0.793414 0.608682 0
    outer loop
      vertex 164.397 135.5 5
      vertex 163.682 134.568 2.5
      vertex 163.682 134.568 5
    endloop
  endfacet
  facet normal -0.130212 0.991486 0
    outer loop
      vertex 161.665 133.403 2.5
      vertex 160.5 133.25 5
      vertex 161.665 133.403 5
    endloop
  endfacet
  facet normal -0.130212 0.991486 0
    outer loop
      vertex 160.5 133.25 5
      vertex 161.665 133.403 2.5
      vertex 160.5 133.25 2.5
    endloop
  endfacet
  facet normal 1 -0 0
    outer loop
      vertex 47.05 145 5
      vertex 47.05 151 0
      vertex 47.05 151 5
    endloop
  endfacet
  facet normal 1 0 0
    outer loop
      vertex 47.05 151 0
      vertex 47.05 145 5
      vertex 47.05 145 0
    endloop
  endfacet
  facet normal 0 -1 0
    outer loop
      vertex 47.05 151 0
      vertex 49.55 151 5
      vertex 47.05 151 5
    endloop
  endfacet
  facet normal 0 -1 -0
    outer loop
      vertex 49.55 151 5
      vertex 47.05 151 0
      vertex 49.55 151 0
    endloop
  endfacet
  facet normal -1 0 0
    outer loop
      vertex 49.55 145 0
      vertex 49.55 151 5
      vertex 49.55 151 0
    endloop
  endfacet
  facet normal -1 -0 0
    outer loop
      vertex 49.55 151 5
      vertex 49.55 145 0
      vertex 49.55 145 5
    endloop
  endfacet
  facet normal 0 1 -0
    outer loop
      vertex 49.55 145 0
      vertex 47.05 145 5
      vertex 49.55 145 5
    endloop
  endfacet
  facet normal 0 1 0
    outer loop
      vertex 47.05 145 5
      vertex 49.55 145 0
      vertex 47.05 145 0
    endloop
  endfacet
  facet normal 1 -0 0
    outer loop
      vertex 59.05 145 5
      vertex 59.05 151 0
      vertex 59.05 151 5
    endloop
  endfacet
  facet normal 1 0 0
    outer loop
      vertex 59.05 151 0
      vertex 59.05 145 5
      vertex 59.05 145 0
    endloop
  endfacet
  facet normal 0 -1 0
    outer loop
      vertex 59.05 151 0
      vertex 61.55 151 5
      vertex 59.05 151 5
    endloop
  endfacet
  facet normal 0 -1 -0
    outer loop
      vertex 61.55 151 5
      vertex 59.05 151 0
      vertex 61.55 151 0
    endloop
  endfacet
  facet normal -1 0 0
    outer loop
      vertex 61.55 145 0
      vertex 61.55 151 5
      vertex 61.55 151 0
    endloop
  endfacet
  facet normal -1 -0 0
    outer loop
      vertex 61.55 151 5
      vertex 61.55 145 0
      vertex 61.55 145 5
    endloop
  endfacet
  facet normal 0 1 -0
    outer loop
      vertex 61.55 145 0
      vertex 59.05 145 5
      vertex 61.55 145 5
    endloop
  endfacet
  facet normal 0 1 0
    outer loop
      vertex 59.05 145 5
      vertex 61.55 145 0
      vertex 59.05 145 0
    endloop
  endfacet
  facet normal 1 -0 0
    outer loop
      vertex 119.45 145 5
      vertex 119.45 151 0
      vertex 119.45 151 5
    endloop
  endfacet
  facet normal 1 0 0
    outer loop
      vertex 119.45 151 0
      vertex 119.45 145 5
      vertex 119.45 145 0
    endloop
  endfacet
  facet normal 0 -1 0
    outer loop
      vertex 119.45 151 0
      vertex 121.95 151 5
      vertex 119.45 151 5
    endloop
  endfacet
  facet normal 0 -1 -0
    outer loop
      vertex 121.95 151 5
      vertex 119.45 151 0
      vertex 121.95 151 0
    endloop
  endfacet
  facet normal -1 0 0
    outer loop
      vertex 121.95 145 0
      vertex 121.95 151 5
      vertex 121.95 151 0
    endloop
  endfacet
  facet normal -1 -0 0
    outer loop
      vertex 121.95 151 5
      vertex 121.95 145 0
      vertex 121.95 145 5
    endloop
  endfacet
  facet normal 0 1 -0
    outer loop
      vertex 121.95 145 0
      vertex 119.45 145 5
      vertex 121.95 145 5
    endloop
  endfacet
  facet normal 0 1 0
    outer loop
      vertex 119.45 145 5
      vertex 121.95 145 0
      vertex 119.45 145 0
    endloop
  endfacet
  facet normal 1 -0 0
    outer loop
      vertex 131.45 145 5
      vertex 131.45 151 0
      vertex 131.45 151 5
    endloop
  endfacet
  facet normal 1 0 0
    outer loop
      vertex 131.45 151 0
      vertex 131.45 145 5
      vertex 131.45 145 0
    endloop
  endfacet
  facet normal 0 -1 0
    outer loop
      vertex 131.45 151 0
      vertex 133.95 151 5
      vertex 131.45 151 5
    endloop
  endfacet
  facet normal 0 -1 -0
    outer loop
      vertex 133.95 151 5
      vertex 131.45 151 0
      vertex 133.95 151 0
    endloop
  endfacet
  facet normal -1 0 0
    outer loop
      vertex 133.95 145 0
      vertex 133.95 151 5
      vertex 133.95 151 0
    endloop
  endfacet
  facet normal -1 -0 0
    outer loop
      vertex 133.95 151 5
      vertex 133.95 145 0
      vertex 133.95 145 5
    endloop
  endfacet
  facet normal 0 1 -0
    outer loop
      vertex 133.95 145 0
      vertex 131.45 145 5
      vertex 133.95 145 5
    endloop
  endfacet
  facet normal 0 1 0
    outer loop
      vertex 131.45 145 5
      vertex 133.95 145 0
      vertex 131.45 145 0
    endloop
  endfacet
  facet normal -1 0 0
    outer loop
      vertex 176 122 52
      vertex 176 160 59
      vertex 176 160 5
    endloop
  endfacet
  facet normal -1 0 -0
    outer loop
      vertex 176 155 64
      vertex 176 160 59
      vertex 176 122 52
    endloop
  endfacet
  facet normal -1 0 0
    outer loop
      vertex 176 160 59
      vertex 176 155 64
      vertex 176 159.904 59.9754
    endloop
  endfacet
  facet normal -1 0 0
    outer loop
      vertex 176 159.904 59.9754
      vertex 176 155 64
      vertex 176 159.619 60.9134
    endloop
  endfacet
  facet normal -1 0 0
    outer loop
      vertex 176 159.619 60.9134
      vertex 176 155 64
      vertex 176 159.157 61.7778
    endloop
  endfacet
  facet normal -1 0 0
    outer loop
      vertex 176 158.536 62.5355
      vertex 176 155 64
      vertex 176 157.778 63.1573
    endloop
  endfacet
  facet normal -1 0 0
    outer loop
      vertex 176 157.778 63.1573
      vertex 176 155 64
      vertex 176 156.913 63.6194
    endloop
  endfacet
  facet normal -1 0 0
    outer loop
      vertex 176 156.913 63.6194
      vertex 176 155 64
      vertex 176 155.975 63.9039
    endloop
  endfacet
  facet normal -1 0 0
    outer loop
      vertex 176 159.157 61.7778
      vertex 176 155 64
      vertex 176 158.536 62.5355
    endloop
  endfacet
  facet normal -1 0 0
    outer loop
      vertex 176 160 5
      vertex 176 100 52
      vertex 176 122 52
    endloop
  endfacet
  facet normal -1 0 0
    outer loop
      vertex 176 100 52
      vertex 176 61 52
      vertex 176 100 55
    endloop
  endfacet
  facet normal -1 0 0
    outer loop
      vertex 176 25 5
      vertex 176 100 52
      vertex 176 160 5
    endloop
  endfacet
  facet normal -1 -0 0
    outer loop
      vertex 176 100 52
      vertex 176 25 5
      vertex 176 61 52
    endloop
  endfacet
  facet normal -1 0 0
    outer loop
      vertex 176 32.2221 64.8427
      vertex 176 39 55
      vertex 176 39 52
    endloop
  endfacet
  facet normal -1 0 0
    outer loop
      vertex 176 39 55
      vertex 176 34.0245 64.0961
      vertex 176 35 64
    endloop
  endfacet
  facet normal -1 0 0
    outer loop
      vertex 176 39 55
      vertex 176 33.0866 64.3806
      vertex 176 34.0245 64.0961
    endloop
  endfacet
  facet normal -1 0 0
    outer loop
      vertex 176 39 55
      vertex 176 32.2221 64.8427
      vertex 176 33.0866 64.3806
    endloop
  endfacet
  facet normal -1 0 0
    outer loop
      vertex 176 39 52
      vertex 176 31.4645 65.4645
      vertex 176 32.2221 64.8427
    endloop
  endfacet
  facet normal -1 0 0
    outer loop
      vertex 176 25 5
      vertex 176 31.4645 65.4645
      vertex 176 39 52
    endloop
  endfacet
  facet normal -1 0 0
    outer loop
      vertex 176 25 109
      vertex 176 30 104
      vertex 176 30 69
    endloop
  endfacet
  facet normal -1 0 0
    outer loop
      vertex 176 30 104
      vertex 176 25 109
      vertex 176 29.9039 104.975
    endloop
  endfacet
  facet normal -1 0 0
    outer loop
      vertex 176 29.9039 104.975
      vertex 176 25 109
      vertex 176 29.6194 105.913
    endloop
  endfacet
  facet normal -1 0 0
    outer loop
      vertex 176 29.6194 105.913
      vertex 176 25 109
      vertex 176 29.1573 106.778
    endloop
  endfacet
  facet normal -1 0 0
    outer loop
      vertex 176 29.1573 106.778
      vertex 176 25 109
      vertex 176 28.5355 107.536
    endloop
  endfacet
  facet normal -1 0 0
    outer loop
      vertex 176 28.5355 107.536
      vertex 176 25 109
      vertex 176 27.7778 108.157
    endloop
  endfacet
  facet normal -1 0 0
    outer loop
      vertex 176 27.7778 108.157
      vertex 176 25 109
      vertex 176 26.9134 108.619
    endloop
  endfacet
  facet normal -1 0 0
    outer loop
      vertex 176 25 5
      vertex 176 30 69
      vertex 176 30.0961 68.0245
    endloop
  endfacet
  facet normal -1 -0 0
    outer loop
      vertex 176 61 52
      vertex 176 25 5
      vertex 176 39 52
    endloop
  endfacet
  facet normal -1 -0 0
    outer loop
      vertex 176 31.4645 65.4645
      vertex 176 25 5
      vertex 176 30.8427 66.2221
    endloop
  endfacet
  facet normal -1 0 0
    outer loop
      vertex 176 25 5
      vertex 176 30.3806 67.0866
      vertex 176 30.8427 66.2221
    endloop
  endfacet
  facet normal -1 0 0
    outer loop
      vertex 176 25 5
      vertex 176 30.0961 68.0245
      vertex 176 30.3806 67.0866
    endloop
  endfacet
  facet normal -1 -0 0
    outer loop
      vertex 176 30 69
      vertex 176 25 5
      vertex 176 25 109
    endloop
  endfacet
  facet normal -1 0 0
    outer loop
      vertex 176 26.9134 108.619
      vertex 176 25 109
      vertex 176 25.9754 108.904
    endloop
  endfacet
  facet normal -1 0 0
    outer loop
      vertex 176 122 55
      vertex 176 155 64
      vertex 176 122 52
    endloop
  endfacet
  facet normal -1 0 0
    outer loop
      vertex 176 100 55
      vertex 176 155 64
      vertex 176 122 55
    endloop
  endfacet
  facet normal -1 0 0
    outer loop
      vertex 176 61 55
      vertex 176 100 55
      vertex 176 61 52
    endloop
  endfacet
  facet normal -1 0 0
    outer loop
      vertex 176 35 64
      vertex 176 100 55
      vertex 176 61 55
    endloop
  endfacet
  facet normal -1 0 0
    outer loop
      vertex 176 35 64
      vertex 176 61 55
      vertex 176 39 55
    endloop
  endfacet
  facet normal -1 0 0
    outer loop
      vertex 176 100 55
      vertex 176 35 64
      vertex 176 155 64
    endloop
  endfacet
  facet normal -0 0 1
    outer loop
      vertex 24.8467 136.585 5
      vertex 25 23.25 5
      vertex 25 137.75 5
    endloop
  endfacet
  facet normal 0 0 1
    outer loop
      vertex 24.8467 136.585 5
      vertex 24.8467 24.4147 5
      vertex 25 23.25 5
    endloop
  endfacet
  facet normal -0 0 1
    outer loop
      vertex 24.3971 135.5 5
      vertex 24.8467 24.4147 5
      vertex 24.8467 136.585 5
    endloop
  endfacet
  facet normal 0 0 1
    outer loop
      vertex 24.3971 135.5 5
      vertex 24.3971 25.5 5
      vertex 24.8467 24.4147 5
    endloop
  endfacet
  facet normal -0 0 1
    outer loop
      vertex 23.682 134.568 5
      vertex 24.3971 25.5 5
      vertex 24.3971 135.5 5
    endloop
  endfacet
  facet normal 0 0 1
    outer loop
      vertex 23.682 134.568 5
      vertex 23.682 26.432 5
      vertex 24.3971 25.5 5
    endloop
  endfacet
  facet normal -0 0 1
    outer loop
      vertex 22.75 133.853 5
      vertex 23.682 26.432 5
      vertex 23.682 134.568 5
    endloop
  endfacet
  facet normal 0 0 1
    outer loop
      vertex 22.75 133.853 5
      vertex 22.75 27.1471 5
      vertex 23.682 26.432 5
    endloop
  endfacet
  facet normal -0 0 1
    outer loop
      vertex 21.6647 133.403 5
      vertex 22.75 27.1471 5
      vertex 22.75 133.853 5
    endloop
  endfacet
  facet normal 0 0 1
    outer loop
      vertex 21.6647 133.403 5
      vertex 21.6647 27.5967 5
      vertex 22.75 27.1471 5
    endloop
  endfacet
  facet normal -0 0 1
    outer loop
      vertex 20.5 133.25 5
      vertex 21.6647 27.5967 5
      vertex 21.6647 133.403 5
    endloop
  endfacet
  facet normal 0 0 1
    outer loop
      vertex 20.5 133.25 5
      vertex 20.5 27.75 5
      vertex 21.6647 27.5967 5
    endloop
  endfacet
  facet normal 0 0 1
    outer loop
      vertex 19.3353 133.403 5
      vertex 20.5 27.75 5
      vertex 20.5 133.25 5
    endloop
  endfacet
  facet normal 0 0 1
    outer loop
      vertex 19.3353 133.403 5
      vertex 19.3353 27.5967 5
      vertex 20.5 27.75 5
    endloop
  endfacet
  facet normal 0 0 1
    outer loop
      vertex 5 25 5
      vertex 19.3353 133.403 5
      vertex 18.25 133.853 5
    endloop
  endfacet
  facet normal 0 0 1
    outer loop
      vertex 19.3353 133.403 5
      vertex 5 25 5
      vertex 19.3353 27.5967 5
    endloop
  endfacet
  facet normal 0 0 1
    outer loop
      vertex 5 25 5
      vertex 18.25 133.853 5
      vertex 17.318 134.568 5
    endloop
  endfacet
  facet normal 0 0 1
    outer loop
      vertex 19.3353 27.5967 5
      vertex 5 25 5
      vertex 18.25 27.1471 5
    endloop
  endfacet
  facet normal 0 0 1
    outer loop
      vertex 5 25 5
      vertex 17.318 134.568 5
      vertex 16.6029 135.5 5
    endloop
  endfacet
  facet normal 0 -0 1
    outer loop
      vertex 10 25 5
      vertex 18.25 27.1471 5
      vertex 5 25 5
    endloop
  endfacet
  facet normal 0 0 1
    outer loop
      vertex 5 25 5
      vertex 16.6029 135.5 5
      vertex 16.1533 136.585 5
    endloop
  endfacet
  facet normal 0 0 1
    outer loop
      vertex 17.318 26.432 5
      vertex 10 25 5
      vertex 16.6029 25.5 5
    endloop
  endfacet
  facet normal 0 0 1
    outer loop
      vertex 5 160 5
      vertex 16.1533 136.585 5
      vertex 16 137.75 5
    endloop
  endfacet
  facet normal 0 0 1
    outer loop
      vertex 16.6029 25.5 5
      vertex 10 25 5
      vertex 16.1533 24.4147 5
    endloop
  endfacet
  facet normal 0 0 1
    outer loop
      vertex 25 17.75 5
      vertex 24.8467 16.5853 5
      vertex 25 14 5
    endloop
  endfacet
  facet normal 0 0 1
    outer loop
      vertex 59.05 151 5
      vertex 67 157 5
      vertex 67 160 5
    endloop
  endfacet
  facet normal 0 0 1
    outer loop
      vertex 61.55 145 5
      vertex 62 147 5
      vertex 61.55 151 5
    endloop
  endfacet
  facet normal 0 0 1
    outer loop
      vertex 67 157 5
      vertex 61.55 151 5
      vertex 62 147 5
    endloop
  endfacet
  facet normal 0 0 1
    outer loop
      vertex 67 157 5
      vertex 59.05 151 5
      vertex 61.55 151 5
    endloop
  endfacet
  facet normal 0 0 1
    outer loop
      vertex 59.05 151 5
      vertex 49.55 151 5
      vertex 59.05 145 5
    endloop
  endfacet
  facet normal 0 0 1
    outer loop
      vertex 67 160 5
      vertex 49.55 151 5
      vertex 59.05 151 5
    endloop
  endfacet
  facet normal 0 0 1
    outer loop
      vertex 67 160 5
      vertex 47.05 151 5
      vertex 49.55 151 5
    endloop
  endfacet
  facet normal 0 0 1
    outer loop
      vertex 47.05 151 5
      vertex 45 147 5
      vertex 47.05 145 5
    endloop
  endfacet
  facet normal 0 0 1
    outer loop
      vertex 47.05 151 5
      vertex 25 147 5
      vertex 45 147 5
    endloop
  endfacet
  facet normal -0 0 1
    outer loop
      vertex 5 160 5
      vertex 47.05 151 5
      vertex 67 160 5
    endloop
  endfacet
  facet normal 0 0 1
    outer loop
      vertex 25 147 5
      vertex 24.8467 144.415 5
      vertex 25 143.25 5
    endloop
  endfacet
  facet normal 0 0 1
    outer loop
      vertex 25 147 5
      vertex 24.3971 145.5 5
      vertex 24.8467 144.415 5
    endloop
  endfacet
  facet normal 0 0 1
    outer loop
      vertex 25 147 5
      vertex 23.682 146.432 5
      vertex 24.3971 145.5 5
    endloop
  endfacet
  facet normal 0 0 1
    outer loop
      vertex 25 147 5
      vertex 22.75 147.147 5
      vertex 23.682 146.432 5
    endloop
  endfacet
  facet normal 0 0 1
    outer loop
      vertex 47.05 151 5
      vertex 5 160 5
      vertex 25 147 5
    endloop
  endfacet
  facet normal 0 0 1
    outer loop
      vertex 25 147 5
      vertex 21.6647 147.597 5
      vertex 22.75 147.147 5
    endloop
  endfacet
  facet normal 0 0 1
    outer loop
      vertex 25 147 5
      vertex 5 160 5
      vertex 21.6647 147.597 5
    endloop
  endfacet
  facet normal 0 0 1
    outer loop
      vertex 21.6647 147.597 5
      vertex 5 160 5
      vertex 20.5 147.75 5
    endloop
  endfacet
  facet normal 0 0 1
    outer loop
      vertex 5 160 5
      vertex 16 137.75 5
      vertex 16 143.25 5
    endloop
  endfacet
  facet normal 0 0 1
    outer loop
      vertex 16.1533 24.4147 5
      vertex 10 25 5
      vertex 16 23.25 5
    endloop
  endfacet
  facet normal 0 0 1
    outer loop
      vertex 16 23.25 5
      vertex 10 25 5
      vertex 16 17.75 5
    endloop
  endfacet
  facet normal 0 0 1
    outer loop
      vertex 20.5 147.75 5
      vertex 5 160 5
      vertex 19.3353 147.597 5
    endloop
  endfacet
  facet normal 0 0 1
    outer loop
      vertex 5 160 5
      vertex 18.25 147.147 5
      vertex 19.3353 147.597 5
    endloop
  endfacet
  facet normal 0 0 1
    outer loop
      vertex 5 160 5
      vertex 17.318 146.432 5
      vertex 18.25 147.147 5
    endloop
  endfacet
  facet normal 0 0 1
    outer loop
      vertex 5 160 5
      vertex 16.6029 145.5 5
      vertex 17.318 146.432 5
    endloop
  endfacet
  facet normal 0 0 1
    outer loop
      vertex 5 160 5
      vertex 16.1533 144.415 5
      vertex 16.6029 145.5 5
    endloop
  endfacet
  facet normal 0 0 1
    outer loop
      vertex 5 160 5
      vertex 16 143.25 5
      vertex 16.1533 144.415 5
    endloop
  endfacet
  facet normal 0 0 1
    outer loop
      vertex 16.1533 136.585 5
      vertex 5 160 5
      vertex 5 25 5
    endloop
  endfacet
  facet normal 0 0 1
    outer loop
      vertex 18.25 27.1471 5
      vertex 10 25 5
      vertex 17.318 26.432 5
    endloop
  endfacet
  facet normal 0 0 1
    outer loop
      vertex 94.1062 154.606 5
      vertex 104 157 5
      vertex 104 160 5
    endloop
  endfacet
  facet normal 0 0 1
    outer loop
      vertex 104 157 5
      vertex 99.8858 151.574 5
      vertex 100 151 5
    endloop
  endfacet
  facet normal 0 0 1
    outer loop
      vertex 104 157 5
      vertex 99.5607 152.061 5
      vertex 99.8858 151.574 5
    endloop
  endfacet
  facet normal 0 0 1
    outer loop
      vertex 104 157 5
      vertex 99.074 152.386 5
      vertex 99.5607 152.061 5
    endloop
  endfacet
  facet normal 0 0 1
    outer loop
      vertex 104 157 5
      vertex 98.5 152.5 5
      vertex 99.074 152.386 5
    endloop
  endfacet
  facet normal 0 0 1
    outer loop
      vertex 104 157 5
      vertex 94.1062 154.606 5
      vertex 98.5 152.5 5
    endloop
  endfacet
  facet normal -0 -0 1
    outer loop
      vertex 94.9167 153.55 5
      vertex 98.5 152.5 5
      vertex 94.1062 154.606 5
    endloop
  endfacet
  facet normal 0 0 1
    outer loop
      vertex 97.1142 151.574 5
      vertex 95.6 151 5
      vertex 97 151 5
    endloop
  endfacet
  facet normal 0 0 1
    outer loop
      vertex 95.4262 152.32 5
      vertex 97.1142 151.574 5
      vertex 97.4393 152.061 5
    endloop
  endfacet
  facet normal 0 0 1
    outer loop
      vertex 97.926 152.386 5
      vertex 94.9167 153.55 5
      vertex 97.4393 152.061 5
    endloop
  endfacet
  facet normal 0 0 1
    outer loop
      vertex 97.1142 151.574 5
      vertex 95.4262 152.32 5
      vertex 95.6 151 5
    endloop
  endfacet
  facet normal 0 0 1
    outer loop
      vertex 97.4393 152.061 5
      vertex 94.9167 153.55 5
      vertex 95.4262 152.32 5
    endloop
  endfacet
  facet normal 0 0 1
    outer loop
      vertex 98.5 152.5 5
      vertex 94.9167 153.55 5
      vertex 97.926 152.386 5
    endloop
  endfacet
  facet normal 0 0 1
    outer loop
      vertex 104 160 5
      vertex 93.05 155.417 5
      vertex 94.1062 154.606 5
    endloop
  endfacet
  facet normal 0 0 1
    outer loop
      vertex 104 160 5
      vertex 91.82 155.926 5
      vertex 93.05 155.417 5
    endloop
  endfacet
  facet normal 0 0 1
    outer loop
      vertex 104 160 5
      vertex 90.5 156.1 5
      vertex 91.82 155.926 5
    endloop
  endfacet
  facet normal -0 0 1
    outer loop
      vertex 77 160 5
      vertex 90.5 156.1 5
      vertex 104 160 5
    endloop
  endfacet
  facet normal 0 0 1
    outer loop
      vertex 77 157 5
      vertex 85.4 151 5
      vertex 85.5738 152.32 5
    endloop
  endfacet
  facet normal 0 0 1
    outer loop
      vertex 77 157 5
      vertex 85.5738 152.32 5
      vertex 86.0833 153.55 5
    endloop
  endfacet
  facet normal 0 0 1
    outer loop
      vertex 90.5 156.1 5
      vertex 77 160 5
      vertex 89.18 155.926 5
    endloop
  endfacet
  facet normal 0 0 1
    outer loop
      vertex 77 160 5
      vertex 87.95 155.417 5
      vertex 89.18 155.926 5
    endloop
  endfacet
  facet normal 0 0 1
    outer loop
      vertex 77 160 5
      vertex 86.8938 154.606 5
      vertex 87.95 155.417 5
    endloop
  endfacet
  facet normal -0 0 1
    outer loop
      vertex 77 157 5
      vertex 86.8938 154.606 5
      vertex 77 160 5
    endloop
  endfacet
  facet normal 0 0 1
    outer loop
      vertex 86.8938 154.606 5
      vertex 77 157 5
      vertex 86.0833 153.55 5
    endloop
  endfacet
  facet normal 0 0 1
    outer loop
      vertex 85.4 151 5
      vertex 77 157 5
      vertex 82 147 5
    endloop
  endfacet
  facet normal -0 0 1
    outer loop
      vertex 67 157 5
      vertex 82 147 5
      vertex 77 157 5
    endloop
  endfacet
  facet normal 0 0 1
    outer loop
      vertex 82 147 5
      vertex 67 157 5
      vertex 62 147 5
    endloop
  endfacet
  facet normal -0 0 1
    outer loop
      vertex 163.682 134.568 5
      vertex 176 25 5
      vertex 164.397 135.5 5
    endloop
  endfacet
  facet normal 0 0 1
    outer loop
      vertex 171 25 5
      vertex 164.847 24.4147 5
      vertex 165 23.25 5
    endloop
  endfacet
  facet normal -0 0 1
    outer loop
      vertex 162.75 133.853 5
      vertex 176 25 5
      vertex 163.682 134.568 5
    endloop
  endfacet
  facet normal 0 0 1
    outer loop
      vertex 171 25 5
      vertex 164.397 25.5 5
      vertex 164.847 24.4147 5
    endloop
  endfacet
  facet normal -0 0 1
    outer loop
      vertex 161.665 133.403 5
      vertex 176 25 5
      vertex 162.75 133.853 5
    endloop
  endfacet
  facet normal 0 0 1
    outer loop
      vertex 171 25 5
      vertex 163.682 26.432 5
      vertex 164.397 25.5 5
    endloop
  endfacet
  facet normal -0 0 1
    outer loop
      vertex 161.665 27.5967 5
      vertex 176 25 5
      vertex 161.665 133.403 5
    endloop
  endfacet
  facet normal 0 0 1
    outer loop
      vertex 171 25 5
      vertex 162.75 27.1471 5
      vertex 163.682 26.432 5
    endloop
  endfacet
  facet normal -0 -0 1
    outer loop
      vertex 162.75 27.1471 5
      vertex 176 25 5
      vertex 161.665 27.5967 5
    endloop
  endfacet
  facet normal 0 0 1
    outer loop
      vertex 176 25 5
      vertex 162.75 27.1471 5
      vertex 171 25 5
    endloop
  endfacet
  facet normal -0 0 1
    outer loop
      vertex 160.5 133.25 5
      vertex 161.665 27.5967 5
      vertex 161.665 133.403 5
    endloop
  endfacet
  facet normal 0 0 1
    outer loop
      vertex 160.5 133.25 5
      vertex 160.5 27.75 5
      vertex 161.665 27.5967 5
    endloop
  endfacet
  facet normal 0 0 1
    outer loop
      vertex 159.335 133.403 5
      vertex 160.5 27.75 5
      vertex 160.5 133.25 5
    endloop
  endfacet
  facet normal 0 0 1
    outer loop
      vertex 159.335 133.403 5
      vertex 159.335 27.5967 5
      vertex 160.5 27.75 5
    endloop
  endfacet
  facet normal 0 0 1
    outer loop
      vertex 158.25 133.853 5
      vertex 159.335 27.5967 5
      vertex 159.335 133.403 5
    endloop
  endfacet
  facet normal 0 0 1
    outer loop
      vertex 158.25 133.853 5
      vertex 158.25 27.1471 5
      vertex 159.335 27.5967 5
    endloop
  endfacet
  facet normal 0 0 1
    outer loop
      vertex 157.318 134.568 5
      vertex 158.25 27.1471 5
      vertex 158.25 133.853 5
    endloop
  endfacet
  facet normal 0 0 1
    outer loop
      vertex 157.318 134.568 5
      vertex 157.318 26.432 5
      vertex 158.25 27.1471 5
    endloop
  endfacet
  facet normal 0 0 1
    outer loop
      vertex 156.603 135.5 5
      vertex 157.318 26.432 5
      vertex 157.318 134.568 5
    endloop
  endfacet
  facet normal 0 0 1
    outer loop
      vertex 156.603 135.5 5
      vertex 156.603 25.5 5
      vertex 157.318 26.432 5
    endloop
  endfacet
  facet normal 0 0 1
    outer loop
      vertex 156.153 136.585 5
      vertex 156.603 25.5 5
      vertex 156.603 135.5 5
    endloop
  endfacet
  facet normal 0 0 1
    outer loop
      vertex 156.153 136.585 5
      vertex 156.153 24.4147 5
      vertex 156.603 25.5 5
    endloop
  endfacet
  facet normal 0 0 1
    outer loop
      vertex 156 137.75 5
      vertex 156.153 24.4147 5
      vertex 156.153 136.585 5
    endloop
  endfacet
  facet normal 0 0 1
    outer loop
      vertex 156.153 24.4147 5
      vertex 156 137.75 5
      vertex 156 23.25 5
    endloop
  endfacet
  facet normal 0 0 1
    outer loop
      vertex 164.847 136.585 5
      vertex 176 160 5
      vertex 165 137.75 5
    endloop
  endfacet
  facet normal 0 0 1
    outer loop
      vertex 176 160 5
      vertex 164.847 136.585 5
      vertex 176 25 5
    endloop
  endfacet
  facet normal 0 0 1
    outer loop
      vertex 165 137.75 5
      vertex 176 160 5
      vertex 165 143.25 5
    endloop
  endfacet
  facet normal 0 0 1
    outer loop
      vertex 176 160 5
      vertex 164.847 144.415 5
      vertex 165 143.25 5
    endloop
  endfacet
  facet normal 0 0 1
    outer loop
      vertex 176 160 5
      vertex 164.397 145.5 5
      vertex 164.847 144.415 5
    endloop
  endfacet
  facet normal 0 0 1
    outer loop
      vertex 176 160 5
      vertex 163.682 146.432 5
      vertex 164.397 145.5 5
    endloop
  endfacet
  facet normal 0 0 1
    outer loop
      vertex 176 160 5
      vertex 162.75 147.147 5
      vertex 163.682 146.432 5
    endloop
  endfacet
  facet normal 0 0 1
    outer loop
      vertex 176 160 5
      vertex 161.665 147.597 5
      vertex 162.75 147.147 5
    endloop
  endfacet
  facet normal 0 0 1
    outer loop
      vertex 176 160 5
      vertex 160.5 147.75 5
      vertex 161.665 147.597 5
    endloop
  endfacet
  facet normal 0 0 1
    outer loop
      vertex 176 160 5
      vertex 159.335 147.597 5
      vertex 160.5 147.75 5
    endloop
  endfacet
  facet normal 0 0 1
    outer loop
      vertex 156 147 5
      vertex 159.335 147.597 5
      vertex 176 160 5
    endloop
  endfacet
  facet normal 0 0 1
    outer loop
      vertex 156.603 145.5 5
      vertex 156 147 5
      vertex 156.153 144.415 5
    endloop
  endfacet
  facet normal 0 0 1
    outer loop
      vertex 157.318 146.432 5
      vertex 156 147 5
      vertex 156.603 145.5 5
    endloop
  endfacet
  facet normal 0 0 1
    outer loop
      vertex 158.25 147.147 5
      vertex 156 147 5
      vertex 157.318 146.432 5
    endloop
  endfacet
  facet normal 0 0 1
    outer loop
      vertex 159.335 147.597 5
      vertex 156 147 5
      vertex 158.25 147.147 5
    endloop
  endfacet
  facet normal -0 0 1
    outer loop
      vertex 133.95 151 5
      vertex 156 147 5
      vertex 176 160 5
    endloop
  endfacet
  facet normal 0 0 1
    outer loop
      vertex 133.95 145 5
      vertex 136 147 5
      vertex 133.95 151 5
    endloop
  endfacet
  facet normal 0 0 1
    outer loop
      vertex 156 147 5
      vertex 133.95 151 5
      vertex 136 147 5
    endloop
  endfacet
  facet normal -0 0 1
    outer loop
      vertex 114 160 5
      vertex 133.95 151 5
      vertex 176 160 5
    endloop
  endfacet
  facet normal 0 0 1
    outer loop
      vertex 131.45 151 5
      vertex 121.95 151 5
      vertex 131.45 145 5
    endloop
  endfacet
  facet normal 0 0 1
    outer loop
      vertex 133.95 151 5
      vertex 114 160 5
      vertex 131.45 151 5
    endloop
  endfacet
  facet normal 0 0 1
    outer loop
      vertex 131.45 151 5
      vertex 114 160 5
      vertex 121.95 151 5
    endloop
  endfacet
  facet normal 0 0 1
    outer loop
      vertex 119.45 151 5
      vertex 119 147 5
      vertex 119.45 145 5
    endloop
  endfacet
  facet normal -0 0 1
    outer loop
      vertex 114 157 5
      vertex 121.95 151 5
      vertex 114 160 5
    endloop
  endfacet
  facet normal 0 0 1
    outer loop
      vertex 121.95 151 5
      vertex 114 157 5
      vertex 119.45 151 5
    endloop
  endfacet
  facet normal 0 0 1
    outer loop
      vertex 119.45 151 5
      vertex 114 157 5
      vertex 119 147 5
    endloop
  endfacet
  facet normal 0 0 1
    outer loop
      vertex 100 151 5
      vertex 114 157 5
      vertex 104 157 5
    endloop
  endfacet
  facet normal 0 0 1
    outer loop
      vertex 99.8858 150.426 5
      vertex 114 157 5
      vertex 100 151 5
    endloop
  endfacet
  facet normal 0 0 1
    outer loop
      vertex 114 157 5
      vertex 99.8858 150.426 5
      vertex 119 147 5
    endloop
  endfacet
  facet normal 0 0 1
    outer loop
      vertex 99 147 5
      vertex 99.8858 150.426 5
      vertex 99.5607 149.939 5
    endloop
  endfacet
  facet normal 0 0 1
    outer loop
      vertex 99 147 5
      vertex 99.5607 149.939 5
      vertex 99.074 149.614 5
    endloop
  endfacet
  facet normal 0 0 1
    outer loop
      vertex 99.8858 150.426 5
      vertex 99 147 5
      vertex 119 147 5
    endloop
  endfacet
  facet normal 0 0 1
    outer loop
      vertex 97.926 149.614 5
      vertex 99 147 5
      vertex 98.5 149.5 5
    endloop
  endfacet
  facet normal -0 0 1
    outer loop
      vertex 98.5 149.5 5
      vertex 99 147 5
      vertex 99.074 149.614 5
    endloop
  endfacet
  facet normal -0 0 1
    outer loop
      vertex 164.397 135.5 5
      vertex 176 25 5
      vertex 164.847 136.585 5
    endloop
  endfacet
  facet normal 0 0 1
    outer loop
      vertex 165 17.75 5
      vertex 171 25 5
      vertex 165 23.25 5
    endloop
  endfacet
  facet normal 0 0 1
    outer loop
      vertex 164.847 16.5853 5
      vertex 171 25 5
      vertex 165 17.75 5
    endloop
  endfacet
  facet normal 0 0 1
    outer loop
      vertex 171 25 5
      vertex 164.847 16.5853 5
      vertex 171 0 5
    endloop
  endfacet
  facet normal -0 0 1
    outer loop
      vertex 164.397 15.5 5
      vertex 171 0 5
      vertex 164.847 16.5853 5
    endloop
  endfacet
  facet normal -0 0 1
    outer loop
      vertex 163.682 14.568 5
      vertex 171 0 5
      vertex 164.397 15.5 5
    endloop
  endfacet
  facet normal -0 0 1
    outer loop
      vertex 162.75 13.8529 5
      vertex 171 0 5
      vertex 163.682 14.568 5
    endloop
  endfacet
  facet normal -0 0 1
    outer loop
      vertex 161.665 13.4033 5
      vertex 171 0 5
      vertex 162.75 13.8529 5
    endloop
  endfacet
  facet normal -0 0 1
    outer loop
      vertex 160.5 13.25 5
      vertex 171 0 5
      vertex 161.665 13.4033 5
    endloop
  endfacet
  facet normal 0 0 1
    outer loop
      vertex 159.335 13.4033 5
      vertex 171 0 5
      vertex 160.5 13.25 5
    endloop
  endfacet
  facet normal 0 0 1
    outer loop
      vertex 156 14 5
      vertex 159.335 13.4033 5
      vertex 158.25 13.8529 5
    endloop
  endfacet
  facet normal -0 0 1
    outer loop
      vertex 156 14 5
      vertex 158.25 13.8529 5
      vertex 157.318 14.568 5
    endloop
  endfacet
  facet normal 0 0 1
    outer loop
      vertex 156 14 5
      vertex 156.153 16.5853 5
      vertex 156 17.75 5
    endloop
  endfacet
  facet normal 0 0 1
    outer loop
      vertex 156 14 5
      vertex 156.603 15.5 5
      vertex 156.153 16.5853 5
    endloop
  endfacet
  facet normal 0 0 1
    outer loop
      vertex 156 14 5
      vertex 157.318 14.568 5
      vertex 156.603 15.5 5
    endloop
  endfacet
  facet normal 0 0 1
    outer loop
      vertex 159.335 13.4033 5
      vertex 156 14 5
      vertex 171 0 5
    endloop
  endfacet
  facet normal -0 0 1
    outer loop
      vertex 136 14 5
      vertex 171 0 5
      vertex 156 14 5
    endloop
  endfacet
  facet normal 0 0 1
    outer loop
      vertex 136 147 5
      vertex 133.95 145 5
      vertex 136 14 5
    endloop
  endfacet
  facet normal -0 0 1
    outer loop
      vertex 131.45 145 5
      vertex 136 14 5
      vertex 133.95 145 5
    endloop
  endfacet
  facet normal 0 0 1
    outer loop
      vertex 121.95 145 5
      vertex 131.45 145 5
      vertex 121.95 151 5
    endloop
  endfacet
  facet normal 0 0 1
    outer loop
      vertex 119 14 5
      vertex 131.45 145 5
      vertex 121.95 145 5
    endloop
  endfacet
  facet normal 0 0 1
    outer loop
      vertex 119 14 5
      vertex 121.95 145 5
      vertex 119.45 145 5
    endloop
  endfacet
  facet normal 0 0 1
    outer loop
      vertex 119 14 5
      vertex 119.45 145 5
      vertex 119 147 5
    endloop
  endfacet
  facet normal 0 0 1
    outer loop
      vertex 131.45 145 5
      vertex 119 14 5
      vertex 136 14 5
    endloop
  endfacet
  facet normal -0 0 1
    outer loop
      vertex 119 14 5
      vertex 171 0 5
      vertex 136 14 5
    endloop
  endfacet
  facet normal -0 0 1
    outer loop
      vertex 99 14 5
      vertex 171 0 5
      vertex 119 14 5
    endloop
  endfacet
  facet normal 0 0 1
    outer loop
      vertex 99 147 5
      vertex 97.926 149.614 5
      vertex 94.9167 148.45 5
    endloop
  endfacet
  facet normal 0 0 1
    outer loop
      vertex 94.9167 148.45 5
      vertex 97.926 149.614 5
      vertex 97.4393 149.939 5
    endloop
  endfacet
  facet normal 0 0 1
    outer loop
      vertex 95.4262 149.68 5
      vertex 97.4393 149.939 5
      vertex 97.1142 150.426 5
    endloop
  endfacet
  facet normal -0 0 1
    outer loop
      vertex 95.6 151 5
      vertex 97.1142 150.426 5
      vertex 97 151 5
    endloop
  endfacet
  facet normal 0 0 1
    outer loop
      vertex 97.1142 150.426 5
      vertex 95.6 151 5
      vertex 95.4262 149.68 5
    endloop
  endfacet
  facet normal 0 0 1
    outer loop
      vertex 97.4393 149.939 5
      vertex 95.4262 149.68 5
      vertex 94.9167 148.45 5
    endloop
  endfacet
  facet normal 0 0 1
    outer loop
      vertex 99 147 5
      vertex 94.9167 148.45 5
      vertex 94.1062 147.394 5
    endloop
  endfacet
  facet normal 0 0 1
    outer loop
      vertex 99 147 5
      vertex 94.1062 147.394 5
      vertex 93.05 146.583 5
    endloop
  endfacet
  facet normal 0 0 1
    outer loop
      vertex 91.82 146.074 5
      vertex 99 147 5
      vertex 93.05 146.583 5
    endloop
  endfacet
  facet normal 0 0 1
    outer loop
      vertex 99 147 5
      vertex 91.82 146.074 5
      vertex 99 14 5
    endloop
  endfacet
  facet normal -0 0 1
    outer loop
      vertex 90.5 145.9 5
      vertex 99 14 5
      vertex 91.82 146.074 5
    endloop
  endfacet
  facet normal 0 0 1
    outer loop
      vertex 82 14 5
      vertex 90.5 145.9 5
      vertex 89.18 146.074 5
    endloop
  endfacet
  facet normal 0 0 1
    outer loop
      vertex 82 147 5
      vertex 89.18 146.074 5
      vertex 87.95 146.583 5
    endloop
  endfacet
  facet normal -0 0 1
    outer loop
      vertex 82 147 5
      vertex 87.95 146.583 5
      vertex 86.8938 147.394 5
    endloop
  endfacet
  facet normal 0 0 1
    outer loop
      vertex 82 147 5
      vertex 86.8938 147.394 5
      vertex 86.0833 148.45 5
    endloop
  endfacet
  facet normal 0 0 1
    outer loop
      vertex 82 147 5
      vertex 86.0833 148.45 5
      vertex 85.5738 149.68 5
    endloop
  endfacet
  facet normal 0 0 1
    outer loop
      vertex 82 147 5
      vertex 85.5738 149.68 5
      vertex 85.4 151 5
    endloop
  endfacet
  facet normal 0 0 1
    outer loop
      vertex 89.18 146.074 5
      vertex 82 147 5
      vertex 82 14 5
    endloop
  endfacet
  facet normal 0 0 1
    outer loop
      vertex 90.5 145.9 5
      vertex 82 14 5
      vertex 99 14 5
    endloop
  endfacet
  facet normal -0 0 1
    outer loop
      vertex 82 14 5
      vertex 171 0 5
      vertex 99 14 5
    endloop
  endfacet
  facet normal 0 0 1
    outer loop
      vertex 10 0 5
      vertex 82 14 5
      vertex 62 14 5
    endloop
  endfacet
  facet normal 0 0 1
    outer loop
      vertex 62 147 5
      vertex 61.55 145 5
      vertex 62 14 5
    endloop
  endfacet
  facet normal -0 0 1
    outer loop
      vertex 59.05 145 5
      vertex 62 14 5
      vertex 61.55 145 5
    endloop
  endfacet
  facet normal 0 0 1
    outer loop
      vertex 49.55 145 5
      vertex 59.05 145 5
      vertex 49.55 151 5
    endloop
  endfacet
  facet normal 0 0 1
    outer loop
      vertex 59.05 145 5
      vertex 49.55 145 5
      vertex 62 14 5
    endloop
  endfacet
  facet normal 0 0 1
    outer loop
      vertex 45 14 5
      vertex 49.55 145 5
      vertex 47.05 145 5
    endloop
  endfacet
  facet normal 0 0 1
    outer loop
      vertex 45 14 5
      vertex 47.05 145 5
      vertex 45 147 5
    endloop
  endfacet
  facet normal 0 0 1
    outer loop
      vertex 49.55 145 5
      vertex 45 14 5
      vertex 62 14 5
    endloop
  endfacet
  facet normal 0 0 1
    outer loop
      vertex 10 0 5
      vertex 62 14 5
      vertex 45 14 5
    endloop
  endfacet
  facet normal 0 0 1
    outer loop
      vertex 10 0 5
      vertex 45 14 5
      vertex 25 14 5
    endloop
  endfacet
  facet normal -0 0 1
    outer loop
      vertex 24.3971 15.5 5
      vertex 25 14 5
      vertex 24.8467 16.5853 5
    endloop
  endfacet
  facet normal -0 0 1
    outer loop
      vertex 23.682 14.568 5
      vertex 25 14 5
      vertex 24.3971 15.5 5
    endloop
  endfacet
  facet normal 0 0 1
    outer loop
      vertex 22.75 13.8529 5
      vertex 25 14 5
      vertex 23.682 14.568 5
    endloop
  endfacet
  facet normal 0 0 1
    outer loop
      vertex 21.6647 13.4033 5
      vertex 25 14 5
      vertex 22.75 13.8529 5
    endloop
  endfacet
  facet normal 0 0 1
    outer loop
      vertex 25 14 5
      vertex 21.6647 13.4033 5
      vertex 10 0 5
    endloop
  endfacet
  facet normal 0 0 1
    outer loop
      vertex 10 0 5
      vertex 21.6647 13.4033 5
      vertex 20.5 13.25 5
    endloop
  endfacet
  facet normal 0 0 1
    outer loop
      vertex 10 25 5
      vertex 16.1533 16.5853 5
      vertex 16 17.75 5
    endloop
  endfacet
  facet normal 0 0 1
    outer loop
      vertex 10 0 5
      vertex 16.1533 16.5853 5
      vertex 10 25 5
    endloop
  endfacet
  facet normal 0 0 1
    outer loop
      vertex 82 14 5
      vertex 10 0 5
      vertex 171 0 5
    endloop
  endfacet
  facet normal 0 0 1
    outer loop
      vertex 19.3353 13.4033 5
      vertex 10 0 5
      vertex 20.5 13.25 5
    endloop
  endfacet
  facet normal 0 0 1
    outer loop
      vertex 18.25 13.8529 5
      vertex 10 0 5
      vertex 19.3353 13.4033 5
    endloop
  endfacet
  facet normal 0 0 1
    outer loop
      vertex 17.318 14.568 5
      vertex 10 0 5
      vertex 18.25 13.8529 5
    endloop
  endfacet
  facet normal 0 0 1
    outer loop
      vertex 16.6029 15.5 5
      vertex 10 0 5
      vertex 17.318 14.568 5
    endloop
  endfacet
  facet normal 0 0 1
    outer loop
      vertex 16.1533 16.5853 5
      vertex 10 0 5
      vertex 16.6029 15.5 5
    endloop
  endfacet
  facet normal 0 0 1
    outer loop
      vertex 156.153 144.415 5
      vertex 156 147 5
      vertex 156 143.25 5
    endloop
  endfacet
  facet normal 0 0 -1
    outer loop
      vertex 21.625 25.1985 0
      vertex 61.55 145 0
      vertex 22.091 24.841 0
    endloop
  endfacet
  facet normal 0 0 -1
    outer loop
      vertex 49.55 145 0
      vertex 22.6733 137.168 0
      vertex 22.75 137.75 0
    endloop
  endfacet
  facet normal -0 0 -1
    outer loop
      vertex 61.55 145 0
      vertex 21.625 25.1985 0
      vertex 59.05 145 0
    endloop
  endfacet
  facet normal 0 0 -1
    outer loop
      vertex 49.55 145 0
      vertex 22.4485 136.625 0
      vertex 22.6733 137.168 0
    endloop
  endfacet
  facet normal 0 0 -1
    outer loop
      vertex 21.625 135.801 0
      vertex 59.05 145 0
      vertex 21.625 25.1985 0
    endloop
  endfacet
  facet normal 0 0 -1
    outer loop
      vertex 49.55 145 0
      vertex 22.091 136.159 0
      vertex 22.4485 136.625 0
    endloop
  endfacet
  facet normal -0 0 -1
    outer loop
      vertex 59.05 145 0
      vertex 21.625 135.801 0
      vertex 49.55 145 0
    endloop
  endfacet
  facet normal 0 0 -1
    outer loop
      vertex 49.55 145 0
      vertex 21.625 135.801 0
      vertex 22.091 136.159 0
    endloop
  endfacet
  facet normal 0 0 -1
    outer loop
      vertex 21.0823 25.4233 0
      vertex 21.625 135.801 0
      vertex 21.625 25.1985 0
    endloop
  endfacet
  facet normal 0 0 -1
    outer loop
      vertex 21.0823 25.4233 0
      vertex 21.0823 135.577 0
      vertex 21.625 135.801 0
    endloop
  endfacet
  facet normal 0 0 -1
    outer loop
      vertex 20.5 25.5 0
      vertex 21.0823 135.577 0
      vertex 21.0823 25.4233 0
    endloop
  endfacet
  facet normal 0 0 -1
    outer loop
      vertex 20.5 25.5 0
      vertex 20.5 135.5 0
      vertex 21.0823 135.577 0
    endloop
  endfacet
  facet normal 0 0 -1
    outer loop
      vertex 19.9177 25.4233 0
      vertex 20.5 135.5 0
      vertex 20.5 25.5 0
    endloop
  endfacet
  facet normal 0 0 -1
    outer loop
      vertex 19.9177 25.4233 0
      vertex 19.9177 135.577 0
      vertex 20.5 135.5 0
    endloop
  endfacet
  facet normal 0 0 -1
    outer loop
      vertex 19.375 25.1985 0
      vertex 19.9177 135.577 0
      vertex 19.9177 25.4233 0
    endloop
  endfacet
  facet normal 0 0 -1
    outer loop
      vertex 19.375 25.1985 0
      vertex 19.375 135.801 0
      vertex 19.9177 135.577 0
    endloop
  endfacet
  facet normal 0 0 -1
    outer loop
      vertex 18.909 24.841 0
      vertex 19.375 135.801 0
      vertex 19.375 25.1985 0
    endloop
  endfacet
  facet normal 0 0 -1
    outer loop
      vertex 18.909 24.841 0
      vertex 18.909 136.159 0
      vertex 19.375 135.801 0
    endloop
  endfacet
  facet normal 0 0 -1
    outer loop
      vertex 18.5515 24.375 0
      vertex 18.909 136.159 0
      vertex 18.909 24.841 0
    endloop
  endfacet
  facet normal 0 0 -1
    outer loop
      vertex 18.5515 24.375 0
      vertex 18.5515 136.625 0
      vertex 18.909 136.159 0
    endloop
  endfacet
  facet normal 0 0 -1
    outer loop
      vertex 0 0 0
      vertex 18.5515 24.375 0
      vertex 18.3267 23.8323 0
    endloop
  endfacet
  facet normal 0 0 -1
    outer loop
      vertex 18.5515 24.375 0
      vertex 0 160 0
      vertex 18.5515 136.625 0
    endloop
  endfacet
  facet normal 0 0 -1
    outer loop
      vertex 0 0 0
      vertex 18.3267 23.8323 0
      vertex 18.25 23.25 0
    endloop
  endfacet
  facet normal 0 0 -1
    outer loop
      vertex 18.5515 136.625 0
      vertex 0 160 0
      vertex 18.3267 137.168 0
    endloop
  endfacet
  facet normal 0 0 -1
    outer loop
      vertex 181 0 0
      vertex 162.449 24.375 0
      vertex 181 160 0
    endloop
  endfacet
  facet normal 0 0 -1
    outer loop
      vertex 181 160 0
      vertex 162.673 137.168 0
      vertex 162.75 137.75 0
    endloop
  endfacet
  facet normal 0 0 -1
    outer loop
      vertex 162.449 136.625 0
      vertex 181 160 0
      vertex 162.449 24.375 0
    endloop
  endfacet
  facet normal 0 0 -1
    outer loop
      vertex 181 160 0
      vertex 162.449 136.625 0
      vertex 162.673 137.168 0
    endloop
  endfacet
  facet normal 0 0 -1
    outer loop
      vertex 162.091 24.841 0
      vertex 162.449 136.625 0
      vertex 162.449 24.375 0
    endloop
  endfacet
  facet normal 0 0 -1
    outer loop
      vertex 162.091 24.841 0
      vertex 162.091 136.159 0
      vertex 162.449 136.625 0
    endloop
  endfacet
  facet normal 0 0 -1
    outer loop
      vertex 161.625 25.1985 0
      vertex 162.091 136.159 0
      vertex 162.091 24.841 0
    endloop
  endfacet
  facet normal 0 0 -1
    outer loop
      vertex 161.625 25.1985 0
      vertex 161.625 135.801 0
      vertex 162.091 136.159 0
    endloop
  endfacet
  facet normal 0 0 -1
    outer loop
      vertex 161.082 25.4233 0
      vertex 161.625 135.801 0
      vertex 161.625 25.1985 0
    endloop
  endfacet
  facet normal 0 0 -1
    outer loop
      vertex 161.082 25.4233 0
      vertex 161.082 135.577 0
      vertex 161.625 135.801 0
    endloop
  endfacet
  facet normal 0 0 -1
    outer loop
      vertex 160.5 25.5 0
      vertex 161.082 135.577 0
      vertex 161.082 25.4233 0
    endloop
  endfacet
  facet normal 0 0 -1
    outer loop
      vertex 160.5 25.5 0
      vertex 160.5 135.5 0
      vertex 161.082 135.577 0
    endloop
  endfacet
  facet normal 0 0 -1
    outer loop
      vertex 159.918 25.4233 0
      vertex 160.5 135.5 0
      vertex 160.5 25.5 0
    endloop
  endfacet
  facet normal 0 0 -1
    outer loop
      vertex 159.918 25.4233 0
      vertex 159.918 135.577 0
      vertex 160.5 135.5 0
    endloop
  endfacet
  facet normal 0 0 -1
    outer loop
      vertex 159.375 25.1985 0
      vertex 159.918 135.577 0
      vertex 159.918 25.4233 0
    endloop
  endfacet
  facet normal 0 0 -1
    outer loop
      vertex 159.375 25.1985 0
      vertex 159.375 135.801 0
      vertex 159.918 135.577 0
    endloop
  endfacet
  facet normal 0 0 -1
    outer loop
      vertex 119.45 145 0
      vertex 159.375 25.1985 0
      vertex 158.909 24.841 0
    endloop
  endfacet
  facet normal 0 0 -1
    outer loop
      vertex 159.375 25.1985 0
      vertex 121.95 145 0
      vertex 159.375 135.801 0
    endloop
  endfacet
  facet normal 0 0 -1
    outer loop
      vertex 119.45 145 0
      vertex 158.909 24.841 0
      vertex 158.551 24.375 0
    endloop
  endfacet
  facet normal -0 -0 -1
    outer loop
      vertex 131.45 145 0
      vertex 159.375 135.801 0
      vertex 121.95 145 0
    endloop
  endfacet
  facet normal 0 0 -1
    outer loop
      vertex 22.6733 23.8323 0
      vertex 158.327 23.8323 0
      vertex 22.75 23.25 0
    endloop
  endfacet
  facet normal -0 -0 -1
    outer loop
      vertex 133.95 145 0
      vertex 158.909 136.159 0
      vertex 131.45 145 0
    endloop
  endfacet
  facet normal 0 0 -1
    outer loop
      vertex 22.75 23.25 0
      vertex 158.327 23.8323 0
      vertex 158.25 23.25 0
    endloop
  endfacet
  facet normal 0 0 -1
    outer loop
      vertex 158.909 136.159 0
      vertex 133.95 145 0
      vertex 158.551 136.625 0
    endloop
  endfacet
  facet normal 0 0 -1
    outer loop
      vertex 162.75 23.25 0
      vertex 181 0 0
      vertex 162.75 17.75 0
    endloop
  endfacet
  facet normal 0 0 -1
    outer loop
      vertex 181 0 0
      vertex 162.673 17.1677 0
      vertex 162.75 17.75 0
    endloop
  endfacet
  facet normal 0 0 -1
    outer loop
      vertex 181 0 0
      vertex 162.449 16.625 0
      vertex 162.673 17.1677 0
    endloop
  endfacet
  facet normal 0 0 -1
    outer loop
      vertex 181 0 0
      vertex 162.091 16.159 0
      vertex 162.449 16.625 0
    endloop
  endfacet
  facet normal 0 0 -1
    outer loop
      vertex 181 0 0
      vertex 161.625 15.8015 0
      vertex 162.091 16.159 0
    endloop
  endfacet
  facet normal 0 0 -1
    outer loop
      vertex 181 0 0
      vertex 161.082 15.5767 0
      vertex 161.625 15.8015 0
    endloop
  endfacet
  facet normal 0 0 -1
    outer loop
      vertex 181 0 0
      vertex 160.5 15.5 0
      vertex 161.082 15.5767 0
    endloop
  endfacet
  facet normal 0 0 -1
    outer loop
      vertex 181 0 0
      vertex 159.918 15.5767 0
      vertex 160.5 15.5 0
    endloop
  endfacet
  facet normal 0 0 -1
    outer loop
      vertex 181 0 0
      vertex 159.375 15.8015 0
      vertex 159.918 15.5767 0
    endloop
  endfacet
  facet normal 0 0 -1
    outer loop
      vertex 22.75 23.25 0
      vertex 158.25 23.25 0
      vertex 158.25 17.75 0
    endloop
  endfacet
  facet normal 0 0 -1
    outer loop
      vertex 158.551 136.625 0
      vertex 133.95 145 0
      vertex 158.327 137.168 0
    endloop
  endfacet
  facet normal 0 0 -1
    outer loop
      vertex 158.25 137.75 0
      vertex 133.95 145 0
      vertex 158.25 143.25 0
    endloop
  endfacet
  facet normal 0 0 -1
    outer loop
      vertex 22.75 17.75 0
      vertex 158.25 17.75 0
      vertex 158.327 17.1677 0
    endloop
  endfacet
  facet normal 0 0 -1
    outer loop
      vertex 158.327 137.168 0
      vertex 133.95 145 0
      vertex 158.25 137.75 0
    endloop
  endfacet
  facet normal 0 0 -1
    outer loop
      vertex 131.45 145 0
      vertex 121.95 145 0
      vertex 131.45 151 0
    endloop
  endfacet
  facet normal 0 0 -1
    outer loop
      vertex 159.375 135.801 0
      vertex 131.45 145 0
      vertex 158.909 136.159 0
    endloop
  endfacet
  facet normal 0 0 -1
    outer loop
      vertex 159.375 25.1985 0
      vertex 119.45 145 0
      vertex 121.95 145 0
    endloop
  endfacet
  facet normal 0 0 -1
    outer loop
      vertex 99.8858 150.426 0
      vertex 119.45 151 0
      vertex 119.45 145 0
    endloop
  endfacet
  facet normal 0 0 -1
    outer loop
      vertex 158.327 23.8323 0
      vertex 22.6733 23.8323 0
      vertex 158.551 24.375 0
    endloop
  endfacet
  facet normal 0 0 -1
    outer loop
      vertex 22.6733 17.1677 0
      vertex 158.327 17.1677 0
      vertex 158.551 16.625 0
    endloop
  endfacet
  facet normal -0 0 -1
    outer loop
      vertex 119.45 151 0
      vertex 99.8858 150.426 0
      vertex 100 151 0
    endloop
  endfacet
  facet normal 0 0 -1
    outer loop
      vertex 119.45 145 0
      vertex 99.5607 149.939 0
      vertex 99.8858 150.426 0
    endloop
  endfacet
  facet normal 0 0 -1
    outer loop
      vertex 119.45 145 0
      vertex 99.074 149.614 0
      vertex 99.5607 149.939 0
    endloop
  endfacet
  facet normal 0 0 -1
    outer loop
      vertex 119.45 145 0
      vertex 98.5 149.5 0
      vertex 99.074 149.614 0
    endloop
  endfacet
  facet normal 0 0 -1
    outer loop
      vertex 158.551 24.375 0
      vertex 98.5 149.5 0
      vertex 119.45 145 0
    endloop
  endfacet
  facet normal 0 0 -1
    outer loop
      vertex 22.4485 24.375 0
      vertex 158.551 24.375 0
      vertex 22.6733 23.8323 0
    endloop
  endfacet
  facet normal -0 0 -1
    outer loop
      vertex 98.5 149.5 0
      vertex 61.55 145 0
      vertex 97.926 149.614 0
    endloop
  endfacet
  facet normal -0 0 -1
    outer loop
      vertex 97.1142 150.426 0
      vertex 61.55 145 0
      vertex 97 151 0
    endloop
  endfacet
  facet normal -0 0 -1
    outer loop
      vertex 97.926 149.614 0
      vertex 61.55 145 0
      vertex 97.4393 149.939 0
    endloop
  endfacet
  facet normal -0 0 -1
    outer loop
      vertex 97.4393 149.939 0
      vertex 61.55 145 0
      vertex 97.1142 150.426 0
    endloop
  endfacet
  facet normal 0 0 -1
    outer loop
      vertex 22.4485 16.625 0
      vertex 158.551 16.625 0
      vertex 158.909 16.159 0
    endloop
  endfacet
  facet normal 0 0 -1
    outer loop
      vertex 59.05 145 0
      vertex 49.55 145 0
      vertex 59.05 151 0
    endloop
  endfacet
  facet normal 0 0 -1
    outer loop
      vertex 158.551 24.375 0
      vertex 22.4485 24.375 0
      vertex 98.5 149.5 0
    endloop
  endfacet
  facet normal 0 0 -1
    outer loop
      vertex 98.5 149.5 0
      vertex 22.4485 24.375 0
      vertex 61.55 145 0
    endloop
  endfacet
  facet normal 0 0 -1
    outer loop
      vertex 22.091 24.841 0
      vertex 61.55 145 0
      vertex 22.4485 24.375 0
    endloop
  endfacet
  facet normal 0 0 -1
    outer loop
      vertex 158.25 17.75 0
      vertex 22.75 17.75 0
      vertex 22.75 23.25 0
    endloop
  endfacet
  facet normal 0 0 -1
    outer loop
      vertex 22.091 16.159 0
      vertex 158.909 16.159 0
      vertex 159.375 15.8015 0
    endloop
  endfacet
  facet normal 0 0 -1
    outer loop
      vertex 21.625 15.8015 0
      vertex 159.375 15.8015 0
      vertex 181 0 0
    endloop
  endfacet
  facet normal 0 0 -1
    outer loop
      vertex 158.327 17.1677 0
      vertex 22.6733 17.1677 0
      vertex 22.75 17.75 0
    endloop
  endfacet
  facet normal 0 0 -1
    outer loop
      vertex 158.551 16.625 0
      vertex 22.4485 16.625 0
      vertex 22.6733 17.1677 0
    endloop
  endfacet
  facet normal 0 0 -1
    outer loop
      vertex 158.909 16.159 0
      vertex 22.091 16.159 0
      vertex 22.4485 16.625 0
    endloop
  endfacet
  facet normal 0 0 -1
    outer loop
      vertex 159.375 15.8015 0
      vertex 21.625 15.8015 0
      vertex 22.091 16.159 0
    endloop
  endfacet
  facet normal 0 0 -1
    outer loop
      vertex 0 0 0
      vertex 21.625 15.8015 0
      vertex 181 0 0
    endloop
  endfacet
  facet normal 0 0 -1
    outer loop
      vertex 21.625 15.8015 0
      vertex 0 0 0
      vertex 21.0823 15.5767 0
    endloop
  endfacet
  facet normal 0 0 -1
    outer loop
      vertex 0 0 0
      vertex 18.25 23.25 0
      vertex 18.25 17.75 0
    endloop
  endfacet
  facet normal -0 0 -1
    outer loop
      vertex 18.5515 24.375 0
      vertex 0 0 0
      vertex 0 160 0
    endloop
  endfacet
  facet normal 0 0 -1
    outer loop
      vertex 18.3267 137.168 0
      vertex 0 160 0
      vertex 18.25 137.75 0
    endloop
  endfacet
  facet normal -0 0 -1
    outer loop
      vertex 18.3267 17.1677 0
      vertex 0 0 0
      vertex 18.25 17.75 0
    endloop
  endfacet
  facet normal -0 0 -1
    outer loop
      vertex 18.5515 16.625 0
      vertex 0 0 0
      vertex 18.3267 17.1677 0
    endloop
  endfacet
  facet normal -0 0 -1
    outer loop
      vertex 18.909 16.159 0
      vertex 0 0 0
      vertex 18.5515 16.625 0
    endloop
  endfacet
  facet normal -0 0 -1
    outer loop
      vertex 19.375 15.8015 0
      vertex 0 0 0
      vertex 18.909 16.159 0
    endloop
  endfacet
  facet normal -0 0 -1
    outer loop
      vertex 19.9177 15.5767 0
      vertex 0 0 0
      vertex 19.375 15.8015 0
    endloop
  endfacet
  facet normal -0 0 -1
    outer loop
      vertex 20.5 15.5 0
      vertex 0 0 0
      vertex 19.9177 15.5767 0
    endloop
  endfacet
  facet normal 0 0 -1
    outer loop
      vertex 21.0823 15.5767 0
      vertex 0 0 0
      vertex 20.5 15.5 0
    endloop
  endfacet
  facet normal 0 0 -1
    outer loop
      vertex 162.673 23.8323 0
      vertex 181 0 0
      vertex 162.75 23.25 0
    endloop
  endfacet
  facet normal 0 0 -1
    outer loop
      vertex 162.449 24.375 0
      vertex 181 0 0
      vertex 162.673 23.8323 0
    endloop
  endfacet
  facet normal 0 0 -1
    outer loop
      vertex 162.75 143.25 0
      vertex 181 160 0
      vertex 162.75 137.75 0
    endloop
  endfacet
  facet normal 0 0 -1
    outer loop
      vertex 162.673 143.832 0
      vertex 181 160 0
      vertex 162.75 143.25 0
    endloop
  endfacet
  facet normal 0 0 -1
    outer loop
      vertex 162.449 144.375 0
      vertex 181 160 0
      vertex 162.673 143.832 0
    endloop
  endfacet
  facet normal 0 0 -1
    outer loop
      vertex 162.091 144.841 0
      vertex 181 160 0
      vertex 162.449 144.375 0
    endloop
  endfacet
  facet normal 0 0 -1
    outer loop
      vertex 161.625 145.199 0
      vertex 181 160 0
      vertex 162.091 144.841 0
    endloop
  endfacet
  facet normal 0 0 -1
    outer loop
      vertex 161.082 145.423 0
      vertex 181 160 0
      vertex 161.625 145.199 0
    endloop
  endfacet
  facet normal 0 0 -1
    outer loop
      vertex 160.5 145.5 0
      vertex 181 160 0
      vertex 161.082 145.423 0
    endloop
  endfacet
  facet normal 0 0 -1
    outer loop
      vertex 159.918 145.423 0
      vertex 181 160 0
      vertex 160.5 145.5 0
    endloop
  endfacet
  facet normal 0 0 -1
    outer loop
      vertex 133.95 151 0
      vertex 159.918 145.423 0
      vertex 159.375 145.199 0
    endloop
  endfacet
  facet normal 0 0 -1
    outer loop
      vertex 133.95 145 0
      vertex 158.327 143.832 0
      vertex 158.25 143.25 0
    endloop
  endfacet
  facet normal 0 0 -1
    outer loop
      vertex 133.95 151 0
      vertex 158.327 143.832 0
      vertex 133.95 145 0
    endloop
  endfacet
  facet normal 0 0 -1
    outer loop
      vertex 158.327 143.832 0
      vertex 133.95 151 0
      vertex 158.551 144.375 0
    endloop
  endfacet
  facet normal 0 0 -1
    outer loop
      vertex 158.551 144.375 0
      vertex 133.95 151 0
      vertex 158.909 144.841 0
    endloop
  endfacet
  facet normal 0 0 -1
    outer loop
      vertex 158.909 144.841 0
      vertex 133.95 151 0
      vertex 159.375 145.199 0
    endloop
  endfacet
  facet normal 0 0 -1
    outer loop
      vertex 159.918 145.423 0
      vertex 133.95 151 0
      vertex 181 160 0
    endloop
  endfacet
  facet normal 0 0 -1
    outer loop
      vertex 131.45 151 0
      vertex 181 160 0
      vertex 133.95 151 0
    endloop
  endfacet
  facet normal 0 0 -1
    outer loop
      vertex 121.95 151 0
      vertex 131.45 151 0
      vertex 121.95 145 0
    endloop
  endfacet
  facet normal 0 0 -1
    outer loop
      vertex 121.95 151 0
      vertex 181 160 0
      vertex 131.45 151 0
    endloop
  endfacet
  facet normal 0 0 -1
    outer loop
      vertex 98.5 152.5 0
      vertex 121.95 151 0
      vertex 119.45 151 0
    endloop
  endfacet
  facet normal 0 0 -1
    outer loop
      vertex 99.8858 151.574 0
      vertex 119.45 151 0
      vertex 100 151 0
    endloop
  endfacet
  facet normal 0 0 -1
    outer loop
      vertex 99.5607 152.061 0
      vertex 119.45 151 0
      vertex 99.8858 151.574 0
    endloop
  endfacet
  facet normal 0 0 -1
    outer loop
      vertex 99.074 152.386 0
      vertex 119.45 151 0
      vertex 99.5607 152.061 0
    endloop
  endfacet
  facet normal 0 0 -1
    outer loop
      vertex 98.5 152.5 0
      vertex 119.45 151 0
      vertex 99.074 152.386 0
    endloop
  endfacet
  facet normal 0 0 -1
    outer loop
      vertex 121.95 151 0
      vertex 98.5 152.5 0
      vertex 181 160 0
    endloop
  endfacet
  facet normal 0 0 -1
    outer loop
      vertex 61.55 151 0
      vertex 97 151 0
      vertex 61.55 145 0
    endloop
  endfacet
  facet normal 0 0 -1
    outer loop
      vertex 97 151 0
      vertex 61.55 151 0
      vertex 97.1142 151.574 0
    endloop
  endfacet
  facet normal -0 0 -1
    outer loop
      vertex 97.1142 151.574 0
      vertex 61.55 151 0
      vertex 97.4393 152.061 0
    endloop
  endfacet
  facet normal -0 0 -1
    outer loop
      vertex 97.4393 152.061 0
      vertex 61.55 151 0
      vertex 97.926 152.386 0
    endloop
  endfacet
  facet normal 0 0 -1
    outer loop
      vertex 61.55 151 0
      vertex 98.5 152.5 0
      vertex 97.926 152.386 0
    endloop
  endfacet
  facet normal 0 0 -1
    outer loop
      vertex 0 160 0
      vertex 98.5 152.5 0
      vertex 61.55 151 0
    endloop
  endfacet
  facet normal 0 0 -1
    outer loop
      vertex 0 160 0
      vertex 61.55 151 0
      vertex 59.05 151 0
    endloop
  endfacet
  facet normal 0 0 -1
    outer loop
      vertex 49.55 151 0
      vertex 59.05 151 0
      vertex 49.55 145 0
    endloop
  endfacet
  facet normal 0 0 -1
    outer loop
      vertex 0 160 0
      vertex 59.05 151 0
      vertex 49.55 151 0
    endloop
  endfacet
  facet normal 0 0 -1
    outer loop
      vertex 0 160 0
      vertex 49.55 151 0
      vertex 47.05 151 0
    endloop
  endfacet
  facet normal -0 0 -1
    outer loop
      vertex 49.55 145 0
      vertex 22.75 137.75 0
      vertex 47.05 145 0
    endloop
  endfacet
  facet normal 0 0 -1
    outer loop
      vertex 22.75 143.25 0
      vertex 47.05 145 0
      vertex 22.75 137.75 0
    endloop
  endfacet
  facet normal 0 0 -1
    outer loop
      vertex 22.6733 143.832 0
      vertex 47.05 145 0
      vertex 22.75 143.25 0
    endloop
  endfacet
  facet normal -0 0 -1
    outer loop
      vertex 47.05 145 0
      vertex 22.6733 143.832 0
      vertex 47.05 151 0
    endloop
  endfacet
  facet normal 0 0 -1
    outer loop
      vertex 22.4485 144.375 0
      vertex 47.05 151 0
      vertex 22.6733 143.832 0
    endloop
  endfacet
  facet normal 0 0 -1
    outer loop
      vertex 22.091 144.841 0
      vertex 47.05 151 0
      vertex 22.4485 144.375 0
    endloop
  endfacet
  facet normal 0 0 -1
    outer loop
      vertex 21.625 145.199 0
      vertex 47.05 151 0
      vertex 22.091 144.841 0
    endloop
  endfacet
  facet normal 0 0 -1
    outer loop
      vertex 21.0823 145.423 0
      vertex 47.05 151 0
      vertex 21.625 145.199 0
    endloop
  endfacet
  facet normal 0 0 -1
    outer loop
      vertex 0 160 0
      vertex 21.0823 145.423 0
      vertex 20.5 145.5 0
    endloop
  endfacet
  facet normal 0 0 -1
    outer loop
      vertex 0 160 0
      vertex 20.5 145.5 0
      vertex 19.9177 145.423 0
    endloop
  endfacet
  facet normal 0 0 -1
    outer loop
      vertex 98.5 152.5 0
      vertex 0 160 0
      vertex 181 160 0
    endloop
  endfacet
  facet normal 0 0 -1
    outer loop
      vertex 21.0823 145.423 0
      vertex 0 160 0
      vertex 47.05 151 0
    endloop
  endfacet
  facet normal 0 0 -1
    outer loop
      vertex 19.375 145.199 0
      vertex 0 160 0
      vertex 19.9177 145.423 0
    endloop
  endfacet
  facet normal 0 0 -1
    outer loop
      vertex 18.909 144.841 0
      vertex 0 160 0
      vertex 19.375 145.199 0
    endloop
  endfacet
  facet normal 0 0 -1
    outer loop
      vertex 18.5515 144.375 0
      vertex 0 160 0
      vertex 18.909 144.841 0
    endloop
  endfacet
  facet normal 0 0 -1
    outer loop
      vertex 18.3267 143.832 0
      vertex 0 160 0
      vertex 18.5515 144.375 0
    endloop
  endfacet
  facet normal 0 0 -1
    outer loop
      vertex 18.25 143.25 0
      vertex 0 160 0
      vertex 18.3267 143.832 0
    endloop
  endfacet
  facet normal 0 0 -1
    outer loop
      vertex 18.25 137.75 0
      vertex 0 160 0
      vertex 18.25 143.25 0
    endloop
  endfacet
  facet normal 1 0 0
    outer loop
      vertex 5 25 109
      vertex 5 30 104
      vertex 5 29.9039 104.975
    endloop
  endfacet
  facet normal 1 0 0
    outer loop
      vertex 5 155 64
      vertex 5 100 55
      vertex 5 122 55
    endloop
  endfacet
  facet normal 1 0 0
    outer loop
      vertex 5 100 55
      vertex 5 61 55
      vertex 5 100 52
    endloop
  endfacet
  facet normal 1 -0 0
    outer loop
      vertex 5 35 64
      vertex 5 100 55
      vertex 5 155 64
    endloop
  endfacet
  facet normal 1 0 0
    outer loop
      vertex 5 100 55
      vertex 5 35 64
      vertex 5 61 55
    endloop
  endfacet
  facet normal 1 0 0
    outer loop
      vertex 5 34.0245 64.0961
      vertex 5 39 55
      vertex 5 35 64
    endloop
  endfacet
  facet normal 1 0 0
    outer loop
      vertex 5 61 55
      vertex 5 35 64
      vertex 5 39 55
    endloop
  endfacet
  facet normal 1 0 0
    outer loop
      vertex 5 155 64
      vertex 5 160 59
      vertex 5 159.904 59.9754
    endloop
  endfacet
  facet normal 1 0 0
    outer loop
      vertex 5 155 64
      vertex 5 159.904 59.9754
      vertex 5 159.619 60.9134
    endloop
  endfacet
  facet normal 1 0 0
    outer loop
      vertex 5 155 64
      vertex 5 159.619 60.9134
      vertex 5 159.157 61.7778
    endloop
  endfacet
  facet normal 1 0 0
    outer loop
      vertex 5 155 64
      vertex 5 159.157 61.7778
      vertex 5 158.536 62.5355
    endloop
  endfacet
  facet normal 1 0 0
    outer loop
      vertex 5 155 64
      vertex 5 158.536 62.5355
      vertex 5 157.778 63.1573
    endloop
  endfacet
  facet normal 1 0 0
    outer loop
      vertex 5 155 64
      vertex 5 157.778 63.1573
      vertex 5 156.913 63.6194
    endloop
  endfacet
  facet normal 1 0 0
    outer loop
      vertex 5 155 64
      vertex 5 156.913 63.6194
      vertex 5 155.975 63.9039
    endloop
  endfacet
  facet normal 1 0 0
    outer loop
      vertex 5 160 59
      vertex 5 155 64
      vertex 5 122 52
    endloop
  endfacet
  facet normal 1 0 0
    outer loop
      vertex 5 122 52
      vertex 5 155 64
      vertex 5 122 55
    endloop
  endfacet
  facet normal 1 0 0
    outer loop
      vertex 5 160 59
      vertex 5 122 52
      vertex 5 160 5
    endloop
  endfacet
  facet normal 1 -0 0
    outer loop
      vertex 5 100 52
      vertex 5 160 5
      vertex 5 122 52
    endloop
  endfacet
  facet normal 1 0 0
    outer loop
      vertex 5 61 52
      vertex 5 100 52
      vertex 5 61 55
    endloop
  endfacet
  facet normal 1 0 0
    outer loop
      vertex 5 25 5
      vertex 5 100 52
      vertex 5 61 52
    endloop
  endfacet
  facet normal 1 0 0
    outer loop
      vertex 5 25 5
      vertex 5 61 52
      vertex 5 39 52
    endloop
  endfacet
  facet normal 1 0 0
    outer loop
      vertex 5 33.0866 64.3806
      vertex 5 39 55
      vertex 5 34.0245 64.0961
    endloop
  endfacet
  facet normal 1 0 0
    outer loop
      vertex 5 32.2221 64.8427
      vertex 5 39 55
      vertex 5 33.0866 64.3806
    endloop
  endfacet
  facet normal 1 0 0
    outer loop
      vertex 5 39 55
      vertex 5 32.2221 64.8427
      vertex 5 39 52
    endloop
  endfacet
  facet normal 1 0 0
    outer loop
      vertex 5 31.4645 65.4645
      vertex 5 39 52
      vertex 5 32.2221 64.8427
    endloop
  endfacet
  facet normal 1 0 0
    outer loop
      vertex 5 25 5
      vertex 5 31.4645 65.4645
      vertex 5 30.8427 66.2221
    endloop
  endfacet
  facet normal 1 0 0
    outer loop
      vertex 5 25 109
      vertex 5 29.9039 104.975
      vertex 5 29.6194 105.913
    endloop
  endfacet
  facet normal 1 0 0
    outer loop
      vertex 5 25 109
      vertex 5 29.6194 105.913
      vertex 5 29.1573 106.778
    endloop
  endfacet
  facet normal 1 0 0
    outer loop
      vertex 5 25 109
      vertex 5 29.1573 106.778
      vertex 5 28.5355 107.536
    endloop
  endfacet
  facet normal 1 0 0
    outer loop
      vertex 5 25 109
      vertex 5 28.5355 107.536
      vertex 5 27.7778 108.157
    endloop
  endfacet
  facet normal 1 0 0
    outer loop
      vertex 5 25 109
      vertex 5 27.7778 108.157
      vertex 5 26.9134 108.619
    endloop
  endfacet
  facet normal 1 0 0
    outer loop
      vertex 5 25 109
      vertex 5 26.9134 108.619
      vertex 5 25.9754 108.904
    endloop
  endfacet
  facet normal 1 0 0
    outer loop
      vertex 5 30 104
      vertex 5 25 109
      vertex 5 30 69
    endloop
  endfacet
  facet normal 1 0 0
    outer loop
      vertex 5 25 5
      vertex 5 30 69
      vertex 5 25 109
    endloop
  endfacet
  facet normal 1 0 0
    outer loop
      vertex 5 100 52
      vertex 5 25 5
      vertex 5 160 5
    endloop
  endfacet
  facet normal 1 0 0
    outer loop
      vertex 5 31.4645 65.4645
      vertex 5 25 5
      vertex 5 39 52
    endloop
  endfacet
  facet normal 1 0 0
    outer loop
      vertex 5 30.3806 67.0866
      vertex 5 25 5
      vertex 5 30.8427 66.2221
    endloop
  endfacet
  facet normal 1 0 0
    outer loop
      vertex 5 30.0961 68.0245
      vertex 5 25 5
      vertex 5 30.3806 67.0866
    endloop
  endfacet
  facet normal 1 0 0
    outer loop
      vertex 5 30 69
      vertex 5 25 5
      vertex 5 30.0961 68.0245
    endloop
  endfacet
  facet normal 0 1 0
    outer loop
      vertex 181 160 59
      vertex 176 160 5
      vertex 176 160 59
    endloop
  endfacet
  facet normal 0 1 0
    outer loop
      vertex 181 160 0
      vertex 114 160 5
      vertex 176 160 5
    endloop
  endfacet
  facet normal 0 1 0
    outer loop
      vertex 114 160 5
      vertex 181 160 0
      vertex 104 160 5
    endloop
  endfacet
  facet normal 0 1 0
    outer loop
      vertex 104 160 5
      vertex 181 160 0
      vertex 77 160 5
    endloop
  endfacet
  facet normal 0 1 0
    outer loop
      vertex 0 160 0
      vertex 77 160 5
      vertex 181 160 0
    endloop
  endfacet
  facet normal 0 1 0
    outer loop
      vertex 77 160 5
      vertex 0 160 0
      vertex 67 160 5
    endloop
  endfacet
  facet normal 0 1 -0
    outer loop
      vertex 181 160 0
      vertex 176 160 5
      vertex 181 160 59
    endloop
  endfacet
  facet normal 0 1 0
    outer loop
      vertex 114 160 57
      vertex 112 160 59
      vertex 112.39 160 58.9616
    endloop
  endfacet
  facet normal 0 1 0
    outer loop
      vertex 112 160 59
      vertex 114 160 57
      vertex 106 160 59
    endloop
  endfacet
  facet normal 0 1 0
    outer loop
      vertex 114 160 57
      vertex 112.39 160 58.9616
      vertex 112.765 160 58.8477
    endloop
  endfacet
  facet normal 0 1 0
    outer loop
      vertex 104 160 57
      vertex 106 160 59
      vertex 114 160 57
    endloop
  endfacet
  facet normal 0 1 0
    outer loop
      vertex 114 160 57
      vertex 112.765 160 58.8477
      vertex 113.111 160 58.6629
    endloop
  endfacet
  facet normal 0 1 0
    outer loop
      vertex 106 160 59
      vertex 104 160 57
      vertex 105.61 160 58.9616
    endloop
  endfacet
  facet normal 0 1 0
    outer loop
      vertex 114 160 57
      vertex 113.111 160 58.6629
      vertex 113.414 160 58.4142
    endloop
  endfacet
  facet normal 0 1 0
    outer loop
      vertex 105.61 160 58.9616
      vertex 104 160 57
      vertex 105.235 160 58.8477
    endloop
  endfacet
  facet normal 0 1 0
    outer loop
      vertex 114 160 57
      vertex 113.414 160 58.4142
      vertex 113.663 160 58.1111
    endloop
  endfacet
  facet normal 0 1 0
    outer loop
      vertex 105.235 160 58.8477
      vertex 104 160 57
      vertex 104.889 160 58.6629
    endloop
  endfacet
  facet normal 0 1 0
    outer loop
      vertex 114 160 57
      vertex 113.663 160 58.1111
      vertex 113.848 160 57.7654
    endloop
  endfacet
  facet normal 0 1 0
    outer loop
      vertex 104.889 160 58.6629
      vertex 104 160 57
      vertex 104.586 160 58.4142
    endloop
  endfacet
  facet normal 0 1 0
    outer loop
      vertex 114 160 57
      vertex 113.848 160 57.7654
      vertex 113.962 160 57.3902
    endloop
  endfacet
  facet normal 0 1 0
    outer loop
      vertex 104.586 160 58.4142
      vertex 104 160 57
      vertex 104.337 160 58.1111
    endloop
  endfacet
  facet normal 0 1 0
    outer loop
      vertex 104.337 160 58.1111
      vertex 104 160 57
      vertex 104.152 160 57.7654
    endloop
  endfacet
  facet normal 0 1 0
    outer loop
      vertex 104.152 160 57.7654
      vertex 104 160 57
      vertex 104.038 160 57.3902
    endloop
  endfacet
  facet normal 0 1 -0
    outer loop
      vertex 114 160 5
      vertex 104 160 57
      vertex 114 160 57
    endloop
  endfacet
  facet normal 0 1 0
    outer loop
      vertex 104 160 57
      vertex 114 160 5
      vertex 104 160 5
    endloop
  endfacet
  facet normal 0 1 0
    outer loop
      vertex 77 160 57
      vertex 75 160 59
      vertex 75.3902 160 58.9616
    endloop
  endfacet
  facet normal 0 1 0
    outer loop
      vertex 75 160 59
      vertex 77 160 57
      vertex 69 160 59
    endloop
  endfacet
  facet normal 0 1 0
    outer loop
      vertex 77 160 57
      vertex 75.3902 160 58.9616
      vertex 75.7654 160 58.8477
    endloop
  endfacet
  facet normal 0 1 0
    outer loop
      vertex 67 160 57
      vertex 69 160 59
      vertex 77 160 57
    endloop
  endfacet
  facet normal 0 1 0
    outer loop
      vertex 77 160 57
      vertex 75.7654 160 58.8477
      vertex 76.1111 160 58.6629
    endloop
  endfacet
  facet normal 0 1 0
    outer loop
      vertex 69 160 59
      vertex 67 160 57
      vertex 68.6098 160 58.9616
    endloop
  endfacet
  facet normal 0 1 0
    outer loop
      vertex 77 160 57
      vertex 76.1111 160 58.6629
      vertex 76.4142 160 58.4142
    endloop
  endfacet
  facet normal 0 1 0
    outer loop
      vertex 68.6098 160 58.9616
      vertex 67 160 57
      vertex 68.2346 160 58.8477
    endloop
  endfacet
  facet normal 0 1 0
    outer loop
      vertex 77 160 57
      vertex 76.4142 160 58.4142
      vertex 76.6629 160 58.1111
    endloop
  endfacet
  facet normal 0 1 0
    outer loop
      vertex 68.2346 160 58.8477
      vertex 67 160 57
      vertex 67.8889 160 58.6629
    endloop
  endfacet
  facet normal 0 1 0
    outer loop
      vertex 77 160 57
      vertex 76.6629 160 58.1111
      vertex 76.8477 160 57.7654
    endloop
  endfacet
  facet normal 0 1 0
    outer loop
      vertex 67.8889 160 58.6629
      vertex 67 160 57
      vertex 67.5858 160 58.4142
    endloop
  endfacet
  facet normal 0 1 0
    outer loop
      vertex 77 160 57
      vertex 76.8477 160 57.7654
      vertex 76.9616 160 57.3902
    endloop
  endfacet
  facet normal 0 1 0
    outer loop
      vertex 67.5858 160 58.4142
      vertex 67 160 57
      vertex 67.3371 160 58.1111
    endloop
  endfacet
  facet normal 0 1 0
    outer loop
      vertex 67.3371 160 58.1111
      vertex 67 160 57
      vertex 67.1523 160 57.7654
    endloop
  endfacet
  facet normal 0 1 0
    outer loop
      vertex 67.1523 160 57.7654
      vertex 67 160 57
      vertex 67.0384 160 57.3902
    endloop
  endfacet
  facet normal 0 1 -0
    outer loop
      vertex 77 160 5
      vertex 67 160 57
      vertex 77 160 57
    endloop
  endfacet
  facet normal 0 1 0
    outer loop
      vertex 67 160 57
      vertex 77 160 5
      vertex 67 160 5
    endloop
  endfacet
  facet normal 0 1 -0
    outer loop
      vertex 5 160 5
      vertex 0 160 59
      vertex 5 160 59
    endloop
  endfacet
  facet normal 0 1 0
    outer loop
      vertex 5 160 5
      vertex 0 160 0
      vertex 0 160 59
    endloop
  endfacet
  facet normal 0 1 0
    outer loop
      vertex 67 160 5
      vertex 0 160 0
      vertex 5 160 5
    endloop
  endfacet
  facet normal 0 -1 0
    outer loop
      vertex 0 0 109
      vertex 5 0 99
      vertex 10 0 109
    endloop
  endfacet
  facet normal 0 -1 0
    outer loop
      vertex 0 0 109
      vertex 4.60982 0 98.9616
      vertex 5 0 99
    endloop
  endfacet
  facet normal 0 -1 0
    outer loop
      vertex 0 0 109
      vertex 4.23463 0 98.8478
      vertex 4.60982 0 98.9616
    endloop
  endfacet
  facet normal 0 -1 0
    outer loop
      vertex 0 0 109
      vertex 3.88886 0 98.6629
      vertex 4.23463 0 98.8478
    endloop
  endfacet
  facet normal 0 -1 0
    outer loop
      vertex 0 0 109
      vertex 3.58579 0 98.4142
      vertex 3.88886 0 98.6629
    endloop
  endfacet
  facet normal 0 -1 0
    outer loop
      vertex 0 0 109
      vertex 3.33706 0 98.1111
      vertex 3.58579 0 98.4142
    endloop
  endfacet
  facet normal 0 -1 0
    outer loop
      vertex 0 0 109
      vertex 3.15224 0 97.7654
      vertex 3.33706 0 98.1111
    endloop
  endfacet
  facet normal 0 -1 0
    outer loop
      vertex 0 0 109
      vertex 3.03843 0 97.3902
      vertex 3.15224 0 97.7654
    endloop
  endfacet
  facet normal 0 -1 0
    outer loop
      vertex 0 0 109
      vertex 3 0 97
      vertex 3.03843 0 97.3902
    endloop
  endfacet
  facet normal 0 -1 0
    outer loop
      vertex 0 0 109
      vertex 3.03843 0 96.6098
      vertex 3 0 97
    endloop
  endfacet
  facet normal 0 -1 0
    outer loop
      vertex 4.60982 0 95.0384
      vertex 5 0 57
      vertex 5 0 95
    endloop
  endfacet
  facet normal 0 -1 0
    outer loop
      vertex 4.60982 0 56.9616
      vertex 4.60982 0 95.0384
      vertex 4.23463 0 95.1522
    endloop
  endfacet
  facet normal 0 -1 0
    outer loop
      vertex 4.23463 0 56.8478
      vertex 4.23463 0 95.1522
      vertex 3.88886 0 95.3371
    endloop
  endfacet
  facet normal 0 -1 0
    outer loop
      vertex 3.88886 0 56.6629
      vertex 3.88886 0 95.3371
      vertex 3.58579 0 95.5858
    endloop
  endfacet
  facet normal 0 -1 0
    outer loop
      vertex 3.58579 0 56.4142
      vertex 3.58579 0 95.5858
      vertex 3.33706 0 95.8889
    endloop
  endfacet
  facet normal 0 -1 0
    outer loop
      vertex 3.33706 0 56.1111
      vertex 3.33706 0 95.8889
      vertex 3.15224 0 96.2346
    endloop
  endfacet
  facet normal 0 -1 0
    outer loop
      vertex 3.15224 0 55.7654
      vertex 3.15224 0 96.2346
      vertex 3.03843 0 96.6098
    endloop
  endfacet
  facet normal 0 -1 0
    outer loop
      vertex 3.03843 0 55.3902
      vertex 3.03843 0 96.6098
      vertex 0 0 109
    endloop
  endfacet
  facet normal 0 -1 0
    outer loop
      vertex 4.60982 0 95.0384
      vertex 4.60982 0 56.9616
      vertex 5 0 57
    endloop
  endfacet
  facet normal 0 -1 0
    outer loop
      vertex 4.23463 0 95.1522
      vertex 4.23463 0 56.8478
      vertex 4.60982 0 56.9616
    endloop
  endfacet
  facet normal 0 -1 0
    outer loop
      vertex 3.88886 0 95.3371
      vertex 3.88886 0 56.6629
      vertex 4.23463 0 56.8478
    endloop
  endfacet
  facet normal 0 -1 0
    outer loop
      vertex 3.58579 0 95.5858
      vertex 3.58579 0 56.4142
      vertex 3.88886 0 56.6629
    endloop
  endfacet
  facet normal 0 -1 0
    outer loop
      vertex 3.33706 0 95.8889
      vertex 3.33706 0 56.1111
      vertex 3.58579 0 56.4142
    endloop
  endfacet
  facet normal 0 -1 0
    outer loop
      vertex 3.15224 0 96.2346
      vertex 3.15224 0 55.7654
      vertex 3.33706 0 56.1111
    endloop
  endfacet
  facet normal 0 -1 0
    outer loop
      vertex 3.03843 0 96.6098
      vertex 3.03843 0 55.3902
      vertex 3.15224 0 55.7654
    endloop
  endfacet
  facet normal 0 -1 0
    outer loop
      vertex 0 0 109
      vertex 3 0 55
      vertex 3.03843 0 55.3902
    endloop
  endfacet
  facet normal 0 -1 0
    outer loop
      vertex 4.60982 0 53.0384
      vertex 10 0 5
      vertex 5 0 53
    endloop
  endfacet
  facet normal 0 -1 0
    outer loop
      vertex 4.23463 0 53.1522
      vertex 10 0 5
      vertex 4.60982 0 53.0384
    endloop
  endfacet
  facet normal 0 -1 0
    outer loop
      vertex 0 0 0
      vertex 4.23463 0 53.1522
      vertex 3.88886 0 53.3371
    endloop
  endfacet
  facet normal 0 -1 0
    outer loop
      vertex 0 0 0
      vertex 3.88886 0 53.3371
      vertex 3.58579 0 53.5858
    endloop
  endfacet
  facet normal 0 -1 0
    outer loop
      vertex 0 0 0
      vertex 3.58579 0 53.5858
      vertex 3.33706 0 53.8889
    endloop
  endfacet
  facet normal 0 -1 0
    outer loop
      vertex 0 0 0
      vertex 3.33706 0 53.8889
      vertex 3.15224 0 54.2346
    endloop
  endfacet
  facet normal 0 -1 0
    outer loop
      vertex 0 0 0
      vertex 3.15224 0 54.2346
      vertex 3.03843 0 54.6098
    endloop
  endfacet
  facet normal 0 -1 -0
    outer loop
      vertex 10 0 5
      vertex 0 0 0
      vertex 171 0 5
    endloop
  endfacet
  facet normal 0 -1 -0
    outer loop
      vertex 4.23463 0 53.1522
      vertex 0 0 0
      vertex 10 0 5
    endloop
  endfacet
  facet normal 0 -1 -0
    outer loop
      vertex 3 0 55
      vertex 0 0 0
      vertex 3.03843 0 54.6098
    endloop
  endfacet
  facet normal 0 -1 0
    outer loop
      vertex 0 0 0
      vertex 3 0 55
      vertex 0 0 109
    endloop
  endfacet
  facet normal 0 -1 0
    outer loop
      vertex 5.39018 0 98.9616
      vertex 10 0 109
      vertex 5 0 99
    endloop
  endfacet
  facet normal 0 -1 0
    outer loop
      vertex 5.76537 0 98.8478
      vertex 10 0 109
      vertex 5.39018 0 98.9616
    endloop
  endfacet
  facet normal 0 -1 0
    outer loop
      vertex 6.11114 0 98.6629
      vertex 10 0 109
      vertex 5.76537 0 98.8478
    endloop
  endfacet
  facet normal 0 -1 0
    outer loop
      vertex 6.41421 0 98.4142
      vertex 10 0 109
      vertex 6.11114 0 98.6629
    endloop
  endfacet
  facet normal 0 -1 0
    outer loop
      vertex 6.66294 0 98.1111
      vertex 10 0 109
      vertex 6.41421 0 98.4142
    endloop
  endfacet
  facet normal 0 -1 0
    outer loop
      vertex 6.84776 0 97.7654
      vertex 10 0 109
      vertex 6.66294 0 98.1111
    endloop
  endfacet
  facet normal 0 -1 0
    outer loop
      vertex 6.96157 0 97.3902
      vertex 10 0 109
      vertex 6.84776 0 97.7654
    endloop
  endfacet
  facet normal 0 -1 0
    outer loop
      vertex 7 0 97
      vertex 10 0 109
      vertex 6.96157 0 97.3902
    endloop
  endfacet
  facet normal 0 -1 0
    outer loop
      vertex 6.96157 0 96.6098
      vertex 10 0 109
      vertex 7 0 97
    endloop
  endfacet
  facet normal 0 -1 0
    outer loop
      vertex 5 0 57
      vertex 5.39018 0 95.0384
      vertex 5 0 95
    endloop
  endfacet
  facet normal 0 -1 0
    outer loop
      vertex 5.39018 0 56.9616
      vertex 5.39018 0 95.0384
      vertex 5 0 57
    endloop
  endfacet
  facet normal 0 -1 0
    outer loop
      vertex 5.39018 0 95.0384
      vertex 5.39018 0 56.9616
      vertex 5.76537 0 95.1522
    endloop
  endfacet
  facet normal 0 -1 0
    outer loop
      vertex 5.76537 0 56.8478
      vertex 5.76537 0 95.1522
      vertex 5.39018 0 56.9616
    endloop
  endfacet
  facet normal 0 -1 0
    outer loop
      vertex 5.76537 0 95.1522
      vertex 5.76537 0 56.8478
      vertex 6.11114 0 95.3371
    endloop
  endfacet
  facet normal 0 -1 0
    outer loop
      vertex 6.11114 0 56.6629
      vertex 6.11114 0 95.3371
      vertex 5.76537 0 56.8478
    endloop
  endfacet
  facet normal 0 -1 0
    outer loop
      vertex 6.11114 0 95.3371
      vertex 6.11114 0 56.6629
      vertex 6.41421 0 95.5858
    endloop
  endfacet
  facet normal 0 -1 0
    outer loop
      vertex 6.41421 0 56.4142
      vertex 6.41421 0 95.5858
      vertex 6.11114 0 56.6629
    endloop
  endfacet
  facet normal 0 -1 0
    outer loop
      vertex 6.41421 0 95.5858
      vertex 6.41421 0 56.4142
      vertex 6.66294 0 95.8889
    endloop
  endfacet
  facet normal 0 -1 0
    outer loop
      vertex 6.66294 0 56.1111
      vertex 6.66294 0 95.8889
      vertex 6.41421 0 56.4142
    endloop
  endfacet
  facet normal 0 -1 0
    outer loop
      vertex 6.66294 0 95.8889
      vertex 6.66294 0 56.1111
      vertex 6.84776 0 96.2346
    endloop
  endfacet
  facet normal 0 -1 0
    outer loop
      vertex 6.84776 0 55.7654
      vertex 6.84776 0 96.2346
      vertex 6.66294 0 56.1111
    endloop
  endfacet
  facet normal 0 -1 0
    outer loop
      vertex 6.84776 0 96.2346
      vertex 6.84776 0 55.7654
      vertex 6.96157 0 96.6098
    endloop
  endfacet
  facet normal 0 -1 0
    outer loop
      vertex 6.96157 0 55.3902
      vertex 6.96157 0 96.6098
      vertex 6.84776 0 55.7654
    endloop
  endfacet
  facet normal 0 -1 0
    outer loop
      vertex 6.96157 0 96.6098
      vertex 6.96157 0 55.3902
      vertex 10 0 109
    endloop
  endfacet
  facet normal 0 -1 0
    outer loop
      vertex 7 0 55
      vertex 10 0 109
      vertex 6.96157 0 55.3902
    endloop
  endfacet
  facet normal 0 -1 0
    outer loop
      vertex 7 0 55
      vertex 10 0 5
      vertex 10 0 109
    endloop
  endfacet
  facet normal 0 -1 0
    outer loop
      vertex 6.96157 0 54.6098
      vertex 10 0 5
      vertex 7 0 55
    endloop
  endfacet
  facet normal 0 -1 0
    outer loop
      vertex 6.84776 0 54.2346
      vertex 10 0 5
      vertex 6.96157 0 54.6098
    endloop
  endfacet
  facet normal 0 -1 0
    outer loop
      vertex 6.66294 0 53.8889
      vertex 10 0 5
      vertex 6.84776 0 54.2346
    endloop
  endfacet
  facet normal 0 -1 0
    outer loop
      vertex 6.41421 0 53.5858
      vertex 10 0 5
      vertex 6.66294 0 53.8889
    endloop
  endfacet
  facet normal 0 -1 0
    outer loop
      vertex 6.11114 0 53.3371
      vertex 10 0 5
      vertex 6.41421 0 53.5858
    endloop
  endfacet
  facet normal 0 -1 0
    outer loop
      vertex 5.76537 0 53.1522
      vertex 10 0 5
      vertex 6.11114 0 53.3371
    endloop
  endfacet
  facet normal 0 -1 0
    outer loop
      vertex 5.39018 0 53.0384
      vertex 10 0 5
      vertex 5.76537 0 53.1522
    endloop
  endfacet
  facet normal 0 -1 0
    outer loop
      vertex 10 0 5
      vertex 5.39018 0 53.0384
      vertex 5 0 53
    endloop
  endfacet
  facet normal 0 -1 0
    outer loop
      vertex 171 0 109
      vertex 176 0 99
      vertex 181 0 109
    endloop
  endfacet
  facet normal 0 -1 0
    outer loop
      vertex 171 0 109
      vertex 175.61 0 98.9616
      vertex 176 0 99
    endloop
  endfacet
  facet normal 0 -1 0
    outer loop
      vertex 171 0 109
      vertex 175.235 0 98.8478
      vertex 175.61 0 98.9616
    endloop
  endfacet
  facet normal 0 -1 0
    outer loop
      vertex 171 0 109
      vertex 174.889 0 98.6629
      vertex 175.235 0 98.8478
    endloop
  endfacet
  facet normal 0 -1 0
    outer loop
      vertex 171 0 109
      vertex 174.586 0 98.4142
      vertex 174.889 0 98.6629
    endloop
  endfacet
  facet normal 0 -1 0
    outer loop
      vertex 171 0 109
      vertex 174.337 0 98.1111
      vertex 174.586 0 98.4142
    endloop
  endfacet
  facet normal 0 -1 0
    outer loop
      vertex 171 0 109
      vertex 174.152 0 97.7654
      vertex 174.337 0 98.1111
    endloop
  endfacet
  facet normal 0 -1 0
    outer loop
      vertex 171 0 109
      vertex 174.038 0 97.3902
      vertex 174.152 0 97.7654
    endloop
  endfacet
  facet normal 0 -1 0
    outer loop
      vertex 171 0 109
      vertex 174 0 97
      vertex 174.038 0 97.3902
    endloop
  endfacet
  facet normal 0 -1 0
    outer loop
      vertex 171 0 109
      vertex 174.038 0 96.6098
      vertex 174 0 97
    endloop
  endfacet
  facet normal 0 -1 0
    outer loop
      vertex 175.61 0 95.0384
      vertex 176 0 57
      vertex 176 0 95
    endloop
  endfacet
  facet normal 0 -1 0
    outer loop
      vertex 175.61 0 56.9616
      vertex 175.61 0 95.0384
      vertex 175.235 0 95.1522
    endloop
  endfacet
  facet normal 0 -1 0
    outer loop
      vertex 175.235 0 56.8478
      vertex 175.235 0 95.1522
      vertex 174.889 0 95.3371
    endloop
  endfacet
  facet normal 0 -1 0
    outer loop
      vertex 174.889 0 56.6629
      vertex 174.889 0 95.3371
      vertex 174.586 0 95.5858
    endloop
  endfacet
  facet normal 0 -1 0
    outer loop
      vertex 174.586 0 56.4142
      vertex 174.586 0 95.5858
      vertex 174.337 0 95.8889
    endloop
  endfacet
  facet normal 0 -1 0
    outer loop
      vertex 174.337 0 56.1111
      vertex 174.337 0 95.8889
      vertex 174.152 0 96.2346
    endloop
  endfacet
  facet normal 0 -1 0
    outer loop
      vertex 174.152 0 55.7654
      vertex 174.152 0 96.2346
      vertex 174.038 0 96.6098
    endloop
  endfacet
  facet normal 0 -1 0
    outer loop
      vertex 174.038 0 55.3902
      vertex 174.038 0 96.6098
      vertex 171 0 109
    endloop
  endfacet
  facet normal 0 -1 0
    outer loop
      vertex 175.61 0 95.0384
      vertex 175.61 0 56.9616
      vertex 176 0 57
    endloop
  endfacet
  facet normal 0 -1 0
    outer loop
      vertex 175.235 0 95.1522
      vertex 175.235 0 56.8478
      vertex 175.61 0 56.9616
    endloop
  endfacet
  facet normal 0 -1 0
    outer loop
      vertex 174.889 0 95.3371
      vertex 174.889 0 56.6629
      vertex 175.235 0 56.8478
    endloop
  endfacet
  facet normal 0 -1 0
    outer loop
      vertex 174.586 0 95.5858
      vertex 174.586 0 56.4142
      vertex 174.889 0 56.6629
    endloop
  endfacet
  facet normal 0 -1 0
    outer loop
      vertex 174.337 0 95.8889
      vertex 174.337 0 56.1111
      vertex 174.586 0 56.4142
    endloop
  endfacet
  facet normal 0 -1 0
    outer loop
      vertex 174.152 0 96.2346
      vertex 174.152 0 55.7654
      vertex 174.337 0 56.1111
    endloop
  endfacet
  facet normal 0 -1 0
    outer loop
      vertex 174.038 0 96.6098
      vertex 174.038 0 55.3902
      vertex 174.152 0 55.7654
    endloop
  endfacet
  facet normal 0 -1 0
    outer loop
      vertex 171 0 109
      vertex 174 0 55
      vertex 174.038 0 55.3902
    endloop
  endfacet
  facet normal 0 -1 -0
    outer loop
      vertex 175.61 0 53.0384
      vertex 171 0 5
      vertex 176 0 53
    endloop
  endfacet
  facet normal 0 -1 -0
    outer loop
      vertex 175.235 0 53.1522
      vertex 171 0 5
      vertex 175.61 0 53.0384
    endloop
  endfacet
  facet normal 0 -1 -0
    outer loop
      vertex 174.889 0 53.3371
      vertex 171 0 5
      vertex 175.235 0 53.1522
    endloop
  endfacet
  facet normal 0 -1 -0
    outer loop
      vertex 174.586 0 53.5858
      vertex 171 0 5
      vertex 174.889 0 53.3371
    endloop
  endfacet
  facet normal 0 -1 -0
    outer loop
      vertex 174.337 0 53.8889
      vertex 171 0 5
      vertex 174.586 0 53.5858
    endloop
  endfacet
  facet normal 0 -1 -0
    outer loop
      vertex 174.152 0 54.2346
      vertex 171 0 5
      vertex 174.337 0 53.8889
    endloop
  endfacet
  facet normal 0 -1 -0
    outer loop
      vertex 174.038 0 54.6098
      vertex 171 0 5
      vertex 174.152 0 54.2346
    endloop
  endfacet
  facet normal 0 -1 -0
    outer loop
      vertex 174 0 55
      vertex 171 0 5
      vertex 174.038 0 54.6098
    endloop
  endfacet
  facet normal 0 -1 0
    outer loop
      vertex 171 0 5
      vertex 174 0 55
      vertex 171 0 109
    endloop
  endfacet
  facet normal 0 -1 0
    outer loop
      vertex 176.39 0 98.9616
      vertex 181 0 109
      vertex 176 0 99
    endloop
  endfacet
  facet normal 0 -1 0
    outer loop
      vertex 176.765 0 98.8478
      vertex 181 0 109
      vertex 176.39 0 98.9616
    endloop
  endfacet
  facet normal 0 -1 0
    outer loop
      vertex 177.111 0 98.6629
      vertex 181 0 109
      vertex 176.765 0 98.8478
    endloop
  endfacet
  facet normal 0 -1 0
    outer loop
      vertex 177.414 0 98.4142
      vertex 181 0 109
      vertex 177.111 0 98.6629
    endloop
  endfacet
  facet normal 0 -1 0
    outer loop
      vertex 177.663 0 98.1111
      vertex 181 0 109
      vertex 177.414 0 98.4142
    endloop
  endfacet
  facet normal 0 -1 0
    outer loop
      vertex 177.848 0 97.7654
      vertex 181 0 109
      vertex 177.663 0 98.1111
    endloop
  endfacet
  facet normal 0 -1 0
    outer loop
      vertex 177.962 0 97.3902
      vertex 181 0 109
      vertex 177.848 0 97.7654
    endloop
  endfacet
  facet normal 0 -1 0
    outer loop
      vertex 178 0 97
      vertex 181 0 109
      vertex 177.962 0 97.3902
    endloop
  endfacet
  facet normal 0 -1 0
    outer loop
      vertex 177.962 0 96.6098
      vertex 181 0 109
      vertex 178 0 97
    endloop
  endfacet
  facet normal 0 -1 0
    outer loop
      vertex 176 0 57
      vertex 176.39 0 95.0384
      vertex 176 0 95
    endloop
  endfacet
  facet normal 0 -1 0
    outer loop
      vertex 176.39 0 56.9616
      vertex 176.39 0 95.0384
      vertex 176 0 57
    endloop
  endfacet
  facet normal 0 -1 0
    outer loop
      vertex 176.39 0 95.0384
      vertex 176.39 0 56.9616
      vertex 176.765 0 95.1522
    endloop
  endfacet
  facet normal 0 -1 0
    outer loop
      vertex 176.765 0 56.8478
      vertex 176.765 0 95.1522
      vertex 176.39 0 56.9616
    endloop
  endfacet
  facet normal 0 -1 0
    outer loop
      vertex 176.765 0 95.1522
      vertex 176.765 0 56.8478
      vertex 177.111 0 95.3371
    endloop
  endfacet
  facet normal 0 -1 0
    outer loop
      vertex 177.111 0 56.6629
      vertex 177.111 0 95.3371
      vertex 176.765 0 56.8478
    endloop
  endfacet
  facet normal 0 -1 0
    outer loop
      vertex 177.111 0 95.3371
      vertex 177.111 0 56.6629
      vertex 177.414 0 95.5858
    endloop
  endfacet
  facet normal 0 -1 0
    outer loop
      vertex 177.414 0 56.4142
      vertex 177.414 0 95.5858
      vertex 177.111 0 56.6629
    endloop
  endfacet
  facet normal 0 -1 0
    outer loop
      vertex 177.414 0 95.5858
      vertex 177.414 0 56.4142
      vertex 177.663 0 95.8889
    endloop
  endfacet
  facet normal 0 -1 0
    outer loop
      vertex 177.663 0 56.1111
      vertex 177.663 0 95.8889
      vertex 177.414 0 56.4142
    endloop
  endfacet
  facet normal 0 -1 0
    outer loop
      vertex 177.663 0 95.8889
      vertex 177.663 0 56.1111
      vertex 177.848 0 96.2346
    endloop
  endfacet
  facet normal 0 -1 0
    outer loop
      vertex 177.848 0 55.7654
      vertex 177.848 0 96.2346
      vertex 177.663 0 56.1111
    endloop
  endfacet
  facet normal 0 -1 0
    outer loop
      vertex 177.848 0 96.2346
      vertex 177.848 0 55.7654
      vertex 177.962 0 96.6098
    endloop
  endfacet
  facet normal 0 -1 0
    outer loop
      vertex 177.962 0 55.3902
      vertex 177.962 0 96.6098
      vertex 177.848 0 55.7654
    endloop
  endfacet
  facet normal 0 -1 0
    outer loop
      vertex 177.962 0 96.6098
      vertex 177.962 0 55.3902
      vertex 181 0 109
    endloop
  endfacet
  facet normal 0 -1 0
    outer loop
      vertex 178 0 55
      vertex 181 0 109
      vertex 177.962 0 55.3902
    endloop
  endfacet
  facet normal 0 -1 0
    outer loop
      vertex 171 0 5
      vertex 176.39 0 53.0384
      vertex 176 0 53
    endloop
  endfacet
  facet normal 0 -1 0
    outer loop
      vertex 171 0 5
      vertex 176.765 0 53.1522
      vertex 176.39 0 53.0384
    endloop
  endfacet
  facet normal 0 -1 0
    outer loop
      vertex 181 0 0
      vertex 176.765 0 53.1522
      vertex 171 0 5
    endloop
  endfacet
  facet normal 0 -1 0
    outer loop
      vertex 176.765 0 53.1522
      vertex 181 0 0
      vertex 177.111 0 53.3371
    endloop
  endfacet
  facet normal 0 -1 0
    outer loop
      vertex 177.111 0 53.3371
      vertex 181 0 0
      vertex 177.414 0 53.5858
    endloop
  endfacet
  facet normal 0 -1 0
    outer loop
      vertex 177.414 0 53.5858
      vertex 181 0 0
      vertex 177.663 0 53.8889
    endloop
  endfacet
  facet normal 0 -1 0
    outer loop
      vertex 177.663 0 53.8889
      vertex 181 0 0
      vertex 177.848 0 54.2346
    endloop
  endfacet
  facet normal 0 -1 0
    outer loop
      vertex 178 0 55
      vertex 181 0 0
      vertex 181 0 109
    endloop
  endfacet
  facet normal 0 -1 0
    outer loop
      vertex 177.962 0 54.6098
      vertex 181 0 0
      vertex 178 0 55
    endloop
  endfacet
  facet normal 0 -1 0
    outer loop
      vertex 177.848 0 54.2346
      vertex 181 0 0
      vertex 177.962 0 54.6098
    endloop
  endfacet
  facet normal 0 -1 0
    outer loop
      vertex 181 0 0
      vertex 171 0 5
      vertex 0 0 0
    endloop
  endfacet
  facet normal 1 -0 0
    outer loop
      vertex 45 14 49
      vertex 45 147 5
      vertex 45 147 49
    endloop
  endfacet
  facet normal 1 0 0
    outer loop
      vertex 45 147 5
      vertex 45 14 49
      vertex 45 14 5
    endloop
  endfacet
  facet normal -0 0 1
    outer loop
      vertex 25 147 49
      vertex 45 14 49
      vertex 45 147 49
    endloop
  endfacet
  facet normal 0 0 1
    outer loop
      vertex 45 14 49
      vertex 25 147 49
      vertex 25 14 49
    endloop
  endfacet
  facet normal 0 1 -0
    outer loop
      vertex 45 147 5
      vertex 25 147 49
      vertex 45 147 49
    endloop
  endfacet
  facet normal 0 1 0
    outer loop
      vertex 25 147 49
      vertex 45 147 5
      vertex 25 147 5
    endloop
  endfacet
  facet normal 0 -1 0
    outer loop
      vertex 25 14 5
      vertex 45 14 49
      vertex 25 14 49
    endloop
  endfacet
  facet normal 0 -1 -0
    outer loop
      vertex 45 14 49
      vertex 25 14 5
      vertex 45 14 5
    endloop
  endfacet
  facet normal 1 -0 0
    outer loop
      vertex 82 14 49
      vertex 82 147 5
      vertex 82 147 49
    endloop
  endfacet
  facet normal 1 0 0
    outer loop
      vertex 82 147 5
      vertex 82 14 49
      vertex 82 14 5
    endloop
  endfacet
  facet normal -0 0 1
    outer loop
      vertex 62 147 49
      vertex 82 14 49
      vertex 82 147 49
    endloop
  endfacet
  facet normal 0 0 1
    outer loop
      vertex 82 14 49
      vertex 62 147 49
      vertex 62 14 49
    endloop
  endfacet
  facet normal -1 0 0
    outer loop
      vertex 62 14 5
      vertex 62 147 49
      vertex 62 147 5
    endloop
  endfacet
  facet normal -1 -0 0
    outer loop
      vertex 62 147 49
      vertex 62 14 5
      vertex 62 14 49
    endloop
  endfacet
  facet normal 0 1 -0
    outer loop
      vertex 82 147 5
      vertex 62 147 49
      vertex 82 147 49
    endloop
  endfacet
  facet normal 0 1 0
    outer loop
      vertex 62 147 49
      vertex 82 147 5
      vertex 62 147 5
    endloop
  endfacet
  facet normal 0 -1 0
    outer loop
      vertex 62 14 5
      vertex 82 14 49
      vertex 62 14 49
    endloop
  endfacet
  facet normal 0 -1 -0
    outer loop
      vertex 82 14 49
      vertex 62 14 5
      vertex 82 14 5
    endloop
  endfacet
  facet normal 1 -0 0
    outer loop
      vertex 119 14 49
      vertex 119 147 5
      vertex 119 147 49
    endloop
  endfacet
  facet normal 1 0 0
    outer loop
      vertex 119 147 5
      vertex 119 14 49
      vertex 119 14 5
    endloop
  endfacet
  facet normal -0 0 1
    outer loop
      vertex 99 147 49
      vertex 119 14 49
      vertex 119 147 49
    endloop
  endfacet
  facet normal 0 0 1
    outer loop
      vertex 119 14 49
      vertex 99 147 49
      vertex 99 14 49
    endloop
  endfacet
  facet normal -1 0 0
    outer loop
      vertex 99 14 5
      vertex 99 147 49
      vertex 99 147 5
    endloop
  endfacet
  facet normal -1 -0 0
    outer loop
      vertex 99 147 49
      vertex 99 14 5
      vertex 99 14 49
    endloop
  endfacet
  facet normal 0 1 -0
    outer loop
      vertex 119 147 5
      vertex 99 147 49
      vertex 119 147 49
    endloop
  endfacet
  facet normal 0 1 0
    outer loop
      vertex 99 147 49
      vertex 119 147 5
      vertex 99 147 5
    endloop
  endfacet
  facet normal 0 -1 0
    outer loop
      vertex 99 14 5
      vertex 119 14 49
      vertex 99 14 49
    endloop
  endfacet
  facet normal 0 -1 -0
    outer loop
      vertex 119 14 49
      vertex 99 14 5
      vertex 119 14 5
    endloop
  endfacet
  facet normal -0 0 1
    outer loop
      vertex 136 147 49
      vertex 156 14 49
      vertex 156 147 49
    endloop
  endfacet
  facet normal 0 0 1
    outer loop
      vertex 156 14 49
      vertex 136 147 49
      vertex 136 14 49
    endloop
  endfacet
  facet normal -1 0 0
    outer loop
      vertex 136 14 5
      vertex 136 147 49
      vertex 136 147 5
    endloop
  endfacet
  facet normal -1 -0 0
    outer loop
      vertex 136 147 49
      vertex 136 14 5
      vertex 136 14 49
    endloop
  endfacet
  facet normal 0 1 -0
    outer loop
      vertex 156 147 5
      vertex 136 147 49
      vertex 156 147 49
    endloop
  endfacet
  facet normal 0 1 0
    outer loop
      vertex 136 147 49
      vertex 156 147 5
      vertex 136 147 5
    endloop
  endfacet
  facet normal 0 -1 0
    outer loop
      vertex 136 14 5
      vertex 156 14 49
      vertex 136 14 49
    endloop
  endfacet
  facet normal 0 -1 -0
    outer loop
      vertex 156 14 49
      vertex 136 14 5
      vertex 156 14 5
    endloop
  endfacet
  facet normal -1 0 0
    outer loop
      vertex 0 122 52
      vertex 0 160 59
      vertex 0 160 0
    endloop
  endfacet
  facet normal -1 0 -0
    outer loop
      vertex 0 155 64
      vertex 0 160 59
      vertex 0 122 52
    endloop
  endfacet
  facet normal -1 0 0
    outer loop
      vertex 0 160 59
      vertex 0 155 64
      vertex 0 159.904 59.9754
    endloop
  endfacet
  facet normal -1 0 0
    outer loop
      vertex 0 159.904 59.9754
      vertex 0 155 64
      vertex 0 159.619 60.9134
    endloop
  endfacet
  facet normal -1 0 0
    outer loop
      vertex 0 159.619 60.9134
      vertex 0 155 64
      vertex 0 159.157 61.7778
    endloop
  endfacet
  facet normal -1 0 0
    outer loop
      vertex 0 159.157 61.7778
      vertex 0 155 64
      vertex 0 158.536 62.5355
    endloop
  endfacet
  facet normal -1 0 0
    outer loop
      vertex 0 157.778 63.1573
      vertex 0 155 64
      vertex 0 156.913 63.6194
    endloop
  endfacet
  facet normal -1 0 0
    outer loop
      vertex 0 156.913 63.6194
      vertex 0 155 64
      vertex 0 155.975 63.9039
    endloop
  endfacet
  facet normal -1 0 0
    outer loop
      vertex 0 158.536 62.5355
      vertex 0 155 64
      vertex 0 157.778 63.1573
    endloop
  endfacet
  facet normal -1 0 0
    outer loop
      vertex 0 160 0
      vertex 0 100 52
      vertex 0 122 52
    endloop
  endfacet
  facet normal -1 0 0
    outer loop
      vertex 0 100 52
      vertex 0 61 52
      vertex 0 100 55
    endloop
  endfacet
  facet normal -1 0 0
    outer loop
      vertex 0 160 0
      vertex 0 61 52
      vertex 0 100 52
    endloop
  endfacet
  facet normal -1 0 0
    outer loop
      vertex 0 0 0
      vertex 0 61 52
      vertex 0 160 0
    endloop
  endfacet
  facet normal -1 0 0
    outer loop
      vertex 0 32.2221 64.8427
      vertex 0 39 55
      vertex 0 39 52
    endloop
  endfacet
  facet normal -1 0 0
    outer loop
      vertex 0 39 55
      vertex 0 34.0245 64.0961
      vertex 0 35 64
    endloop
  endfacet
  facet normal -1 0 0
    outer loop
      vertex 0 39 55
      vertex 0 33.0866 64.3806
      vertex 0 34.0245 64.0961
    endloop
  endfacet
  facet normal -1 0 0
    outer loop
      vertex 0 39 55
      vertex 0 32.2221 64.8427
      vertex 0 33.0866 64.3806
    endloop
  endfacet
  facet normal -1 0 0
    outer loop
      vertex 0 39 52
      vertex 0 31.4645 65.4645
      vertex 0 32.2221 64.8427
    endloop
  endfacet
  facet normal -1 0 0
    outer loop
      vertex 0 12.5 71.9
      vertex 0 31.4645 65.4645
      vertex 0 39 52
    endloop
  endfacet
  facet normal -1 0 0
    outer loop
      vertex 0 15.1847 76.55
      vertex 0 30 104
      vertex 0 30 69
    endloop
  endfacet
  facet normal -1 0 0
    outer loop
      vertex 0 14.692 77.192
      vertex 0 30 104
      vertex 0 15.1847 76.55
    endloop
  endfacet
  facet normal -1 0 0
    outer loop
      vertex 0 14.05 77.6847
      vertex 0 30 104
      vertex 0 14.692 77.192
    endloop
  endfacet
  facet normal -1 0 0
    outer loop
      vertex 0 13.3023 77.9944
      vertex 0 30 104
      vertex 0 14.05 77.6847
    endloop
  endfacet
  facet normal -1 0 -0
    outer loop
      vertex 0 25 109
      vertex 0 30 104
      vertex 0 13.3023 77.9944
    endloop
  endfacet
  facet normal -1 0 0
    outer loop
      vertex 0 30 104
      vertex 0 25 109
      vertex 0 29.9039 104.975
    endloop
  endfacet
  facet normal -1 0 0
    outer loop
      vertex 0 29.9039 104.975
      vertex 0 25 109
      vertex 0 29.6194 105.913
    endloop
  endfacet
  facet normal -1 0 0
    outer loop
      vertex 0 14.692 72.808
      vertex 0 30 69
      vertex 0 30.0961 68.0245
    endloop
  endfacet
  facet normal -1 0 0
    outer loop
      vertex 0 29.1573 106.778
      vertex 0 25 109
      vertex 0 28.5355 107.536
    endloop
  endfacet
  facet normal -1 0 0
    outer loop
      vertex 0 30 69
      vertex 0 15.6 75
      vertex 0 15.4944 75.8023
    endloop
  endfacet
  facet normal -1 0 0
    outer loop
      vertex 0 14.692 72.808
      vertex 0 30.0961 68.0245
      vertex 0 30.3806 67.0866
    endloop
  endfacet
  facet normal -1 0 0
    outer loop
      vertex 0 14.05 72.3153
      vertex 0 30.3806 67.0866
      vertex 0 30.8427 66.2221
    endloop
  endfacet
  facet normal -1 0 -0
    outer loop
      vertex 0 13.3023 72.0056
      vertex 0 31.4645 65.4645
      vertex 0 12.5 71.9
    endloop
  endfacet
  facet normal -1 0 0
    outer loop
      vertex 0 30 69
      vertex 0 15.4944 74.1977
      vertex 0 15.6 75
    endloop
  endfacet
  facet normal -1 0 0
    outer loop
      vertex 0 30 69
      vertex 0 15.1847 73.45
      vertex 0 15.4944 74.1977
    endloop
  endfacet
  facet normal -1 0 0
    outer loop
      vertex 0 30 69
      vertex 0 14.692 72.808
      vertex 0 15.1847 73.45
    endloop
  endfacet
  facet normal -1 0 0
    outer loop
      vertex 0 30.3806 67.0866
      vertex 0 14.05 72.3153
      vertex 0 14.692 72.808
    endloop
  endfacet
  facet normal -1 0 0
    outer loop
      vertex 0 30.8427 66.2221
      vertex 0 13.3023 72.0056
      vertex 0 14.05 72.3153
    endloop
  endfacet
  facet normal -1 0 0
    outer loop
      vertex 0 31.4645 65.4645
      vertex 0 13.3023 72.0056
      vertex 0 30.8427 66.2221
    endloop
  endfacet
  facet normal -1 0 0
    outer loop
      vertex 0 39 52
      vertex 0 11.6977 72.0056
      vertex 0 12.5 71.9
    endloop
  endfacet
  facet normal -1 0 0
    outer loop
      vertex 0 0 0
      vertex 0 11.6977 72.0056
      vertex 0 39 52
    endloop
  endfacet
  facet normal -1 0 0
    outer loop
      vertex 0 0 109
      vertex 0 9.50563 74.1977
      vertex 0 0 0
    endloop
  endfacet
  facet normal -1 -0 0
    outer loop
      vertex 0 9.81532 73.45
      vertex 0 0 0
      vertex 0 9.50563 74.1977
    endloop
  endfacet
  facet normal -1 -0 0
    outer loop
      vertex 0 10.308 72.808
      vertex 0 0 0
      vertex 0 9.81532 73.45
    endloop
  endfacet
  facet normal -1 -0 0
    outer loop
      vertex 0 10.95 72.3153
      vertex 0 0 0
      vertex 0 10.308 72.808
    endloop
  endfacet
  facet normal -1 -0 0
    outer loop
      vertex 0 11.6977 72.0056
      vertex 0 0 0
      vertex 0 10.95 72.3153
    endloop
  endfacet
  facet normal -1 -0 0
    outer loop
      vertex 0 61 52
      vertex 0 0 0
      vertex 0 39 52
    endloop
  endfacet
  facet normal -1 0 0
    outer loop
      vertex 0 122 55
      vertex 0 155 64
      vertex 0 122 52
    endloop
  endfacet
  facet normal -1 0 0
    outer loop
      vertex 0 100 55
      vertex 0 155 64
      vertex 0 122 55
    endloop
  endfacet
  facet normal -1 0 0
    outer loop
      vertex 0 61 55
      vertex 0 100 55
      vertex 0 61 52
    endloop
  endfacet
  facet normal -1 0 0
    outer loop
      vertex 0 35 64
      vertex 0 100 55
      vertex 0 61 55
    endloop
  endfacet
  facet normal -1 0 0
    outer loop
      vertex 0 35 64
      vertex 0 61 55
      vertex 0 39 55
    endloop
  endfacet
  facet normal -1 0 0
    outer loop
      vertex 0 100 55
      vertex 0 35 64
      vertex 0 155 64
    endloop
  endfacet
  facet normal -1 0 0
    outer loop
      vertex 0 30 69
      vertex 0 15.4944 75.8023
      vertex 0 15.1847 76.55
    endloop
  endfacet
  facet normal -1 0 0
    outer loop
      vertex 0 28.5355 107.536
      vertex 0 25 109
      vertex 0 27.7778 108.157
    endloop
  endfacet
  facet normal -1 0 0
    outer loop
      vertex 0 27.7778 108.157
      vertex 0 25 109
      vertex 0 26.9134 108.619
    endloop
  endfacet
  facet normal -1 0 0
    outer loop
      vertex 0 26.9134 108.619
      vertex 0 25 109
      vertex 0 25.9754 108.904
    endloop
  endfacet
  facet normal -1 0 0
    outer loop
      vertex 0 29.6194 105.913
      vertex 0 25 109
      vertex 0 29.1573 106.778
    endloop
  endfacet
  facet normal -1 0 0
    outer loop
      vertex 0 12.5 78.1
      vertex 0 25 109
      vertex 0 13.3023 77.9944
    endloop
  endfacet
  facet normal -1 0 0
    outer loop
      vertex 0 0 109
      vertex 0 12.5 78.1
      vertex 0 11.6977 77.9944
    endloop
  endfacet
  facet normal -1 0 0
    outer loop
      vertex 0 0 109
      vertex 0 11.6977 77.9944
      vertex 0 10.95 77.6847
    endloop
  endfacet
  facet normal -1 0 0
    outer loop
      vertex 0 0 109
      vertex 0 10.95 77.6847
      vertex 0 10.308 77.192
    endloop
  endfacet
  facet normal -1 0 0
    outer loop
      vertex 0 0 109
      vertex 0 10.308 77.192
      vertex 0 9.81532 76.55
    endloop
  endfacet
  facet normal -1 0 0
    outer loop
      vertex 0 12.5 78.1
      vertex 0 0 109
      vertex 0 25 109
    endloop
  endfacet
  facet normal -1 0 0
    outer loop
      vertex 0 9.50563 75.8023
      vertex 0 0 109
      vertex 0 9.81532 76.55
    endloop
  endfacet
  facet normal -1 0 0
    outer loop
      vertex 0 9.4 75
      vertex 0 0 109
      vertex 0 9.50563 75.8023
    endloop
  endfacet
  facet normal -1 0 0
    outer loop
      vertex 0 9.50563 74.1977
      vertex 0 0 109
      vertex 0 9.4 75
    endloop
  endfacet
  facet normal 0 0.995192 0.0979479
    outer loop
      vertex 5 160 59
      vertex 0 159.904 59.9754
      vertex 5 159.904 59.9754
    endloop
  endfacet
  facet normal 0 0.995192 0.0979479
    outer loop
      vertex 0 159.904 59.9754
      vertex 5 160 59
      vertex 0 160 59
    endloop
  endfacet
  facet normal 0 0.95681 0.290715
    outer loop
      vertex 5 159.904 59.9754
      vertex 0 159.619 60.9134
      vertex 5 159.619 60.9134
    endloop
  endfacet
  facet normal 0 0.95681 0.290715
    outer loop
      vertex 0 159.619 60.9134
      vertex 5 159.904 59.9754
      vertex 0 159.904 59.9754
    endloop
  endfacet
  facet normal 0 0.881935 0.471372
    outer loop
      vertex 5 159.619 60.9134
      vertex 0 159.157 61.7778
      vertex 5 159.157 61.7778
    endloop
  endfacet
  facet normal 0 0.881935 0.471372
    outer loop
      vertex 0 159.157 61.7778
      vertex 5 159.619 60.9134
      vertex 0 159.619 60.9134
    endloop
  endfacet
  facet normal 0 0.773425 0.633888
    outer loop
      vertex 5 159.157 61.7778
      vertex 0 158.536 62.5355
      vertex 5 158.536 62.5355
    endloop
  endfacet
  facet normal 0 0.773425 0.633888
    outer loop
      vertex 0 158.536 62.5355
      vertex 5 159.157 61.7778
      vertex 0 159.157 61.7778
    endloop
  endfacet
  facet normal -0 0.634226 0.773148
    outer loop
      vertex 0 158.536 62.5355
      vertex 5 157.778 63.1573
      vertex 5 158.536 62.5355
    endloop
  endfacet
  facet normal 0 0.634226 0.773148
    outer loop
      vertex 5 157.778 63.1573
      vertex 0 158.536 62.5355
      vertex 0 157.778 63.1573
    endloop
  endfacet
  facet normal -0 0.471197 0.882028
    outer loop
      vertex 0 157.778 63.1573
      vertex 5 156.913 63.6194
      vertex 5 157.778 63.1573
    endloop
  endfacet
  facet normal 0 0.471197 0.882028
    outer loop
      vertex 5 156.913 63.6194
      vertex 0 157.778 63.1573
      vertex 0 156.913 63.6194
    endloop
  endfacet
  facet normal -0 0.290248 0.956951
    outer loop
      vertex 0 156.913 63.6194
      vertex 5 155.975 63.9039
      vertex 5 156.913 63.6194
    endloop
  endfacet
  facet normal 0 0.290248 0.956951
    outer loop
      vertex 5 155.975 63.9039
      vertex 0 156.913 63.6194
      vertex 0 155.975 63.9039
    endloop
  endfacet
  facet normal -0 0.0980888 0.995178
    outer loop
      vertex 0 155.975 63.9039
      vertex 5 155 64
      vertex 5 155.975 63.9039
    endloop
  endfacet
  facet normal 0 0.0980888 0.995178
    outer loop
      vertex 5 155 64
      vertex 0 155.975 63.9039
      vertex 0 155 64
    endloop
  endfacet
  facet normal -0 0 1
    outer loop
      vertex 0 155 64
      vertex 5 35 64
      vertex 5 155 64
    endloop
  endfacet
  facet normal 0 0 1
    outer loop
      vertex 5 35 64
      vertex 0 155 64
      vertex 0 35 64
    endloop
  endfacet
  facet normal -0 0.098039 0.995183
    outer loop
      vertex 0 35 64
      vertex 5 34.0245 64.0961
      vertex 5 35 64
    endloop
  endfacet
  facet normal 0 0.098039 0.995183
    outer loop
      vertex 5 34.0245 64.0961
      vertex 0 35 64
      vertex 0 34.0245 64.0961
    endloop
  endfacet
  facet normal -0 0.290276 0.956943
    outer loop
      vertex 0 34.0245 64.0961
      vertex 5 33.0866 64.3806
      vertex 5 34.0245 64.0961
    endloop
  endfacet
  facet normal 0 0.290276 0.956943
    outer loop
      vertex 5 33.0866 64.3806
      vertex 0 34.0245 64.0961
      vertex 0 33.0866 64.3806
    endloop
  endfacet
  facet normal -0 0.471409 0.881915
    outer loop
      vertex 0 33.0866 64.3806
      vertex 5 32.2221 64.8427
      vertex 5 33.0866 64.3806
    endloop
  endfacet
  facet normal 0 0.471409 0.881915
    outer loop
      vertex 5 32.2221 64.8427
      vertex 0 33.0866 64.3806
      vertex 0 32.2221 64.8427
    endloop
  endfacet
  facet normal -0 0.634426 0.772984
    outer loop
      vertex 0 32.2221 64.8427
      vertex 5 31.4645 65.4645
      vertex 5 32.2221 64.8427
    endloop
  endfacet
  facet normal 0 0.634426 0.772984
    outer loop
      vertex 5 31.4645 65.4645
      vertex 0 32.2221 64.8427
      vertex 0 31.4645 65.4645
    endloop
  endfacet
  facet normal 0 0.772984 0.634426
    outer loop
      vertex 5 31.4645 65.4645
      vertex 0 30.8427 66.2221
      vertex 5 30.8427 66.2221
    endloop
  endfacet
  facet normal 0 0.772984 0.634426
    outer loop
      vertex 0 30.8427 66.2221
      vertex 5 31.4645 65.4645
      vertex 0 31.4645 65.4645
    endloop
  endfacet
  facet normal 0 0.881915 0.471409
    outer loop
      vertex 5 30.8427 66.2221
      vertex 0 30.3806 67.0866
      vertex 5 30.3806 67.0866
    endloop
  endfacet
  facet normal 0 0.881915 0.471409
    outer loop
      vertex 0 30.3806 67.0866
      vertex 5 30.8427 66.2221
      vertex 0 30.8427 66.2221
    endloop
  endfacet
  facet normal 0 0.956943 0.290276
    outer loop
      vertex 5 30.3806 67.0866
      vertex 0 30.0961 68.0245
      vertex 5 30.0961 68.0245
    endloop
  endfacet
  facet normal 0 0.956943 0.290276
    outer loop
      vertex 0 30.0961 68.0245
      vertex 5 30.3806 67.0866
      vertex 0 30.3806 67.0866
    endloop
  endfacet
  facet normal 0 0.995183 0.098039
    outer loop
      vertex 5 30.0961 68.0245
      vertex 0 30 69
      vertex 5 30 69
    endloop
  endfacet
  facet normal 0 0.995183 0.098039
    outer loop
      vertex 0 30 69
      vertex 5 30.0961 68.0245
      vertex 0 30.0961 68.0245
    endloop
  endfacet
  facet normal 0 1 -0
    outer loop
      vertex 5 30 69
      vertex 0 30 104
      vertex 5 30 104
    endloop
  endfacet
  facet normal 0 1 0
    outer loop
      vertex 0 30 104
      vertex 5 30 69
      vertex 0 30 69
    endloop
  endfacet
  facet normal 0 0.995178 0.0980888
    outer loop
      vertex 5 30 104
      vertex 0 29.9039 104.975
      vertex 5 29.9039 104.975
    endloop
  endfacet
  facet normal 0 0.995178 0.0980888
    outer loop
      vertex 0 29.9039 104.975
      vertex 5 30 104
      vertex 0 30 104
    endloop
  endfacet
  facet normal 0 0.956951 0.290248
    outer loop
      vertex 5 29.9039 104.975
      vertex 0 29.6194 105.913
      vertex 5 29.6194 105.913
    endloop
  endfacet
  facet normal 0 0.956951 0.290248
    outer loop
      vertex 0 29.6194 105.913
      vertex 5 29.9039 104.975
      vertex 0 29.9039 104.975
    endloop
  endfacet
  facet normal 0 0.882028 0.471197
    outer loop
      vertex 5 29.6194 105.913
      vertex 0 29.1573 106.778
      vertex 5 29.1573 106.778
    endloop
  endfacet
  facet normal 0 0.882028 0.471197
    outer loop
      vertex 0 29.1573 106.778
      vertex 5 29.6194 105.913
      vertex 0 29.6194 105.913
    endloop
  endfacet
  facet normal 0 0.773148 0.634226
    outer loop
      vertex 5 29.1573 106.778
      vertex 0 28.5355 107.536
      vertex 5 28.5355 107.536
    endloop
  endfacet
  facet normal 0 0.773148 0.634226
    outer loop
      vertex 0 28.5355 107.536
      vertex 5 29.1573 106.778
      vertex 0 29.1573 106.778
    endloop
  endfacet
  facet normal -0 0.633888 0.773425
    outer loop
      vertex 0 28.5355 107.536
      vertex 5 27.7778 108.157
      vertex 5 28.5355 107.536
    endloop
  endfacet
  facet normal 0 0.633888 0.773425
    outer loop
      vertex 5 27.7778 108.157
      vertex 0 28.5355 107.536
      vertex 0 27.7778 108.157
    endloop
  endfacet
  facet normal -0 0.471372 0.881935
    outer loop
      vertex 0 27.7778 108.157
      vertex 5 26.9134 108.619
      vertex 5 27.7778 108.157
    endloop
  endfacet
  facet normal 0 0.471372 0.881935
    outer loop
      vertex 5 26.9134 108.619
      vertex 0 27.7778 108.157
      vertex 0 26.9134 108.619
    endloop
  endfacet
  facet normal -0 0.290715 0.95681
    outer loop
      vertex 0 26.9134 108.619
      vertex 5 25.9754 108.904
      vertex 5 26.9134 108.619
    endloop
  endfacet
  facet normal 0 0.290715 0.95681
    outer loop
      vertex 5 25.9754 108.904
      vertex 0 26.9134 108.619
      vertex 0 25.9754 108.904
    endloop
  endfacet
  facet normal -0 0.0979479 0.995192
    outer loop
      vertex 0 25.9754 108.904
      vertex 5 25 109
      vertex 5 25.9754 108.904
    endloop
  endfacet
  facet normal 0 0.0979479 0.995192
    outer loop
      vertex 5 25 109
      vertex 0 25.9754 108.904
      vertex 0 25 109
    endloop
  endfacet
  facet normal -0 0 1
    outer loop
      vertex 5 25 109
      vertex 10 0 109
      vertex 10 25 109
    endloop
  endfacet
  facet normal 0 0 1
    outer loop
      vertex 0 0 109
      vertex 5 25 109
      vertex 0 25 109
    endloop
  endfacet
  facet normal 0 0 1
    outer loop
      vertex 5 25 109
      vertex 0 0 109
      vertex 10 0 109
    endloop
  endfacet
  facet normal 1 0 0
    outer loop
      vertex 181 25 109
      vertex 181 30 104
      vertex 181 29.9039 104.975
    endloop
  endfacet
  facet normal 1 0 0
    outer loop
      vertex 181 155 64
      vertex 181 100 55
      vertex 181 122 55
    endloop
  endfacet
  facet normal 1 0 0
    outer loop
      vertex 181 100 55
      vertex 181 61 55
      vertex 181 100 52
    endloop
  endfacet
  facet normal 1 -0 0
    outer loop
      vertex 181 35 64
      vertex 181 100 55
      vertex 181 155 64
    endloop
  endfacet
  facet normal 1 0 0
    outer loop
      vertex 181 100 55
      vertex 181 35 64
      vertex 181 61 55
    endloop
  endfacet
  facet normal 1 0 0
    outer loop
      vertex 181 34.0245 64.0961
      vertex 181 39 55
      vertex 181 35 64
    endloop
  endfacet
  facet normal 1 0 0
    outer loop
      vertex 181 61 55
      vertex 181 35 64
      vertex 181 39 55
    endloop
  endfacet
  facet normal 1 0 0
    outer loop
      vertex 181 155 64
      vertex 181 160 59
      vertex 181 159.904 59.9754
    endloop
  endfacet
  facet normal 1 0 0
    outer loop
      vertex 181 155 64
      vertex 181 159.904 59.9754
      vertex 181 159.619 60.9134
    endloop
  endfacet
  facet normal 1 0 0
    outer loop
      vertex 181 155 64
      vertex 181 159.619 60.9134
      vertex 181 159.157 61.7778
    endloop
  endfacet
  facet normal 1 0 0
    outer loop
      vertex 181 155 64
      vertex 181 159.157 61.7778
      vertex 181 158.536 62.5355
    endloop
  endfacet
  facet normal 1 0 0
    outer loop
      vertex 181 155 64
      vertex 181 158.536 62.5355
      vertex 181 157.778 63.1573
    endloop
  endfacet
  facet normal 1 0 0
    outer loop
      vertex 181 155 64
      vertex 181 157.778 63.1573
      vertex 181 156.913 63.6194
    endloop
  endfacet
  facet normal 1 0 0
    outer loop
      vertex 181 155 64
      vertex 181 156.913 63.6194
      vertex 181 155.975 63.9039
    endloop
  endfacet
  facet normal 1 0 0
    outer loop
      vertex 181 160 59
      vertex 181 155 64
      vertex 181 122 52
    endloop
  endfacet
  facet normal 1 0 0
    outer loop
      vertex 181 122 52
      vertex 181 155 64
      vertex 181 122 55
    endloop
  endfacet
  facet normal 1 0 0
    outer loop
      vertex 181 160 59
      vertex 181 122 52
      vertex 181 160 0
    endloop
  endfacet
  facet normal 1 -0 0
    outer loop
      vertex 181 100 52
      vertex 181 160 0
      vertex 181 122 52
    endloop
  endfacet
  facet normal 1 0 0
    outer loop
      vertex 181 61 52
      vertex 181 100 52
      vertex 181 61 55
    endloop
  endfacet
  facet normal 1 0 0
    outer loop
      vertex 181 100 52
      vertex 181 61 52
      vertex 181 160 0
    endloop
  endfacet
  facet normal 1 0 0
    outer loop
      vertex 181 0 0
      vertex 181 61 52
      vertex 181 39 52
    endloop
  endfacet
  facet normal 1 0 0
    outer loop
      vertex 181 33.0866 64.3806
      vertex 181 39 55
      vertex 181 34.0245 64.0961
    endloop
  endfacet
  facet normal 1 0 0
    outer loop
      vertex 181 32.2221 64.8427
      vertex 181 39 55
      vertex 181 33.0866 64.3806
    endloop
  endfacet
  facet normal 1 0 0
    outer loop
      vertex 181 39 55
      vertex 181 32.2221 64.8427
      vertex 181 39 52
    endloop
  endfacet
  facet normal 1 0 0
    outer loop
      vertex 181 31.4645 65.4645
      vertex 181 39 52
      vertex 181 32.2221 64.8427
    endloop
  endfacet
  facet normal 1 0 0
    outer loop
      vertex 181 0 0
      vertex 181 31.4645 65.4645
      vertex 181 30.8427 66.2221
    endloop
  endfacet
  facet normal 1 0 0
    outer loop
      vertex 181 25 109
      vertex 181 29.9039 104.975
      vertex 181 29.6194 105.913
    endloop
  endfacet
  facet normal 1 0 0
    outer loop
      vertex 181 25 109
      vertex 181 29.6194 105.913
      vertex 181 29.1573 106.778
    endloop
  endfacet
  facet normal 1 0 0
    outer loop
      vertex 181 25 109
      vertex 181 29.1573 106.778
      vertex 181 28.5355 107.536
    endloop
  endfacet
  facet normal 1 0 0
    outer loop
      vertex 181 25 109
      vertex 181 28.5355 107.536
      vertex 181 27.7778 108.157
    endloop
  endfacet
  facet normal 1 0 0
    outer loop
      vertex 181 25 109
      vertex 181 27.7778 108.157
      vertex 181 26.9134 108.619
    endloop
  endfacet
  facet normal 1 0 0
    outer loop
      vertex 181 25 109
      vertex 181 26.9134 108.619
      vertex 181 25.9754 108.904
    endloop
  endfacet
  facet normal 1 0 0
    outer loop
      vertex 181 30 104
      vertex 181 25 109
      vertex 181 0 109
    endloop
  endfacet
  facet normal 1 0 0
    outer loop
      vertex 181 30 104
      vertex 181 0 109
      vertex 181 30 69
    endloop
  endfacet
  facet normal 1 0 0
    outer loop
      vertex 181 30 69
      vertex 181 0 109
      vertex 181 30.0961 68.0245
    endloop
  endfacet
  facet normal 1 0 0
    outer loop
      vertex 181 0 0
      vertex 181 30.0961 68.0245
      vertex 181 0 109
    endloop
  endfacet
  facet normal 1 0 0
    outer loop
      vertex 181 30.0961 68.0245
      vertex 181 0 0
      vertex 181 30.3806 67.0866
    endloop
  endfacet
  facet normal 1 0 0
    outer loop
      vertex 181 30.3806 67.0866
      vertex 181 0 0
      vertex 181 30.8427 66.2221
    endloop
  endfacet
  facet normal 1 0 0
    outer loop
      vertex 181 61 52
      vertex 181 0 0
      vertex 181 160 0
    endloop
  endfacet
  facet normal 1 0 0
    outer loop
      vertex 181 31.4645 65.4645
      vertex 181 0 0
      vertex 181 39 52
    endloop
  endfacet
  facet normal 0 0.995192 0.0979479
    outer loop
      vertex 181 160 59
      vertex 176 159.904 59.9754
      vertex 181 159.904 59.9754
    endloop
  endfacet
  facet normal 0 0.995192 0.0979479
    outer loop
      vertex 176 159.904 59.9754
      vertex 181 160 59
      vertex 176 160 59
    endloop
  endfacet
  facet normal 0 0.95681 0.290715
    outer loop
      vertex 181 159.904 59.9754
      vertex 176 159.619 60.9134
      vertex 181 159.619 60.9134
    endloop
  endfacet
  facet normal 0 0.95681 0.290715
    outer loop
      vertex 176 159.619 60.9134
      vertex 181 159.904 59.9754
      vertex 176 159.904 59.9754
    endloop
  endfacet
  facet normal 0 0.881935 0.471372
    outer loop
      vertex 181 159.619 60.9134
      vertex 176 159.157 61.7778
      vertex 181 159.157 61.7778
    endloop
  endfacet
  facet normal 0 0.881935 0.471372
    outer loop
      vertex 176 159.157 61.7778
      vertex 181 159.619 60.9134
      vertex 176 159.619 60.9134
    endloop
  endfacet
  facet normal 0 0.773425 0.633888
    outer loop
      vertex 181 159.157 61.7778
      vertex 176 158.536 62.5355
      vertex 181 158.536 62.5355
    endloop
  endfacet
  facet normal 0 0.773425 0.633888
    outer loop
      vertex 176 158.536 62.5355
      vertex 181 159.157 61.7778
      vertex 176 159.157 61.7778
    endloop
  endfacet
  facet normal -0 0.634226 0.773148
    outer loop
      vertex 176 158.536 62.5355
      vertex 181 157.778 63.1573
      vertex 181 158.536 62.5355
    endloop
  endfacet
  facet normal 0 0.634226 0.773148
    outer loop
      vertex 181 157.778 63.1573
      vertex 176 158.536 62.5355
      vertex 176 157.778 63.1573
    endloop
  endfacet
  facet normal -0 0.471197 0.882028
    outer loop
      vertex 176 157.778 63.1573
      vertex 181 156.913 63.6194
      vertex 181 157.778 63.1573
    endloop
  endfacet
  facet normal 0 0.471197 0.882028
    outer loop
      vertex 181 156.913 63.6194
      vertex 176 157.778 63.1573
      vertex 176 156.913 63.6194
    endloop
  endfacet
  facet normal -0 0.290248 0.956951
    outer loop
      vertex 176 156.913 63.6194
      vertex 181 155.975 63.9039
      vertex 181 156.913 63.6194
    endloop
  endfacet
  facet normal 0 0.290248 0.956951
    outer loop
      vertex 181 155.975 63.9039
      vertex 176 156.913 63.6194
      vertex 176 155.975 63.9039
    endloop
  endfacet
  facet normal -0 0.0980888 0.995178
    outer loop
      vertex 176 155.975 63.9039
      vertex 181 155 64
      vertex 181 155.975 63.9039
    endloop
  endfacet
  facet normal 0 0.0980888 0.995178
    outer loop
      vertex 181 155 64
      vertex 176 155.975 63.9039
      vertex 176 155 64
    endloop
  endfacet
  facet normal -0 0 1
    outer loop
      vertex 176 155 64
      vertex 181 35 64
      vertex 181 155 64
    endloop
  endfacet
  facet normal 0 0 1
    outer loop
      vertex 181 35 64
      vertex 176 155 64
      vertex 176 35 64
    endloop
  endfacet
  facet normal -0 0.098039 0.995183
    outer loop
      vertex 176 35 64
      vertex 181 34.0245 64.0961
      vertex 181 35 64
    endloop
  endfacet
  facet normal 0 0.098039 0.995183
    outer loop
      vertex 181 34.0245 64.0961
      vertex 176 35 64
      vertex 176 34.0245 64.0961
    endloop
  endfacet
  facet normal -0 0.290276 0.956943
    outer loop
      vertex 176 34.0245 64.0961
      vertex 181 33.0866 64.3806
      vertex 181 34.0245 64.0961
    endloop
  endfacet
  facet normal 0 0.290276 0.956943
    outer loop
      vertex 181 33.0866 64.3806
      vertex 176 34.0245 64.0961
      vertex 176 33.0866 64.3806
    endloop
  endfacet
  facet normal -0 0.471409 0.881915
    outer loop
      vertex 176 33.0866 64.3806
      vertex 181 32.2221 64.8427
      vertex 181 33.0866 64.3806
    endloop
  endfacet
  facet normal 0 0.471409 0.881915
    outer loop
      vertex 181 32.2221 64.8427
      vertex 176 33.0866 64.3806
      vertex 176 32.2221 64.8427
    endloop
  endfacet
  facet normal -0 0.634426 0.772984
    outer loop
      vertex 176 32.2221 64.8427
      vertex 181 31.4645 65.4645
      vertex 181 32.2221 64.8427
    endloop
  endfacet
  facet normal 0 0.634426 0.772984
    outer loop
      vertex 181 31.4645 65.4645
      vertex 176 32.2221 64.8427
      vertex 176 31.4645 65.4645
    endloop
  endfacet
  facet normal 0 0.772984 0.634426
    outer loop
      vertex 181 31.4645 65.4645
      vertex 176 30.8427 66.2221
      vertex 181 30.8427 66.2221
    endloop
  endfacet
  facet normal 0 0.772984 0.634426
    outer loop
      vertex 176 30.8427 66.2221
      vertex 181 31.4645 65.4645
      vertex 176 31.4645 65.4645
    endloop
  endfacet
  facet normal 0 0.881915 0.471409
    outer loop
      vertex 181 30.8427 66.2221
      vertex 176 30.3806 67.0866
      vertex 181 30.3806 67.0866
    endloop
  endfacet
  facet normal 0 0.881915 0.471409
    outer loop
      vertex 176 30.3806 67.0866
      vertex 181 30.8427 66.2221
      vertex 176 30.8427 66.2221
    endloop
  endfacet
  facet normal 0 0.956943 0.290276
    outer loop
      vertex 181 30.3806 67.0866
      vertex 176 30.0961 68.0245
      vertex 181 30.0961 68.0245
    endloop
  endfacet
  facet normal 0 0.956943 0.290276
    outer loop
      vertex 176 30.0961 68.0245
      vertex 181 30.3806 67.0866
      vertex 176 30.3806 67.0866
    endloop
  endfacet
  facet normal 0 0.995183 0.098039
    outer loop
      vertex 181 30.0961 68.0245
      vertex 176 30 69
      vertex 181 30 69
    endloop
  endfacet
  facet normal 0 0.995183 0.098039
    outer loop
      vertex 176 30 69
      vertex 181 30.0961 68.0245
      vertex 176 30.0961 68.0245
    endloop
  endfacet
  facet normal 0 1 -0
    outer loop
      vertex 181 30 69
      vertex 176 30 104
      vertex 181 30 104
    endloop
  endfacet
  facet normal 0 1 0
    outer loop
      vertex 176 30 104
      vertex 181 30 69
      vertex 176 30 69
    endloop
  endfacet
  facet normal 0 0.995178 0.0980888
    outer loop
      vertex 181 30 104
      vertex 176 29.9039 104.975
      vertex 181 29.9039 104.975
    endloop
  endfacet
  facet normal 0 0.995178 0.0980888
    outer loop
      vertex 176 29.9039 104.975
      vertex 181 30 104
      vertex 176 30 104
    endloop
  endfacet
  facet normal 0 0.956951 0.290248
    outer loop
      vertex 181 29.9039 104.975
      vertex 176 29.6194 105.913
      vertex 181 29.6194 105.913
    endloop
  endfacet
  facet normal 0 0.956951 0.290248
    outer loop
      vertex 176 29.6194 105.913
      vertex 181 29.9039 104.975
      vertex 176 29.9039 104.975
    endloop
  endfacet
  facet normal 0 0.882028 0.471197
    outer loop
      vertex 181 29.6194 105.913
      vertex 176 29.1573 106.778
      vertex 181 29.1573 106.778
    endloop
  endfacet
  facet normal 0 0.882028 0.471197
    outer loop
      vertex 176 29.1573 106.778
      vertex 181 29.6194 105.913
      vertex 176 29.6194 105.913
    endloop
  endfacet
  facet normal 0 0.773148 0.634226
    outer loop
      vertex 181 29.1573 106.778
      vertex 176 28.5355 107.536
      vertex 181 28.5355 107.536
    endloop
  endfacet
  facet normal 0 0.773148 0.634226
    outer loop
      vertex 176 28.5355 107.536
      vertex 181 29.1573 106.778
      vertex 176 29.1573 106.778
    endloop
  endfacet
  facet normal -0 0.633888 0.773425
    outer loop
      vertex 176 28.5355 107.536
      vertex 181 27.7778 108.157
      vertex 181 28.5355 107.536
    endloop
  endfacet
  facet normal 0 0.633888 0.773425
    outer loop
      vertex 181 27.7778 108.157
      vertex 176 28.5355 107.536
      vertex 176 27.7778 108.157
    endloop
  endfacet
  facet normal -0 0.471372 0.881935
    outer loop
      vertex 176 27.7778 108.157
      vertex 181 26.9134 108.619
      vertex 181 27.7778 108.157
    endloop
  endfacet
  facet normal 0 0.471372 0.881935
    outer loop
      vertex 181 26.9134 108.619
      vertex 176 27.7778 108.157
      vertex 176 26.9134 108.619
    endloop
  endfacet
  facet normal -0 0.290715 0.95681
    outer loop
      vertex 176 26.9134 108.619
      vertex 181 25.9754 108.904
      vertex 181 26.9134 108.619
    endloop
  endfacet
  facet normal 0 0.290715 0.95681
    outer loop
      vertex 181 25.9754 108.904
      vertex 176 26.9134 108.619
      vertex 176 25.9754 108.904
    endloop
  endfacet
  facet normal -0 0.0979479 0.995192
    outer loop
      vertex 176 25.9754 108.904
      vertex 181 25 109
      vertex 181 25.9754 108.904
    endloop
  endfacet
  facet normal 0 0.0979479 0.995192
    outer loop
      vertex 181 25 109
      vertex 176 25.9754 108.904
      vertex 176 25 109
    endloop
  endfacet
  facet normal -0 0 1
    outer loop
      vertex 176 25 109
      vertex 181 0 109
      vertex 181 25 109
    endloop
  endfacet
  facet normal 0 0 1
    outer loop
      vertex 171 0 109
      vertex 176 25 109
      vertex 171 25 109
    endloop
  endfacet
  facet normal 0 0 1
    outer loop
      vertex 176 25 109
      vertex 171 0 109
      vertex 181 0 109
    endloop
  endfacet
  facet normal 1 -0 0
    outer loop
      vertex 10 0 109
      vertex 10 25 5
      vertex 10 25 109
    endloop
  endfacet
  facet normal 1 0 0
    outer loop
      vertex 10 25 5
      vertex 10 0 109
      vertex 10 0 5
    endloop
  endfacet
  facet normal 0 1 -0
    outer loop
      vertex 10 25 5
      vertex 5 25 109
      vertex 10 25 109
    endloop
  endfacet
  facet normal 0 1 0
    outer loop
      vertex 5 25 109
      vertex 10 25 5
      vertex 5 25 5
    endloop
  endfacet
  facet normal -1 0 0
    outer loop
      vertex 171 0 5
      vertex 171 25 109
      vertex 171 25 5
    endloop
  endfacet
  facet normal -1 -0 0
    outer loop
      vertex 171 25 109
      vertex 171 0 5
      vertex 171 0 109
    endloop
  endfacet
  facet normal 0 1 -0
    outer loop
      vertex 176 25 5
      vertex 171 25 109
      vertex 176 25 109
    endloop
  endfacet
  facet normal 0 1 0
    outer loop
      vertex 171 25 109
      vertex 176 25 5
      vertex 171 25 5
    endloop
  endfacet
  facet normal 0.956881 -0 0.290482
    outer loop
      vertex 76.8477 157 57.7654
      vertex 76.9616 160 57.3902
      vertex 76.8477 160 57.7654
    endloop
  endfacet
  facet normal 0.956881 0 0.290482
    outer loop
      vertex 76.9616 160 57.3902
      vertex 76.8477 157 57.7654
      vertex 76.9616 157 57.3902
    endloop
  endfacet
  facet normal -0.290482 0 0.956881
    outer loop
      vertex 68.2346 160 58.8477
      vertex 68.6098 157 58.9616
      vertex 68.6098 160 58.9616
    endloop
  endfacet
  facet normal -0.290482 0 0.956881
    outer loop
      vertex 68.6098 157 58.9616
      vertex 68.2346 160 58.8477
      vertex 68.2346 157 58.8477
    endloop
  endfacet
  facet normal 1 -0 0
    outer loop
      vertex 77 157 57
      vertex 77 160 5
      vertex 77 160 57
    endloop
  endfacet
  facet normal 1 0 0
    outer loop
      vertex 77 160 5
      vertex 77 157 57
      vertex 77 157 5
    endloop
  endfacet
  facet normal 0.881901 -0 0.471435
    outer loop
      vertex 76.6629 157 58.1111
      vertex 76.8477 160 57.7654
      vertex 76.6629 160 58.1111
    endloop
  endfacet
  facet normal 0.881901 0 0.471435
    outer loop
      vertex 76.8477 160 57.7654
      vertex 76.6629 157 58.1111
      vertex 76.8477 157 57.7654
    endloop
  endfacet
  facet normal -1 0 0
    outer loop
      vertex 67 157 5
      vertex 67 160 57
      vertex 67 160 5
    endloop
  endfacet
  facet normal -1 -0 0
    outer loop
      vertex 67 160 57
      vertex 67 157 5
      vertex 67 157 57
    endloop
  endfacet
  facet normal 0.634321 0 0.77307
    outer loop
      vertex 76.1111 160 58.6629
      vertex 76.4142 157 58.4142
      vertex 76.4142 160 58.4142
    endloop
  endfacet
  facet normal 0.634321 0 0.77307
    outer loop
      vertex 76.4142 157 58.4142
      vertex 76.1111 160 58.6629
      vertex 76.1111 157 58.6629
    endloop
  endfacet
  facet normal -0.956881 0 0.290482
    outer loop
      vertex 67.0384 157 57.3902
      vertex 67.1523 160 57.7654
      vertex 67.0384 160 57.3902
    endloop
  endfacet
  facet normal -0.956881 0 0.290482
    outer loop
      vertex 67.1523 160 57.7654
      vertex 67.0384 157 57.3902
      vertex 67.1523 157 57.7654
    endloop
  endfacet
  facet normal -0.995193 0 0.097938
    outer loop
      vertex 67 157 57
      vertex 67.0384 160 57.3902
      vertex 67 160 57
    endloop
  endfacet
  facet normal -0.995193 0 0.097938
    outer loop
      vertex 67.0384 160 57.3902
      vertex 67 157 57
      vertex 67.0384 157 57.3902
    endloop
  endfacet
  facet normal -0 0 1
    outer loop
      vertex 69 160 59
      vertex 75 157 59
      vertex 75 160 59
    endloop
  endfacet
  facet normal 0 0 1
    outer loop
      vertex 75 157 59
      vertex 69 160 59
      vertex 69 157 59
    endloop
  endfacet
  facet normal -0.471435 0 0.881901
    outer loop
      vertex 67.8889 160 58.6629
      vertex 68.2346 157 58.8477
      vertex 68.2346 160 58.8477
    endloop
  endfacet
  facet normal -0.471435 0 0.881901
    outer loop
      vertex 68.2346 157 58.8477
      vertex 67.8889 160 58.6629
      vertex 67.8889 157 58.6629
    endloop
  endfacet
  facet normal -0.097938 0 0.995193
    outer loop
      vertex 68.6098 160 58.9616
      vertex 69 157 59
      vertex 69 160 59
    endloop
  endfacet
  facet normal -0.097938 0 0.995193
    outer loop
      vertex 69 157 59
      vertex 68.6098 160 58.9616
      vertex 68.6098 157 58.9616
    endloop
  endfacet
  facet normal -0.77307 0 0.634321
    outer loop
      vertex 67.3371 157 58.1111
      vertex 67.5858 160 58.4142
      vertex 67.3371 160 58.1111
    endloop
  endfacet
  facet normal -0.77307 0 0.634321
    outer loop
      vertex 67.5858 160 58.4142
      vertex 67.3371 157 58.1111
      vertex 67.5858 157 58.4142
    endloop
  endfacet
  facet normal -0.634321 0 0.77307
    outer loop
      vertex 67.5858 160 58.4142
      vertex 67.8889 157 58.6629
      vertex 67.8889 160 58.6629
    endloop
  endfacet
  facet normal -0.634321 0 0.77307
    outer loop
      vertex 67.8889 157 58.6629
      vertex 67.5858 160 58.4142
      vertex 67.5858 157 58.4142
    endloop
  endfacet
  facet normal 0.097938 0 0.995193
    outer loop
      vertex 75 160 59
      vertex 75.3902 157 58.9616
      vertex 75.3902 160 58.9616
    endloop
  endfacet
  facet normal 0.097938 0 0.995193
    outer loop
      vertex 75.3902 157 58.9616
      vertex 75 160 59
      vertex 75 157 59
    endloop
  endfacet
  facet normal 0.995193 -0 0.097938
    outer loop
      vertex 76.9616 157 57.3902
      vertex 77 160 57
      vertex 76.9616 160 57.3902
    endloop
  endfacet
  facet normal 0.995193 0 0.097938
    outer loop
      vertex 77 160 57
      vertex 76.9616 157 57.3902
      vertex 77 157 57
    endloop
  endfacet
  facet normal 0.290482 0 0.956881
    outer loop
      vertex 75.3902 160 58.9616
      vertex 75.7654 157 58.8477
      vertex 75.7654 160 58.8477
    endloop
  endfacet
  facet normal 0.290482 0 0.956881
    outer loop
      vertex 75.7654 157 58.8477
      vertex 75.3902 160 58.9616
      vertex 75.3902 157 58.9616
    endloop
  endfacet
  facet normal 0.471435 0 0.881901
    outer loop
      vertex 75.7654 160 58.8477
      vertex 76.1111 157 58.6629
      vertex 76.1111 160 58.6629
    endloop
  endfacet
  facet normal 0.471435 0 0.881901
    outer loop
      vertex 76.1111 157 58.6629
      vertex 75.7654 160 58.8477
      vertex 75.7654 157 58.8477
    endloop
  endfacet
  facet normal 0.77307 -0 0.634321
    outer loop
      vertex 76.4142 157 58.4142
      vertex 76.6629 160 58.1111
      vertex 76.4142 160 58.4142
    endloop
  endfacet
  facet normal 0.77307 0 0.634321
    outer loop
      vertex 76.6629 160 58.1111
      vertex 76.4142 157 58.4142
      vertex 76.6629 157 58.1111
    endloop
  endfacet
  facet normal -0.881901 0 0.471435
    outer loop
      vertex 67.1523 157 57.7654
      vertex 67.3371 160 58.1111
      vertex 67.1523 160 57.7654
    endloop
  endfacet
  facet normal -0.881901 0 0.471435
    outer loop
      vertex 67.3371 160 58.1111
      vertex 67.1523 157 57.7654
      vertex 67.3371 157 58.1111
    endloop
  endfacet
  facet normal 0 -1 0
    outer loop
      vertex 67 157 57
      vertex 69 157 59
      vertex 68.6098 157 58.9616
    endloop
  endfacet
  facet normal 0 -1 -0
    outer loop
      vertex 69 157 59
      vertex 67 157 57
      vertex 75 157 59
    endloop
  endfacet
  facet normal 0 -1 0
    outer loop
      vertex 67 157 57
      vertex 68.6098 157 58.9616
      vertex 68.2346 157 58.8477
    endloop
  endfacet
  facet normal 0 -1 0
    outer loop
      vertex 77 157 57
      vertex 75 157 59
      vertex 67 157 57
    endloop
  endfacet
  facet normal 0 -1 0
    outer loop
      vertex 67 157 57
      vertex 68.2346 157 58.8477
      vertex 67.8889 157 58.6629
    endloop
  endfacet
  facet normal 0 -1 0
    outer loop
      vertex 75 157 59
      vertex 77 157 57
      vertex 75.3902 157 58.9616
    endloop
  endfacet
  facet normal 0 -1 0
    outer loop
      vertex 67 157 57
      vertex 67.8889 157 58.6629
      vertex 67.5858 157 58.4142
    endloop
  endfacet
  facet normal 0 -1 0
    outer loop
      vertex 75.3902 157 58.9616
      vertex 77 157 57
      vertex 75.7654 157 58.8477
    endloop
  endfacet
  facet normal 0 -1 0
    outer loop
      vertex 67 157 57
      vertex 67.5858 157 58.4142
      vertex 67.3371 157 58.1111
    endloop
  endfacet
  facet normal 0 -1 0
    outer loop
      vertex 75.7654 157 58.8477
      vertex 77 157 57
      vertex 76.1111 157 58.6629
    endloop
  endfacet
  facet normal 0 -1 0
    outer loop
      vertex 67 157 57
      vertex 67.3371 157 58.1111
      vertex 67.1523 157 57.7654
    endloop
  endfacet
  facet normal 0 -1 0
    outer loop
      vertex 76.1111 157 58.6629
      vertex 77 157 57
      vertex 76.4142 157 58.4142
    endloop
  endfacet
  facet normal 0 -1 0
    outer loop
      vertex 67 157 57
      vertex 67.1523 157 57.7654
      vertex 67.0384 157 57.3902
    endloop
  endfacet
  facet normal 0 -1 0
    outer loop
      vertex 76.4142 157 58.4142
      vertex 77 157 57
      vertex 76.6629 157 58.1111
    endloop
  endfacet
  facet normal 0 -1 0
    outer loop
      vertex 76.6629 157 58.1111
      vertex 77 157 57
      vertex 76.8477 157 57.7654
    endloop
  endfacet
  facet normal 0 -1 0
    outer loop
      vertex 76.8477 157 57.7654
      vertex 77 157 57
      vertex 76.9616 157 57.3902
    endloop
  endfacet
  facet normal 0 -1 0
    outer loop
      vertex 67 157 5
      vertex 77 157 57
      vertex 67 157 57
    endloop
  endfacet
  facet normal 0 -1 -0
    outer loop
      vertex 77 157 57
      vertex 67 157 5
      vertex 77 157 5
    endloop
  endfacet
  facet normal 0.95681 -0 0.290715
    outer loop
      vertex 113.848 157 57.7654
      vertex 113.962 160 57.3902
      vertex 113.848 160 57.7654
    endloop
  endfacet
  facet normal 0.95681 0 0.290715
    outer loop
      vertex 113.962 160 57.3902
      vertex 113.848 157 57.7654
      vertex 113.962 157 57.3902
    endloop
  endfacet
  facet normal -0.290623 0 0.956838
    outer loop
      vertex 105.235 160 58.8477
      vertex 105.61 157 58.9616
      vertex 105.61 160 58.9616
    endloop
  endfacet
  facet normal -0.290623 0 0.956838
    outer loop
      vertex 105.61 157 58.9616
      vertex 105.235 160 58.8477
      vertex 105.235 157 58.8477
    endloop
  endfacet
  facet normal 1 -0 0
    outer loop
      vertex 114 157 57
      vertex 114 160 5
      vertex 114 160 57
    endloop
  endfacet
  facet normal 1 0 0
    outer loop
      vertex 114 160 5
      vertex 114 157 57
      vertex 114 157 5
    endloop
  endfacet
  facet normal 0.881688 -0 0.471832
    outer loop
      vertex 113.663 157 58.1111
      vertex 113.848 160 57.7654
      vertex 113.663 160 58.1111
    endloop
  endfacet
  facet normal 0.881688 0 0.471832
    outer loop
      vertex 113.848 160 57.7654
      vertex 113.663 157 58.1111
      vertex 113.848 157 57.7654
    endloop
  endfacet
  facet normal 0 -1 0
    outer loop
      vertex 104 157 57
      vertex 106 157 59
      vertex 105.61 157 58.9616
    endloop
  endfacet
  facet normal 0 -1 -0
    outer loop
      vertex 106 157 59
      vertex 104 157 57
      vertex 112 157 59
    endloop
  endfacet
  facet normal 0 -1 0
    outer loop
      vertex 104 157 57
      vertex 105.61 157 58.9616
      vertex 105.235 157 58.8477
    endloop
  endfacet
  facet normal 0 -1 0
    outer loop
      vertex 114 157 57
      vertex 112 157 59
      vertex 104 157 57
    endloop
  endfacet
  facet normal 0 -1 0
    outer loop
      vertex 104 157 57
      vertex 105.235 157 58.8477
      vertex 104.889 157 58.6629
    endloop
  endfacet
  facet normal 0 -1 0
    outer loop
      vertex 112 157 59
      vertex 114 157 57
      vertex 112.39 157 58.9616
    endloop
  endfacet
  facet normal 0 -1 0
    outer loop
      vertex 104 157 57
      vertex 104.889 157 58.6629
      vertex 104.586 157 58.4142
    endloop
  endfacet
  facet normal 0 -1 0
    outer loop
      vertex 112.39 157 58.9616
      vertex 114 157 57
      vertex 112.765 157 58.8477
    endloop
  endfacet
  facet normal 0 -1 0
    outer loop
      vertex 104 157 57
      vertex 104.586 157 58.4142
      vertex 104.337 157 58.1111
    endloop
  endfacet
  facet normal 0 -1 0
    outer loop
      vertex 112.765 157 58.8477
      vertex 114 157 57
      vertex 113.111 157 58.6629
    endloop
  endfacet
  facet normal 0 -1 0
    outer loop
      vertex 104 157 57
      vertex 104.337 157 58.1111
      vertex 104.152 157 57.7654
    endloop
  endfacet
  facet normal 0 -1 0
    outer loop
      vertex 113.111 157 58.6629
      vertex 114 157 57
      vertex 113.414 157 58.4142
    endloop
  endfacet
  facet normal 0 -1 0
    outer loop
      vertex 104 157 57
      vertex 104.152 157 57.7654
      vertex 104.038 157 57.3902
    endloop
  endfacet
  facet normal 0 -1 0
    outer loop
      vertex 113.414 157 58.4142
      vertex 114 157 57
      vertex 113.663 157 58.1111
    endloop
  endfacet
  facet normal 0 -1 0
    outer loop
      vertex 113.663 157 58.1111
      vertex 114 157 57
      vertex 113.848 157 57.7654
    endloop
  endfacet
  facet normal 0 -1 0
    outer loop
      vertex 113.848 157 57.7654
      vertex 114 157 57
      vertex 113.962 157 57.3902
    endloop
  endfacet
  facet normal 0 -1 0
    outer loop
      vertex 104 157 5
      vertex 114 157 57
      vertex 104 157 57
    endloop
  endfacet
  facet normal 0 -1 -0
    outer loop
      vertex 114 157 57
      vertex 104 157 5
      vertex 114 157 5
    endloop
  endfacet
  facet normal -1 0 0
    outer loop
      vertex 104 157 5
      vertex 104 160 57
      vertex 104 160 5
    endloop
  endfacet
  facet normal -1 -0 0
    outer loop
      vertex 104 160 57
      vertex 104 157 5
      vertex 104 157 57
    endloop
  endfacet
  facet normal 0.634446 0 0.772968
    outer loop
      vertex 113.111 160 58.6629
      vertex 113.414 157 58.4142
      vertex 113.414 160 58.4142
    endloop
  endfacet
  facet normal 0.634446 0 0.772968
    outer loop
      vertex 113.414 157 58.4142
      vertex 113.111 160 58.6629
      vertex 113.111 157 58.6629
    endloop
  endfacet
  facet normal -0.95681 0 0.290715
    outer loop
      vertex 104.038 157 57.3902
      vertex 104.152 160 57.7654
      vertex 104.038 160 57.3902
    endloop
  endfacet
  facet normal -0.95681 0 0.290715
    outer loop
      vertex 104.152 160 57.7654
      vertex 104.038 157 57.3902
      vertex 104.152 157 57.7654
    endloop
  endfacet
  facet normal -0.995291 0 0.0969274
    outer loop
      vertex 104 157 57
      vertex 104.038 160 57.3902
      vertex 104 160 57
    endloop
  endfacet
  facet normal -0.995291 0 0.0969274
    outer loop
      vertex 104.038 160 57.3902
      vertex 104 157 57
      vertex 104.038 157 57.3902
    endloop
  endfacet
  facet normal -0 0 1
    outer loop
      vertex 106 160 59
      vertex 112 157 59
      vertex 112 160 59
    endloop
  endfacet
  facet normal 0 0 1
    outer loop
      vertex 112 157 59
      vertex 106 160 59
      vertex 106 157 59
    endloop
  endfacet
  facet normal -0.471117 0 0.882071
    outer loop
      vertex 104.889 160 58.6629
      vertex 105.235 157 58.8477
      vertex 105.235 160 58.8477
    endloop
  endfacet
  facet normal -0.471117 0 0.882071
    outer loop
      vertex 105.235 157 58.8477
      vertex 104.889 160 58.6629
      vertex 104.889 157 58.6629
    endloop
  endfacet
  facet normal -0.0979877 0 0.995188
    outer loop
      vertex 105.61 160 58.9616
      vertex 106 157 59
      vertex 106 160 59
    endloop
  endfacet
  facet normal -0.0979877 0 0.995188
    outer loop
      vertex 106 157 59
      vertex 105.61 160 58.9616
      vertex 105.61 157 58.9616
    endloop
  endfacet
  facet normal -0.772695 0 0.634777
    outer loop
      vertex 104.337 157 58.1111
      vertex 104.586 160 58.4142
      vertex 104.337 160 58.1111
    endloop
  endfacet
  facet normal -0.772695 0 0.634777
    outer loop
      vertex 104.586 160 58.4142
      vertex 104.337 157 58.1111
      vertex 104.586 157 58.4142
    endloop
  endfacet
  facet normal -0.634446 0 0.772968
    outer loop
      vertex 104.586 160 58.4142
      vertex 104.889 157 58.6629
      vertex 104.889 160 58.6629
    endloop
  endfacet
  facet normal -0.634446 0 0.772968
    outer loop
      vertex 104.889 157 58.6629
      vertex 104.586 160 58.4142
      vertex 104.586 157 58.4142
    endloop
  endfacet
  facet normal 0.0979877 0 0.995188
    outer loop
      vertex 112 160 59
      vertex 112.39 157 58.9616
      vertex 112.39 160 58.9616
    endloop
  endfacet
  facet normal 0.0979877 0 0.995188
    outer loop
      vertex 112.39 157 58.9616
      vertex 112 160 59
      vertex 112 157 59
    endloop
  endfacet
  facet normal 0.995291 -0 0.0969274
    outer loop
      vertex 113.962 157 57.3902
      vertex 114 160 57
      vertex 113.962 160 57.3902
    endloop
  endfacet
  facet normal 0.995291 0 0.0969274
    outer loop
      vertex 114 160 57
      vertex 113.962 157 57.3902
      vertex 114 157 57
    endloop
  endfacet
  facet normal 0.290623 0 0.956838
    outer loop
      vertex 112.39 160 58.9616
      vertex 112.765 157 58.8477
      vertex 112.765 160 58.8477
    endloop
  endfacet
  facet normal 0.290623 0 0.956838
    outer loop
      vertex 112.765 157 58.8477
      vertex 112.39 160 58.9616
      vertex 112.39 157 58.9616
    endloop
  endfacet
  facet normal 0.471117 0 0.882071
    outer loop
      vertex 112.765 160 58.8477
      vertex 113.111 157 58.6629
      vertex 113.111 160 58.6629
    endloop
  endfacet
  facet normal 0.471117 0 0.882071
    outer loop
      vertex 113.111 157 58.6629
      vertex 112.765 160 58.8477
      vertex 112.765 157 58.8477
    endloop
  endfacet
  facet normal 0.772695 -0 0.634777
    outer loop
      vertex 113.414 157 58.4142
      vertex 113.663 160 58.1111
      vertex 113.414 160 58.4142
    endloop
  endfacet
  facet normal 0.772695 0 0.634777
    outer loop
      vertex 113.663 160 58.1111
      vertex 113.414 157 58.4142
      vertex 113.663 157 58.1111
    endloop
  endfacet
  facet normal -0.881688 0 0.471832
    outer loop
      vertex 104.152 157 57.7654
      vertex 104.337 160 58.1111
      vertex 104.152 160 57.7654
    endloop
  endfacet
  facet normal -0.881688 0 0.471832
    outer loop
      vertex 104.337 160 58.1111
      vertex 104.152 157 57.7654
      vertex 104.337 157 58.1111
    endloop
  endfacet
  facet normal 0.923875 0.382695 0
    outer loop
      vertex 95.4262 152.32 17
      vertex 94.9167 153.55 5
      vertex 94.9167 153.55 17
    endloop
  endfacet
  facet normal 0.923875 0.382695 0
    outer loop
      vertex 94.9167 153.55 5
      vertex 95.4262 152.32 17
      vertex 95.4262 152.32 5
    endloop
  endfacet
  facet normal 0.991443 0.13054 0
    outer loop
      vertex 95.6 151 17
      vertex 95.4262 152.32 5
      vertex 95.4262 152.32 17
    endloop
  endfacet
  facet normal 0.991443 0.13054 0
    outer loop
      vertex 95.4262 152.32 5
      vertex 95.6 151 17
      vertex 95.6 151 5
    endloop
  endfacet
  facet normal 0.79328 0.608857 0
    outer loop
      vertex 94.9167 153.55 17
      vertex 94.1062 154.606 5
      vertex 94.1062 154.606 17
    endloop
  endfacet
  facet normal 0.79328 0.608857 0
    outer loop
      vertex 94.1062 154.606 5
      vertex 94.9167 153.55 17
      vertex 94.9167 153.55 5
    endloop
  endfacet
  facet normal -0.79328 0.608857 0
    outer loop
      vertex 86.0833 153.55 5
      vertex 86.8938 154.606 17
      vertex 86.8938 154.606 5
    endloop
  endfacet
  facet normal -0.79328 0.608857 0
    outer loop
      vertex 86.8938 154.606 17
      vertex 86.0833 153.55 5
      vertex 86.0833 153.55 17
    endloop
  endfacet
  facet normal -0.609021 0.793154 0
    outer loop
      vertex 87.95 155.417 5
      vertex 86.8938 154.606 17
      vertex 87.95 155.417 17
    endloop
  endfacet
  facet normal -0.609021 0.793154 0
    outer loop
      vertex 86.8938 154.606 17
      vertex 87.95 155.417 5
      vertex 86.8938 154.606 5
    endloop
  endfacet
  facet normal 0.382374 -0.924008 0
    outer loop
      vertex 91.82 146.074 5
      vertex 93.05 146.583 17
      vertex 91.82 146.074 17
    endloop
  endfacet
  facet normal 0.382374 -0.924008 0
    outer loop
      vertex 93.05 146.583 17
      vertex 91.82 146.074 5
      vertex 93.05 146.583 5
    endloop
  endfacet
  facet normal -0.923875 0.382695 0
    outer loop
      vertex 85.5738 152.32 5
      vertex 86.0833 153.55 17
      vertex 86.0833 153.55 5
    endloop
  endfacet
  facet normal -0.923875 0.382695 0
    outer loop
      vertex 86.0833 153.55 17
      vertex 85.5738 152.32 5
      vertex 85.5738 152.32 17
    endloop
  endfacet
  facet normal 0.609021 0.793154 -0
    outer loop
      vertex 94.1062 154.606 5
      vertex 93.05 155.417 17
      vertex 94.1062 154.606 17
    endloop
  endfacet
  facet normal 0.609021 0.793154 0
    outer loop
      vertex 93.05 155.417 17
      vertex 94.1062 154.606 5
      vertex 93.05 155.417 5
    endloop
  endfacet
  facet normal 0.130688 0.991424 -0
    outer loop
      vertex 91.82 155.926 5
      vertex 90.5 156.1 17
      vertex 91.82 155.926 17
    endloop
  endfacet
  facet normal 0.130688 0.991424 0
    outer loop
      vertex 90.5 156.1 17
      vertex 91.82 155.926 5
      vertex 90.5 156.1 5
    endloop
  endfacet
  facet normal -0.382374 -0.924008 0
    outer loop
      vertex 87.95 146.583 5
      vertex 89.18 146.074 17
      vertex 87.95 146.583 17
    endloop
  endfacet
  facet normal -0.382374 -0.924008 -0
    outer loop
      vertex 89.18 146.074 17
      vertex 87.95 146.583 5
      vertex 89.18 146.074 5
    endloop
  endfacet
  facet normal 0.130688 -0.991424 0
    outer loop
      vertex 90.5 145.9 5
      vertex 91.82 146.074 17
      vertex 90.5 145.9 17
    endloop
  endfacet
  facet normal 0.130688 -0.991424 0
    outer loop
      vertex 91.82 146.074 17
      vertex 90.5 145.9 5
      vertex 91.82 146.074 5
    endloop
  endfacet
  facet normal 0 0 1
    outer loop
      vertex 93.6 151 17
      vertex 95.6 151 17
      vertex 95.4262 152.32 17
    endloop
  endfacet
  facet normal 0 0 1
    outer loop
      vertex 93.4944 151.802 17
      vertex 95.4262 152.32 17
      vertex 94.9167 153.55 17
    endloop
  endfacet
  facet normal 0 0 1
    outer loop
      vertex 95.6 151 17
      vertex 93.6 151 17
      vertex 95.4262 149.68 17
    endloop
  endfacet
  facet normal 0 0 1
    outer loop
      vertex 93.1847 152.55 17
      vertex 94.9167 153.55 17
      vertex 94.1062 154.606 17
    endloop
  endfacet
  facet normal -0 0 1
    outer loop
      vertex 93.4944 150.198 17
      vertex 95.4262 149.68 17
      vertex 93.6 151 17
    endloop
  endfacet
  facet normal 0 0 1
    outer loop
      vertex 95.4262 149.68 17
      vertex 93.4944 150.198 17
      vertex 94.9167 148.45 17
    endloop
  endfacet
  facet normal 0 0 1
    outer loop
      vertex 95.4262 152.32 17
      vertex 93.4944 151.802 17
      vertex 93.6 151 17
    endloop
  endfacet
  facet normal 0 0 1
    outer loop
      vertex 94.9167 153.55 17
      vertex 93.1847 152.55 17
      vertex 93.4944 151.802 17
    endloop
  endfacet
  facet normal 0 0 1
    outer loop
      vertex 92.692 153.192 17
      vertex 94.1062 154.606 17
      vertex 93.05 155.417 17
    endloop
  endfacet
  facet normal 0 0 1
    outer loop
      vertex 94.1062 154.606 17
      vertex 92.692 153.192 17
      vertex 93.1847 152.55 17
    endloop
  endfacet
  facet normal 0 0 1
    outer loop
      vertex 93.05 155.417 17
      vertex 92.05 153.685 17
      vertex 92.692 153.192 17
    endloop
  endfacet
  facet normal 0 0 1
    outer loop
      vertex 91.82 155.926 17
      vertex 92.05 153.685 17
      vertex 93.05 155.417 17
    endloop
  endfacet
  facet normal 0 0 1
    outer loop
      vertex 91.82 155.926 17
      vertex 91.3023 153.994 17
      vertex 92.05 153.685 17
    endloop
  endfacet
  facet normal 0 0 1
    outer loop
      vertex 90.5 156.1 17
      vertex 91.3023 153.994 17
      vertex 91.82 155.926 17
    endloop
  endfacet
  facet normal 0 0 1
    outer loop
      vertex 90.5 156.1 17
      vertex 90.5 154.1 17
      vertex 91.3023 153.994 17
    endloop
  endfacet
  facet normal 0 0 1
    outer loop
      vertex 90.5 156.1 17
      vertex 89.6977 153.994 17
      vertex 90.5 154.1 17
    endloop
  endfacet
  facet normal -0 0 1
    outer loop
      vertex 89.18 155.926 17
      vertex 89.6977 153.994 17
      vertex 90.5 156.1 17
    endloop
  endfacet
  facet normal 0 0 1
    outer loop
      vertex 89.18 155.926 17
      vertex 88.95 153.685 17
      vertex 89.6977 153.994 17
    endloop
  endfacet
  facet normal -0 0 1
    outer loop
      vertex 87.95 155.417 17
      vertex 88.95 153.685 17
      vertex 89.18 155.926 17
    endloop
  endfacet
  facet normal 0 0 1
    outer loop
      vertex 88.95 153.685 17
      vertex 87.95 155.417 17
      vertex 88.308 153.192 17
    endloop
  endfacet
  facet normal -0 0 1
    outer loop
      vertex 86.8938 154.606 17
      vertex 88.308 153.192 17
      vertex 87.95 155.417 17
    endloop
  endfacet
  facet normal 0 0 1
    outer loop
      vertex 88.308 153.192 17
      vertex 86.8938 154.606 17
      vertex 87.8153 152.55 17
    endloop
  endfacet
  facet normal -0 0 1
    outer loop
      vertex 86.0833 153.55 17
      vertex 87.8153 152.55 17
      vertex 86.8938 154.606 17
    endloop
  endfacet
  facet normal 0 0 1
    outer loop
      vertex 87.8153 152.55 17
      vertex 86.0833 153.55 17
      vertex 87.5056 151.802 17
    endloop
  endfacet
  facet normal -0 0 1
    outer loop
      vertex 93.1847 149.45 17
      vertex 94.9167 148.45 17
      vertex 93.4944 150.198 17
    endloop
  endfacet
  facet normal 0 0 1
    outer loop
      vertex 94.9167 148.45 17
      vertex 93.1847 149.45 17
      vertex 94.1062 147.394 17
    endloop
  endfacet
  facet normal -0 0 1
    outer loop
      vertex 92.692 148.808 17
      vertex 94.1062 147.394 17
      vertex 93.1847 149.45 17
    endloop
  endfacet
  facet normal 0 0 1
    outer loop
      vertex 94.1062 147.394 17
      vertex 92.692 148.808 17
      vertex 93.05 146.583 17
    endloop
  endfacet
  facet normal -0 0 1
    outer loop
      vertex 92.05 148.315 17
      vertex 93.05 146.583 17
      vertex 92.692 148.808 17
    endloop
  endfacet
  facet normal 0 0 1
    outer loop
      vertex 92.05 148.315 17
      vertex 91.82 146.074 17
      vertex 93.05 146.583 17
    endloop
  endfacet
  facet normal -0 0 1
    outer loop
      vertex 91.3023 148.006 17
      vertex 91.82 146.074 17
      vertex 92.05 148.315 17
    endloop
  endfacet
  facet normal -0 0 1
    outer loop
      vertex 90.5 147.9 17
      vertex 91.82 146.074 17
      vertex 91.3023 148.006 17
    endloop
  endfacet
  facet normal 0 0 1
    outer loop
      vertex 90.5 147.9 17
      vertex 90.5 145.9 17
      vertex 91.82 146.074 17
    endloop
  endfacet
  facet normal 0 0 1
    outer loop
      vertex 89.6977 148.006 17
      vertex 90.5 145.9 17
      vertex 90.5 147.9 17
    endloop
  endfacet
  facet normal 0 0 1
    outer loop
      vertex 89.6977 148.006 17
      vertex 89.18 146.074 17
      vertex 90.5 145.9 17
    endloop
  endfacet
  facet normal 0 0 1
    outer loop
      vertex 88.95 148.315 17
      vertex 89.18 146.074 17
      vertex 89.6977 148.006 17
    endloop
  endfacet
  facet normal 0 0 1
    outer loop
      vertex 87.95 146.583 17
      vertex 88.95 148.315 17
      vertex 88.308 148.808 17
    endloop
  endfacet
  facet normal 0 0 1
    outer loop
      vertex 88.95 148.315 17
      vertex 87.95 146.583 17
      vertex 89.18 146.074 17
    endloop
  endfacet
  facet normal 0 0 1
    outer loop
      vertex 86.8938 147.394 17
      vertex 88.308 148.808 17
      vertex 87.8153 149.45 17
    endloop
  endfacet
  facet normal 0 0 1
    outer loop
      vertex 86.0833 148.45 17
      vertex 87.8153 149.45 17
      vertex 87.5056 150.198 17
    endloop
  endfacet
  facet normal 0 0 1
    outer loop
      vertex 85.5738 149.68 17
      vertex 87.5056 150.198 17
      vertex 87.4 151 17
    endloop
  endfacet
  facet normal -0 0 1
    outer loop
      vertex 85.5738 152.32 17
      vertex 87.5056 151.802 17
      vertex 86.0833 153.55 17
    endloop
  endfacet
  facet normal 0 0 1
    outer loop
      vertex 88.308 148.808 17
      vertex 86.8938 147.394 17
      vertex 87.95 146.583 17
    endloop
  endfacet
  facet normal 0 0 1
    outer loop
      vertex 87.5056 151.802 17
      vertex 85.5738 152.32 17
      vertex 87.4 151 17
    endloop
  endfacet
  facet normal 0 0 1
    outer loop
      vertex 87.8153 149.45 17
      vertex 86.0833 148.45 17
      vertex 86.8938 147.394 17
    endloop
  endfacet
  facet normal 0 0 1
    outer loop
      vertex 85.4 151 17
      vertex 87.4 151 17
      vertex 85.5738 152.32 17
    endloop
  endfacet
  facet normal 0 0 1
    outer loop
      vertex 87.5056 150.198 17
      vertex 85.5738 149.68 17
      vertex 86.0833 148.45 17
    endloop
  endfacet
  facet normal 0 0 1
    outer loop
      vertex 87.4 151 17
      vertex 85.4 151 17
      vertex 85.5738 149.68 17
    endloop
  endfacet
  facet normal 0.79328 -0.608857 0
    outer loop
      vertex 94.1062 147.394 17
      vertex 94.9167 148.45 5
      vertex 94.9167 148.45 17
    endloop
  endfacet
  facet normal 0.79328 -0.608857 0
    outer loop
      vertex 94.9167 148.45 5
      vertex 94.1062 147.394 17
      vertex 94.1062 147.394 5
    endloop
  endfacet
  facet normal 0.609021 -0.793154 0
    outer loop
      vertex 93.05 146.583 5
      vertex 94.1062 147.394 17
      vertex 93.05 146.583 17
    endloop
  endfacet
  facet normal 0.609021 -0.793154 0
    outer loop
      vertex 94.1062 147.394 17
      vertex 93.05 146.583 5
      vertex 94.1062 147.394 5
    endloop
  endfacet
  facet normal -0.79328 -0.608857 0
    outer loop
      vertex 86.8938 147.394 5
      vertex 86.0833 148.45 17
      vertex 86.0833 148.45 5
    endloop
  endfacet
  facet normal -0.79328 -0.608857 0
    outer loop
      vertex 86.0833 148.45 17
      vertex 86.8938 147.394 5
      vertex 86.8938 147.394 17
    endloop
  endfacet
  facet normal 0.991443 -0.13054 0
    outer loop
      vertex 95.4262 149.68 17
      vertex 95.6 151 5
      vertex 95.6 151 17
    endloop
  endfacet
  facet normal 0.991443 -0.13054 0
    outer loop
      vertex 95.6 151 5
      vertex 95.4262 149.68 17
      vertex 95.4262 149.68 5
    endloop
  endfacet
  facet normal -0.991443 0.13054 0
    outer loop
      vertex 85.4 151 5
      vertex 85.5738 152.32 17
      vertex 85.5738 152.32 5
    endloop
  endfacet
  facet normal -0.991443 0.13054 0
    outer loop
      vertex 85.5738 152.32 17
      vertex 85.4 151 5
      vertex 85.4 151 17
    endloop
  endfacet
  facet normal -0.130688 0.991424 0
    outer loop
      vertex 90.5 156.1 5
      vertex 89.18 155.926 17
      vertex 90.5 156.1 17
    endloop
  endfacet
  facet normal -0.130688 0.991424 0
    outer loop
      vertex 89.18 155.926 17
      vertex 90.5 156.1 5
      vertex 89.18 155.926 5
    endloop
  endfacet
  facet normal 0.923875 -0.382695 0
    outer loop
      vertex 94.9167 148.45 17
      vertex 95.4262 149.68 5
      vertex 95.4262 149.68 17
    endloop
  endfacet
  facet normal 0.923875 -0.382695 0
    outer loop
      vertex 95.4262 149.68 5
      vertex 94.9167 148.45 17
      vertex 94.9167 148.45 5
    endloop
  endfacet
  facet normal -0.382374 0.924008 0
    outer loop
      vertex 89.18 155.926 5
      vertex 87.95 155.417 17
      vertex 89.18 155.926 17
    endloop
  endfacet
  facet normal -0.382374 0.924008 0
    outer loop
      vertex 87.95 155.417 17
      vertex 89.18 155.926 5
      vertex 87.95 155.417 5
    endloop
  endfacet
  facet normal 0.382374 0.924008 -0
    outer loop
      vertex 93.05 155.417 5
      vertex 91.82 155.926 17
      vertex 93.05 155.417 17
    endloop
  endfacet
  facet normal 0.382374 0.924008 0
    outer loop
      vertex 91.82 155.926 17
      vertex 93.05 155.417 5
      vertex 91.82 155.926 5
    endloop
  endfacet
  facet normal -0.130688 -0.991424 0
    outer loop
      vertex 89.18 146.074 5
      vertex 90.5 145.9 17
      vertex 89.18 146.074 17
    endloop
  endfacet
  facet normal -0.130688 -0.991424 -0
    outer loop
      vertex 90.5 145.9 17
      vertex 89.18 146.074 5
      vertex 90.5 145.9 5
    endloop
  endfacet
  facet normal -0.923875 -0.382695 0
    outer loop
      vertex 86.0833 148.45 5
      vertex 85.5738 149.68 17
      vertex 85.5738 149.68 5
    endloop
  endfacet
  facet normal -0.923875 -0.382695 0
    outer loop
      vertex 85.5738 149.68 17
      vertex 86.0833 148.45 5
      vertex 86.0833 148.45 17
    endloop
  endfacet
  facet normal -0.991443 -0.13054 0
    outer loop
      vertex 85.5738 149.68 5
      vertex 85.4 151 17
      vertex 85.4 151 5
    endloop
  endfacet
  facet normal -0.991443 -0.13054 0
    outer loop
      vertex 85.4 151 17
      vertex 85.5738 149.68 5
      vertex 85.5738 149.68 17
    endloop
  endfacet
  facet normal -0.609021 -0.793154 0
    outer loop
      vertex 86.8938 147.394 5
      vertex 87.95 146.583 17
      vertex 86.8938 147.394 17
    endloop
  endfacet
  facet normal -0.609021 -0.793154 -0
    outer loop
      vertex 87.95 146.583 17
      vertex 86.8938 147.394 5
      vertex 87.95 146.583 5
    endloop
  endfacet
  facet normal 0.991443 -0.130544 0
    outer loop
      vertex 87.4 151 17
      vertex 87.5056 151.802 7
      vertex 87.5056 151.802 17
    endloop
  endfacet
  facet normal 0.991443 -0.130544 0
    outer loop
      vertex 87.5056 151.802 7
      vertex 87.4 151 17
      vertex 87.4 151 7
    endloop
  endfacet
  facet normal -0.923937 -0.382545 0
    outer loop
      vertex 93.4944 151.802 7
      vertex 93.1847 152.55 17
      vertex 93.1847 152.55 7
    endloop
  endfacet
  facet normal -0.923937 -0.382545 0
    outer loop
      vertex 93.1847 152.55 17
      vertex 93.4944 151.802 7
      vertex 93.4944 151.802 17
    endloop
  endfacet
  facet normal -0.991443 -0.130544 0
    outer loop
      vertex 93.6 151 7
      vertex 93.4944 151.802 17
      vertex 93.4944 151.802 7
    endloop
  endfacet
  facet normal -0.991443 -0.130544 0
    outer loop
      vertex 93.4944 151.802 17
      vertex 93.6 151 7
      vertex 93.6 151 17
    endloop
  endfacet
  facet normal -0.793308 -0.608821 0
    outer loop
      vertex 93.1847 152.55 7
      vertex 92.692 153.192 17
      vertex 92.692 153.192 7
    endloop
  endfacet
  facet normal -0.793308 -0.608821 0
    outer loop
      vertex 92.692 153.192 17
      vertex 93.1847 152.55 7
      vertex 93.1847 152.55 17
    endloop
  endfacet
  facet normal -0.991443 0.130544 0
    outer loop
      vertex 93.4944 150.198 7
      vertex 93.6 151 17
      vertex 93.6 151 7
    endloop
  endfacet
  facet normal -0.991443 0.130544 0
    outer loop
      vertex 93.6 151 17
      vertex 93.4944 150.198 7
      vertex 93.4944 150.198 17
    endloop
  endfacet
  facet normal 0 0 1
    outer loop
      vertex 93.4944 151.802 7
      vertex 93.4944 150.198 7
      vertex 93.6 151 7
    endloop
  endfacet
  facet normal 0 0 1
    outer loop
      vertex 93.1847 152.55 7
      vertex 93.4944 150.198 7
      vertex 93.4944 151.802 7
    endloop
  endfacet
  facet normal 0 0 1
    outer loop
      vertex 93.1847 152.55 7
      vertex 93.1847 149.45 7
      vertex 93.4944 150.198 7
    endloop
  endfacet
  facet normal 0 0 1
    outer loop
      vertex 92.692 153.192 7
      vertex 93.1847 149.45 7
      vertex 93.1847 152.55 7
    endloop
  endfacet
  facet normal 0 0 1
    outer loop
      vertex 92.692 153.192 7
      vertex 92.692 148.808 7
      vertex 93.1847 149.45 7
    endloop
  endfacet
  facet normal 0 0 1
    outer loop
      vertex 92.05 153.685 7
      vertex 92.692 148.808 7
      vertex 92.692 153.192 7
    endloop
  endfacet
  facet normal 0 0 1
    outer loop
      vertex 92.05 153.685 7
      vertex 92.05 148.315 7
      vertex 92.692 148.808 7
    endloop
  endfacet
  facet normal 0 0 1
    outer loop
      vertex 91.3023 153.994 7
      vertex 92.05 148.315 7
      vertex 92.05 153.685 7
    endloop
  endfacet
  facet normal 0 0 1
    outer loop
      vertex 91.3023 153.994 7
      vertex 91.3023 148.006 7
      vertex 92.05 148.315 7
    endloop
  endfacet
  facet normal 0 0 1
    outer loop
      vertex 90.5 154.1 7
      vertex 91.3023 148.006 7
      vertex 91.3023 153.994 7
    endloop
  endfacet
  facet normal 0 0 1
    outer loop
      vertex 90.5 154.1 7
      vertex 90.5 147.9 7
      vertex 91.3023 148.006 7
    endloop
  endfacet
  facet normal -0 0 1
    outer loop
      vertex 89.6977 153.994 7
      vertex 90.5 147.9 7
      vertex 90.5 154.1 7
    endloop
  endfacet
  facet normal 0 0 1
    outer loop
      vertex 89.6977 153.994 7
      vertex 89.6977 148.006 7
      vertex 90.5 147.9 7
    endloop
  endfacet
  facet normal -0 0 1
    outer loop
      vertex 88.95 153.685 7
      vertex 89.6977 148.006 7
      vertex 89.6977 153.994 7
    endloop
  endfacet
  facet normal 0 0 1
    outer loop
      vertex 88.95 153.685 7
      vertex 88.95 148.315 7
      vertex 89.6977 148.006 7
    endloop
  endfacet
  facet normal -0 0 1
    outer loop
      vertex 88.308 153.192 7
      vertex 88.95 148.315 7
      vertex 88.95 153.685 7
    endloop
  endfacet
  facet normal 0 0 1
    outer loop
      vertex 88.308 153.192 7
      vertex 88.308 148.808 7
      vertex 88.95 148.315 7
    endloop
  endfacet
  facet normal -0 0 1
    outer loop
      vertex 87.8153 152.55 7
      vertex 88.308 148.808 7
      vertex 88.308 153.192 7
    endloop
  endfacet
  facet normal 0 0 1
    outer loop
      vertex 87.8153 152.55 7
      vertex 87.8153 149.45 7
      vertex 88.308 148.808 7
    endloop
  endfacet
  facet normal -0 0 1
    outer loop
      vertex 87.5056 151.802 7
      vertex 87.8153 149.45 7
      vertex 87.8153 152.55 7
    endloop
  endfacet
  facet normal 0 0 1
    outer loop
      vertex 87.5056 151.802 7
      vertex 87.5056 150.198 7
      vertex 87.8153 149.45 7
    endloop
  endfacet
  facet normal 0 -0 1
    outer loop
      vertex 87.5056 150.198 7
      vertex 87.5056 151.802 7
      vertex 87.4 151 7
    endloop
  endfacet
  facet normal -0.130982 0.991385 0
    outer loop
      vertex 91.3023 148.006 7
      vertex 90.5 147.9 17
      vertex 91.3023 148.006 17
    endloop
  endfacet
  facet normal -0.130982 0.991385 0
    outer loop
      vertex 90.5 147.9 17
      vertex 91.3023 148.006 7
      vertex 90.5 147.9 7
    endloop
  endfacet
  facet normal 0.923937 -0.382545 0
    outer loop
      vertex 87.5056 151.802 17
      vertex 87.8153 152.55 7
      vertex 87.8153 152.55 17
    endloop
  endfacet
  facet normal 0.923937 -0.382545 0
    outer loop
      vertex 87.8153 152.55 7
      vertex 87.5056 151.802 17
      vertex 87.5056 151.802 7
    endloop
  endfacet
  facet normal -0.609054 0.793129 0
    outer loop
      vertex 92.692 148.808 7
      vertex 92.05 148.315 17
      vertex 92.692 148.808 17
    endloop
  endfacet
  facet normal -0.609054 0.793129 0
    outer loop
      vertex 92.05 148.315 17
      vertex 92.692 148.808 7
      vertex 92.05 148.315 7
    endloop
  endfacet
  facet normal -0.381937 -0.924188 0
    outer loop
      vertex 91.3023 153.994 7
      vertex 92.05 153.685 17
      vertex 91.3023 153.994 17
    endloop
  endfacet
  facet normal -0.381937 -0.924188 -0
    outer loop
      vertex 92.05 153.685 17
      vertex 91.3023 153.994 7
      vertex 92.05 153.685 7
    endloop
  endfacet
  facet normal 0.793308 -0.608821 0
    outer loop
      vertex 87.8153 152.55 17
      vertex 88.308 153.192 7
      vertex 88.308 153.192 17
    endloop
  endfacet
  facet normal 0.793308 -0.608821 0
    outer loop
      vertex 88.308 153.192 7
      vertex 87.8153 152.55 17
      vertex 87.8153 152.55 7
    endloop
  endfacet
  facet normal 0.923937 0.382545 0
    outer loop
      vertex 87.8153 149.45 17
      vertex 87.5056 150.198 7
      vertex 87.5056 150.198 17
    endloop
  endfacet
  facet normal 0.923937 0.382545 0
    outer loop
      vertex 87.5056 150.198 7
      vertex 87.8153 149.45 17
      vertex 87.8153 149.45 7
    endloop
  endfacet
  facet normal -0.130982 -0.991385 0
    outer loop
      vertex 90.5 154.1 7
      vertex 91.3023 153.994 17
      vertex 90.5 154.1 17
    endloop
  endfacet
  facet normal -0.130982 -0.991385 -0
    outer loop
      vertex 91.3023 153.994 17
      vertex 90.5 154.1 7
      vertex 91.3023 153.994 7
    endloop
  endfacet
  facet normal 0.381937 -0.924188 0
    outer loop
      vertex 88.95 153.685 7
      vertex 89.6977 153.994 17
      vertex 88.95 153.685 17
    endloop
  endfacet
  facet normal 0.381937 -0.924188 0
    outer loop
      vertex 89.6977 153.994 17
      vertex 88.95 153.685 7
      vertex 89.6977 153.994 7
    endloop
  endfacet
  facet normal 0.130982 -0.991385 0
    outer loop
      vertex 89.6977 153.994 7
      vertex 90.5 154.1 17
      vertex 89.6977 153.994 17
    endloop
  endfacet
  facet normal 0.130982 -0.991385 0
    outer loop
      vertex 90.5 154.1 17
      vertex 89.6977 153.994 7
      vertex 90.5 154.1 7
    endloop
  endfacet
  facet normal 0.609054 0.793129 -0
    outer loop
      vertex 88.95 148.315 7
      vertex 88.308 148.808 17
      vertex 88.95 148.315 17
    endloop
  endfacet
  facet normal 0.609054 0.793129 0
    outer loop
      vertex 88.308 148.808 17
      vertex 88.95 148.315 7
      vertex 88.308 148.808 7
    endloop
  endfacet
  facet normal 0.609054 -0.793129 0
    outer loop
      vertex 88.308 153.192 7
      vertex 88.95 153.685 17
      vertex 88.308 153.192 17
    endloop
  endfacet
  facet normal 0.609054 -0.793129 0
    outer loop
      vertex 88.95 153.685 17
      vertex 88.308 153.192 7
      vertex 88.95 153.685 7
    endloop
  endfacet
  facet normal -0.923937 0.382545 0
    outer loop
      vertex 93.1847 149.45 7
      vertex 93.4944 150.198 17
      vertex 93.4944 150.198 7
    endloop
  endfacet
  facet normal -0.923937 0.382545 0
    outer loop
      vertex 93.4944 150.198 17
      vertex 93.1847 149.45 7
      vertex 93.1847 149.45 17
    endloop
  endfacet
  facet normal -0.793308 0.608821 0
    outer loop
      vertex 92.692 148.808 7
      vertex 93.1847 149.45 17
      vertex 93.1847 149.45 7
    endloop
  endfacet
  facet normal -0.793308 0.608821 0
    outer loop
      vertex 93.1847 149.45 17
      vertex 92.692 148.808 7
      vertex 92.692 148.808 17
    endloop
  endfacet
  facet normal -0.609054 -0.793129 0
    outer loop
      vertex 92.05 153.685 7
      vertex 92.692 153.192 17
      vertex 92.05 153.685 17
    endloop
  endfacet
  facet normal -0.609054 -0.793129 -0
    outer loop
      vertex 92.692 153.192 17
      vertex 92.05 153.685 7
      vertex 92.692 153.192 7
    endloop
  endfacet
  facet normal 0.991443 0.130544 0
    outer loop
      vertex 87.5056 150.198 17
      vertex 87.4 151 7
      vertex 87.4 151 17
    endloop
  endfacet
  facet normal 0.991443 0.130544 0
    outer loop
      vertex 87.4 151 7
      vertex 87.5056 150.198 17
      vertex 87.5056 150.198 7
    endloop
  endfacet
  facet normal -0.381937 0.924188 0
    outer loop
      vertex 92.05 148.315 7
      vertex 91.3023 148.006 17
      vertex 92.05 148.315 17
    endloop
  endfacet
  facet normal -0.381937 0.924188 0
    outer loop
      vertex 91.3023 148.006 17
      vertex 92.05 148.315 7
      vertex 91.3023 148.006 7
    endloop
  endfacet
  facet normal 0.793308 0.608821 0
    outer loop
      vertex 88.308 148.808 17
      vertex 87.8153 149.45 7
      vertex 87.8153 149.45 17
    endloop
  endfacet
  facet normal 0.793308 0.608821 0
    outer loop
      vertex 87.8153 149.45 7
      vertex 88.308 148.808 17
      vertex 88.308 148.808 7
    endloop
  endfacet
  facet normal 0.381937 0.924188 -0
    outer loop
      vertex 89.6977 148.006 7
      vertex 88.95 148.315 17
      vertex 89.6977 148.006 17
    endloop
  endfacet
  facet normal 0.381937 0.924188 0
    outer loop
      vertex 88.95 148.315 17
      vertex 89.6977 148.006 7
      vertex 88.95 148.315 7
    endloop
  endfacet
  facet normal 0.130982 0.991385 -0
    outer loop
      vertex 90.5 147.9 7
      vertex 89.6977 148.006 17
      vertex 90.5 147.9 17
    endloop
  endfacet
  facet normal 0.130982 0.991385 0
    outer loop
      vertex 89.6977 148.006 17
      vertex 90.5 147.9 7
      vertex 89.6977 148.006 7
    endloop
  endfacet
  facet normal -0.0979429 0 0.995192
    outer loop
      vertex 5 6.5 53
      vertex 5.39018 0 53.0384
      vertex 5.39018 6.5 53.0384
    endloop
  endfacet
  facet normal -0.0979429 0 0.995192
    outer loop
      vertex 5.39018 0 53.0384
      vertex 5 6.5 53
      vertex 5 0 53
    endloop
  endfacet
  facet normal -0.956944 0 0.290271
    outer loop
      vertex 6.84776 0 54.2346
      vertex 6.96157 6.5 54.6098
      vertex 6.84776 6.5 54.2346
    endloop
  endfacet
  facet normal -0.956944 0 0.290271
    outer loop
      vertex 6.96157 6.5 54.6098
      vertex 6.84776 0 54.2346
      vertex 6.96157 0 54.6098
    endloop
  endfacet
  facet normal -0.995185 0 0.0980137
    outer loop
      vertex 6.96157 0 54.6098
      vertex 7 6.5 55
      vertex 6.96157 6.5 54.6098
    endloop
  endfacet
  facet normal -0.995185 0 0.0980137
    outer loop
      vertex 7 6.5 55
      vertex 6.96157 0 54.6098
      vertex 7 0 55
    endloop
  endfacet
  facet normal -0.881879 0 0.471475
    outer loop
      vertex 6.66294 0 53.8889
      vertex 6.84776 6.5 54.2346
      vertex 6.66294 6.5 53.8889
    endloop
  endfacet
  facet normal -0.881879 0 0.471475
    outer loop
      vertex 6.84776 6.5 54.2346
      vertex 6.66294 0 53.8889
      vertex 6.84776 0 54.2346
    endloop
  endfacet
  facet normal 0.634358 0 -0.773039
    outer loop
      vertex 3.58579 0 56.4142
      vertex 3.88886 6.5 56.6629
      vertex 3.88886 0 56.6629
    endloop
  endfacet
  facet normal 0.634358 0 -0.773039
    outer loop
      vertex 3.88886 6.5 56.6629
      vertex 3.58579 0 56.4142
      vertex 3.58579 6.5 56.4142
    endloop
  endfacet
  facet normal 0.290255 0 0.956949
    outer loop
      vertex 4.23463 6.5 53.1522
      vertex 4.60982 0 53.0384
      vertex 4.60982 6.5 53.0384
    endloop
  endfacet
  facet normal 0.290255 0 0.956949
    outer loop
      vertex 4.60982 0 53.0384
      vertex 4.23463 6.5 53.1522
      vertex 4.23463 0 53.1522
    endloop
  endfacet
  facet normal -0.995185 0 -0.0980137
    outer loop
      vertex 7 0 55
      vertex 6.96157 6.5 55.3902
      vertex 7 6.5 55
    endloop
  endfacet
  facet normal -0.995185 -0 -0.0980137
    outer loop
      vertex 6.96157 6.5 55.3902
      vertex 7 0 55
      vertex 6.96157 0 55.3902
    endloop
  endfacet
  facet normal 0.0979429 0 -0.995192
    outer loop
      vertex 4.60982 0 56.9616
      vertex 5 6.5 57
      vertex 5 0 57
    endloop
  endfacet
  facet normal 0.0979429 0 -0.995192
    outer loop
      vertex 5 6.5 57
      vertex 4.60982 0 56.9616
      vertex 4.60982 6.5 56.9616
    endloop
  endfacet
  facet normal 0.47156 0 -0.881834
    outer loop
      vertex 3.88886 0 56.6629
      vertex 4.23463 6.5 56.8478
      vertex 4.23463 0 56.8478
    endloop
  endfacet
  facet normal 0.47156 0 -0.881834
    outer loop
      vertex 4.23463 6.5 56.8478
      vertex 3.88886 0 56.6629
      vertex 3.88886 6.5 56.6629
    endloop
  endfacet
  facet normal 0.881879 0 -0.471475
    outer loop
      vertex 3.33706 0 56.1111
      vertex 3.15224 6.5 55.7654
      vertex 3.33706 6.5 56.1111
    endloop
  endfacet
  facet normal 0.881879 0 -0.471475
    outer loop
      vertex 3.15224 6.5 55.7654
      vertex 3.33706 0 56.1111
      vertex 3.15224 0 55.7654
    endloop
  endfacet
  facet normal -0.956944 0 -0.290271
    outer loop
      vertex 6.96157 0 55.3902
      vertex 6.84776 6.5 55.7654
      vertex 6.96157 6.5 55.3902
    endloop
  endfacet
  facet normal -0.956944 -0 -0.290271
    outer loop
      vertex 6.84776 6.5 55.7654
      vertex 6.96157 0 55.3902
      vertex 6.84776 0 55.7654
    endloop
  endfacet
  facet normal -0.47156 0 0.881834
    outer loop
      vertex 5.76537 6.5 53.1522
      vertex 6.11114 0 53.3371
      vertex 6.11114 6.5 53.3371
    endloop
  endfacet
  facet normal -0.47156 0 0.881834
    outer loop
      vertex 6.11114 0 53.3371
      vertex 5.76537 6.5 53.1522
      vertex 5.76537 0 53.1522
    endloop
  endfacet
  facet normal -0.290255 0 0.956949
    outer loop
      vertex 5.39018 6.5 53.0384
      vertex 5.76537 0 53.1522
      vertex 5.76537 6.5 53.1522
    endloop
  endfacet
  facet normal -0.290255 0 0.956949
    outer loop
      vertex 5.76537 0 53.1522
      vertex 5.39018 6.5 53.0384
      vertex 5.39018 0 53.0384
    endloop
  endfacet
  facet normal -0.290255 0 -0.956949
    outer loop
      vertex 5.39018 0 56.9616
      vertex 5.76537 6.5 56.8478
      vertex 5.76537 0 56.8478
    endloop
  endfacet
  facet normal -0.290255 0 -0.956949
    outer loop
      vertex 5.76537 6.5 56.8478
      vertex 5.39018 0 56.9616
      vertex 5.39018 6.5 56.9616
    endloop
  endfacet
  facet normal 0.290255 0 -0.956949
    outer loop
      vertex 4.23463 0 56.8478
      vertex 4.60982 6.5 56.9616
      vertex 4.60982 0 56.9616
    endloop
  endfacet
  facet normal 0.290255 0 -0.956949
    outer loop
      vertex 4.60982 6.5 56.9616
      vertex 4.23463 0 56.8478
      vertex 4.23463 6.5 56.8478
    endloop
  endfacet
  facet normal 0.634358 0 0.773039
    outer loop
      vertex 3.58579 6.5 53.5858
      vertex 3.88886 0 53.3371
      vertex 3.88886 6.5 53.3371
    endloop
  endfacet
  facet normal 0.634358 0 0.773039
    outer loop
      vertex 3.88886 0 53.3371
      vertex 3.58579 6.5 53.5858
      vertex 3.58579 0 53.5858
    endloop
  endfacet
  facet normal -0.773033 0 0.634366
    outer loop
      vertex 6.41421 0 53.5858
      vertex 6.66294 6.5 53.8889
      vertex 6.41421 6.5 53.5858
    endloop
  endfacet
  facet normal -0.773033 0 0.634366
    outer loop
      vertex 6.66294 6.5 53.8889
      vertex 6.41421 0 53.5858
      vertex 6.66294 0 53.8889
    endloop
  endfacet
  facet normal 0.47156 0 0.881834
    outer loop
      vertex 3.88886 6.5 53.3371
      vertex 4.23463 0 53.1522
      vertex 4.23463 6.5 53.1522
    endloop
  endfacet
  facet normal 0.47156 0 0.881834
    outer loop
      vertex 4.23463 0 53.1522
      vertex 3.88886 6.5 53.3371
      vertex 3.88886 0 53.3371
    endloop
  endfacet
  facet normal -0.47156 0 -0.881834
    outer loop
      vertex 5.76537 0 56.8478
      vertex 6.11114 6.5 56.6629
      vertex 6.11114 0 56.6629
    endloop
  endfacet
  facet normal -0.47156 0 -0.881834
    outer loop
      vertex 6.11114 6.5 56.6629
      vertex 5.76537 0 56.8478
      vertex 5.76537 6.5 56.8478
    endloop
  endfacet
  facet normal 0.956944 -0 0.290271
    outer loop
      vertex 3.03843 0 54.6098
      vertex 3.15224 6.5 54.2346
      vertex 3.03843 6.5 54.6098
    endloop
  endfacet
  facet normal 0.956944 0 0.290271
    outer loop
      vertex 3.15224 6.5 54.2346
      vertex 3.03843 0 54.6098
      vertex 3.15224 0 54.2346
    endloop
  endfacet
  facet normal 0.0979429 0 0.995192
    outer loop
      vertex 4.60982 6.5 53.0384
      vertex 5 0 53
      vertex 5 6.5 53
    endloop
  endfacet
  facet normal 0.0979429 0 0.995192
    outer loop
      vertex 5 0 53
      vertex 4.60982 6.5 53.0384
      vertex 4.60982 0 53.0384
    endloop
  endfacet
  facet normal -0.881879 0 -0.471475
    outer loop
      vertex 6.84776 0 55.7654
      vertex 6.66294 6.5 56.1111
      vertex 6.84776 6.5 55.7654
    endloop
  endfacet
  facet normal -0.881879 -0 -0.471475
    outer loop
      vertex 6.66294 6.5 56.1111
      vertex 6.84776 0 55.7654
      vertex 6.66294 0 56.1111
    endloop
  endfacet
  facet normal -0.773033 0 -0.634366
    outer loop
      vertex 6.66294 0 56.1111
      vertex 6.41421 6.5 56.4142
      vertex 6.66294 6.5 56.1111
    endloop
  endfacet
  facet normal -0.773033 -0 -0.634366
    outer loop
      vertex 6.41421 6.5 56.4142
      vertex 6.66294 0 56.1111
      vertex 6.41421 0 56.4142
    endloop
  endfacet
  facet normal -0.634358 0 0.773039
    outer loop
      vertex 6.11114 6.5 53.3371
      vertex 6.41421 0 53.5858
      vertex 6.41421 6.5 53.5858
    endloop
  endfacet
  facet normal -0.634358 0 0.773039
    outer loop
      vertex 6.41421 0 53.5858
      vertex 6.11114 6.5 53.3371
      vertex 6.11114 0 53.3371
    endloop
  endfacet
  facet normal -0.634358 0 -0.773039
    outer loop
      vertex 6.11114 0 56.6629
      vertex 6.41421 6.5 56.4142
      vertex 6.41421 0 56.4142
    endloop
  endfacet
  facet normal -0.634358 0 -0.773039
    outer loop
      vertex 6.41421 6.5 56.4142
      vertex 6.11114 0 56.6629
      vertex 6.11114 6.5 56.6629
    endloop
  endfacet
  facet normal -0.0979429 0 -0.995192
    outer loop
      vertex 5 0 57
      vertex 5.39018 6.5 56.9616
      vertex 5.39018 0 56.9616
    endloop
  endfacet
  facet normal -0.0979429 0 -0.995192
    outer loop
      vertex 5.39018 6.5 56.9616
      vertex 5 0 57
      vertex 5 6.5 57
    endloop
  endfacet
  facet normal 0.956944 0 -0.290271
    outer loop
      vertex 3.15224 0 55.7654
      vertex 3.03843 6.5 55.3902
      vertex 3.15224 6.5 55.7654
    endloop
  endfacet
  facet normal 0.956944 0 -0.290271
    outer loop
      vertex 3.03843 6.5 55.3902
      vertex 3.15224 0 55.7654
      vertex 3.03843 0 55.3902
    endloop
  endfacet
  facet normal 0.881879 -0 0.471475
    outer loop
      vertex 3.15224 0 54.2346
      vertex 3.33706 6.5 53.8889
      vertex 3.15224 6.5 54.2346
    endloop
  endfacet
  facet normal 0.881879 0 0.471475
    outer loop
      vertex 3.33706 6.5 53.8889
      vertex 3.15224 0 54.2346
      vertex 3.33706 0 53.8889
    endloop
  endfacet
  facet normal 0.773033 -0 0.634366
    outer loop
      vertex 3.33706 0 53.8889
      vertex 3.58579 6.5 53.5858
      vertex 3.33706 6.5 53.8889
    endloop
  endfacet
  facet normal 0.773033 0 0.634366
    outer loop
      vertex 3.58579 6.5 53.5858
      vertex 3.33706 0 53.8889
      vertex 3.58579 0 53.5858
    endloop
  endfacet
  facet normal 0.773033 0 -0.634366
    outer loop
      vertex 3.58579 0 56.4142
      vertex 3.33706 6.5 56.1111
      vertex 3.58579 6.5 56.4142
    endloop
  endfacet
  facet normal 0.773033 0 -0.634366
    outer loop
      vertex 3.33706 6.5 56.1111
      vertex 3.58579 0 56.4142
      vertex 3.33706 0 56.1111
    endloop
  endfacet
  facet normal 0.995185 0 -0.0980137
    outer loop
      vertex 3.03843 0 55.3902
      vertex 3 6.5 55
      vertex 3.03843 6.5 55.3902
    endloop
  endfacet
  facet normal 0.995185 0 -0.0980137
    outer loop
      vertex 3 6.5 55
      vertex 3.03843 0 55.3902
      vertex 3 0 55
    endloop
  endfacet
  facet normal 0.995185 -0 0.0980137
    outer loop
      vertex 3 0 55
      vertex 3.03843 6.5 54.6098
      vertex 3 6.5 55
    endloop
  endfacet
  facet normal 0.995185 0 0.0980137
    outer loop
      vertex 3.03843 6.5 54.6098
      vertex 3 0 55
      vertex 3.03843 0 54.6098
    endloop
  endfacet
  facet normal 0 -1 0
    outer loop
      vertex 4.60982 6.5 56.9616
      vertex 5.39018 6.5 56.9616
      vertex 5 6.5 57
    endloop
  endfacet
  facet normal 0 -1 0
    outer loop
      vertex 4.23463 6.5 56.8478
      vertex 5.39018 6.5 56.9616
      vertex 4.60982 6.5 56.9616
    endloop
  endfacet
  facet normal 0 -1 0
    outer loop
      vertex 4.23463 6.5 56.8478
      vertex 5.76537 6.5 56.8478
      vertex 5.39018 6.5 56.9616
    endloop
  endfacet
  facet normal 0 -1 0
    outer loop
      vertex 3.88886 6.5 56.6629
      vertex 5.76537 6.5 56.8478
      vertex 4.23463 6.5 56.8478
    endloop
  endfacet
  facet normal 0 -1 0
    outer loop
      vertex 3.88886 6.5 56.6629
      vertex 6.11114 6.5 56.6629
      vertex 5.76537 6.5 56.8478
    endloop
  endfacet
  facet normal 0 -1 0
    outer loop
      vertex 3.58579 6.5 56.4142
      vertex 6.11114 6.5 56.6629
      vertex 3.88886 6.5 56.6629
    endloop
  endfacet
  facet normal 0 -1 0
    outer loop
      vertex 3.58579 6.5 56.4142
      vertex 6.41421 6.5 56.4142
      vertex 6.11114 6.5 56.6629
    endloop
  endfacet
  facet normal 0 -1 0
    outer loop
      vertex 3.33706 6.5 56.1111
      vertex 6.41421 6.5 56.4142
      vertex 3.58579 6.5 56.4142
    endloop
  endfacet
  facet normal 0 -1 0
    outer loop
      vertex 3.33706 6.5 56.1111
      vertex 6.66294 6.5 56.1111
      vertex 6.41421 6.5 56.4142
    endloop
  endfacet
  facet normal 0 -1 0
    outer loop
      vertex 3.15224 6.5 55.7654
      vertex 6.66294 6.5 56.1111
      vertex 3.33706 6.5 56.1111
    endloop
  endfacet
  facet normal 0 -1 0
    outer loop
      vertex 3.15224 6.5 55.7654
      vertex 6.84776 6.5 55.7654
      vertex 6.66294 6.5 56.1111
    endloop
  endfacet
  facet normal 0 -1 0
    outer loop
      vertex 3.03843 6.5 55.3902
      vertex 6.84776 6.5 55.7654
      vertex 3.15224 6.5 55.7654
    endloop
  endfacet
  facet normal 0 -1 0
    outer loop
      vertex 3.03843 6.5 55.3902
      vertex 6.96157 6.5 55.3902
      vertex 6.84776 6.5 55.7654
    endloop
  endfacet
  facet normal 0 -1 0
    outer loop
      vertex 3 6.5 55
      vertex 6.96157 6.5 55.3902
      vertex 3.03843 6.5 55.3902
    endloop
  endfacet
  facet normal 0 -1 0
    outer loop
      vertex 3 6.5 55
      vertex 7 6.5 55
      vertex 6.96157 6.5 55.3902
    endloop
  endfacet
  facet normal 0 -1 0
    outer loop
      vertex 3.03843 6.5 54.6098
      vertex 7 6.5 55
      vertex 3 6.5 55
    endloop
  endfacet
  facet normal 0 -1 0
    outer loop
      vertex 3.03843 6.5 54.6098
      vertex 6.96157 6.5 54.6098
      vertex 7 6.5 55
    endloop
  endfacet
  facet normal 0 -1 0
    outer loop
      vertex 3.15224 6.5 54.2346
      vertex 6.96157 6.5 54.6098
      vertex 3.03843 6.5 54.6098
    endloop
  endfacet
  facet normal 0 -1 0
    outer loop
      vertex 3.15224 6.5 54.2346
      vertex 6.84776 6.5 54.2346
      vertex 6.96157 6.5 54.6098
    endloop
  endfacet
  facet normal 0 -1 0
    outer loop
      vertex 3.33706 6.5 53.8889
      vertex 6.84776 6.5 54.2346
      vertex 3.15224 6.5 54.2346
    endloop
  endfacet
  facet normal 0 -1 0
    outer loop
      vertex 3.33706 6.5 53.8889
      vertex 6.66294 6.5 53.8889
      vertex 6.84776 6.5 54.2346
    endloop
  endfacet
  facet normal 0 -1 0
    outer loop
      vertex 3.58579 6.5 53.5858
      vertex 6.66294 6.5 53.8889
      vertex 3.33706 6.5 53.8889
    endloop
  endfacet
  facet normal 0 -1 0
    outer loop
      vertex 3.58579 6.5 53.5858
      vertex 6.41421 6.5 53.5858
      vertex 6.66294 6.5 53.8889
    endloop
  endfacet
  facet normal 0 -1 0
    outer loop
      vertex 3.88886 6.5 53.3371
      vertex 6.41421 6.5 53.5858
      vertex 3.58579 6.5 53.5858
    endloop
  endfacet
  facet normal 0 -1 0
    outer loop
      vertex 3.88886 6.5 53.3371
      vertex 6.11114 6.5 53.3371
      vertex 6.41421 6.5 53.5858
    endloop
  endfacet
  facet normal 0 -1 0
    outer loop
      vertex 4.23463 6.5 53.1522
      vertex 6.11114 6.5 53.3371
      vertex 3.88886 6.5 53.3371
    endloop
  endfacet
  facet normal 0 -1 0
    outer loop
      vertex 4.23463 6.5 53.1522
      vertex 5.76537 6.5 53.1522
      vertex 6.11114 6.5 53.3371
    endloop
  endfacet
  facet normal 0 -1 0
    outer loop
      vertex 4.60982 6.5 53.0384
      vertex 5.76537 6.5 53.1522
      vertex 4.23463 6.5 53.1522
    endloop
  endfacet
  facet normal 0 -1 0
    outer loop
      vertex 4.60982 6.5 53.0384
      vertex 5.39018 6.5 53.0384
      vertex 5.76537 6.5 53.1522
    endloop
  endfacet
  facet normal -0 -1 0
    outer loop
      vertex 5.39018 6.5 53.0384
      vertex 4.60982 6.5 53.0384
      vertex 5 6.5 53
    endloop
  endfacet
  facet normal -0.0979429 0 0.995192
    outer loop
      vertex 5 6.5 95
      vertex 5.39018 0 95.0384
      vertex 5.39018 6.5 95.0384
    endloop
  endfacet
  facet normal -0.0979429 0 0.995192
    outer loop
      vertex 5.39018 0 95.0384
      vertex 5 6.5 95
      vertex 5 0 95
    endloop
  endfacet
  facet normal -0.773033 0 -0.634366
    outer loop
      vertex 6.66294 0 98.1111
      vertex 6.41421 6.5 98.4142
      vertex 6.66294 6.5 98.1111
    endloop
  endfacet
  facet normal -0.773033 -0 -0.634366
    outer loop
      vertex 6.41421 6.5 98.4142
      vertex 6.66294 0 98.1111
      vertex 6.41421 0 98.4142
    endloop
  endfacet
  facet normal -0.956944 0 0.290271
    outer loop
      vertex 6.84776 0 96.2346
      vertex 6.96157 6.5 96.6098
      vertex 6.84776 6.5 96.2346
    endloop
  endfacet
  facet normal -0.956944 0 0.290271
    outer loop
      vertex 6.96157 6.5 96.6098
      vertex 6.84776 0 96.2346
      vertex 6.96157 0 96.6098
    endloop
  endfacet
  facet normal -0.995185 0 0.0980137
    outer loop
      vertex 6.96157 0 96.6098
      vertex 7 6.5 97
      vertex 6.96157 6.5 96.6098
    endloop
  endfacet
  facet normal -0.995185 0 0.0980137
    outer loop
      vertex 7 6.5 97
      vertex 6.96157 0 96.6098
      vertex 7 0 97
    endloop
  endfacet
  facet normal -0.881879 0 0.471475
    outer loop
      vertex 6.66294 0 95.8889
      vertex 6.84776 6.5 96.2346
      vertex 6.66294 6.5 95.8889
    endloop
  endfacet
  facet normal -0.881879 0 0.471475
    outer loop
      vertex 6.84776 6.5 96.2346
      vertex 6.66294 0 95.8889
      vertex 6.84776 0 96.2346
    endloop
  endfacet
  facet normal 0.290255 0 0.956949
    outer loop
      vertex 4.23463 6.5 95.1522
      vertex 4.60982 0 95.0384
      vertex 4.60982 6.5 95.0384
    endloop
  endfacet
  facet normal 0.290255 0 0.956949
    outer loop
      vertex 4.60982 0 95.0384
      vertex 4.23463 6.5 95.1522
      vertex 4.23463 0 95.1522
    endloop
  endfacet
  facet normal -0.995185 0 -0.0980137
    outer loop
      vertex 7 0 97
      vertex 6.96157 6.5 97.3902
      vertex 7 6.5 97
    endloop
  endfacet
  facet normal -0.995185 -0 -0.0980137
    outer loop
      vertex 6.96157 6.5 97.3902
      vertex 7 0 97
      vertex 6.96157 0 97.3902
    endloop
  endfacet
  facet normal 0.0979429 0 -0.995192
    outer loop
      vertex 4.60982 0 98.9616
      vertex 5 6.5 99
      vertex 5 0 99
    endloop
  endfacet
  facet normal 0.0979429 0 -0.995192
    outer loop
      vertex 5 6.5 99
      vertex 4.60982 0 98.9616
      vertex 4.60982 6.5 98.9616
    endloop
  endfacet
  facet normal 0.47156 0 -0.881834
    outer loop
      vertex 3.88886 0 98.6629
      vertex 4.23463 6.5 98.8478
      vertex 4.23463 0 98.8478
    endloop
  endfacet
  facet normal 0.47156 0 -0.881834
    outer loop
      vertex 4.23463 6.5 98.8478
      vertex 3.88886 0 98.6629
      vertex 3.88886 6.5 98.6629
    endloop
  endfacet
  facet normal 0.881879 0 -0.471475
    outer loop
      vertex 3.33706 0 98.1111
      vertex 3.15224 6.5 97.7654
      vertex 3.33706 6.5 98.1111
    endloop
  endfacet
  facet normal 0.881879 0 -0.471475
    outer loop
      vertex 3.15224 6.5 97.7654
      vertex 3.33706 0 98.1111
      vertex 3.15224 0 97.7654
    endloop
  endfacet
  facet normal -0.956944 0 -0.290271
    outer loop
      vertex 6.96157 0 97.3902
      vertex 6.84776 6.5 97.7654
      vertex 6.96157 6.5 97.3902
    endloop
  endfacet
  facet normal -0.956944 -0 -0.290271
    outer loop
      vertex 6.84776 6.5 97.7654
      vertex 6.96157 0 97.3902
      vertex 6.84776 0 97.7654
    endloop
  endfacet
  facet normal -0.47156 0 0.881834
    outer loop
      vertex 5.76537 6.5 95.1522
      vertex 6.11114 0 95.3371
      vertex 6.11114 6.5 95.3371
    endloop
  endfacet
  facet normal -0.47156 0 0.881834
    outer loop
      vertex 6.11114 0 95.3371
      vertex 5.76537 6.5 95.1522
      vertex 5.76537 0 95.1522
    endloop
  endfacet
  facet normal -0.290255 0 0.956949
    outer loop
      vertex 5.39018 6.5 95.0384
      vertex 5.76537 0 95.1522
      vertex 5.76537 6.5 95.1522
    endloop
  endfacet
  facet normal -0.290255 0 0.956949
    outer loop
      vertex 5.76537 0 95.1522
      vertex 5.39018 6.5 95.0384
      vertex 5.39018 0 95.0384
    endloop
  endfacet
  facet normal -0.290255 0 -0.956949
    outer loop
      vertex 5.39018 0 98.9616
      vertex 5.76537 6.5 98.8478
      vertex 5.76537 0 98.8478
    endloop
  endfacet
  facet normal -0.290255 0 -0.956949
    outer loop
      vertex 5.76537 6.5 98.8478
      vertex 5.39018 0 98.9616
      vertex 5.39018 6.5 98.9616
    endloop
  endfacet
  facet normal 0.290255 0 -0.956949
    outer loop
      vertex 4.23463 0 98.8478
      vertex 4.60982 6.5 98.9616
      vertex 4.60982 0 98.9616
    endloop
  endfacet
  facet normal 0.290255 0 -0.956949
    outer loop
      vertex 4.60982 6.5 98.9616
      vertex 4.23463 0 98.8478
      vertex 4.23463 6.5 98.8478
    endloop
  endfacet
  facet normal 0.634358 0 0.773039
    outer loop
      vertex 3.58579 6.5 95.5858
      vertex 3.88886 0 95.3371
      vertex 3.88886 6.5 95.3371
    endloop
  endfacet
  facet normal 0.634358 0 0.773039
    outer loop
      vertex 3.88886 0 95.3371
      vertex 3.58579 6.5 95.5858
      vertex 3.58579 0 95.5858
    endloop
  endfacet
  facet normal -0.773033 0 0.634366
    outer loop
      vertex 6.41421 0 95.5858
      vertex 6.66294 6.5 95.8889
      vertex 6.41421 6.5 95.5858
    endloop
  endfacet
  facet normal -0.773033 0 0.634366
    outer loop
      vertex 6.66294 6.5 95.8889
      vertex 6.41421 0 95.5858
      vertex 6.66294 0 95.8889
    endloop
  endfacet
  facet normal 0.47156 0 0.881834
    outer loop
      vertex 3.88886 6.5 95.3371
      vertex 4.23463 0 95.1522
      vertex 4.23463 6.5 95.1522
    endloop
  endfacet
  facet normal 0.47156 0 0.881834
    outer loop
      vertex 4.23463 0 95.1522
      vertex 3.88886 6.5 95.3371
      vertex 3.88886 0 95.3371
    endloop
  endfacet
  facet normal -0.47156 0 -0.881834
    outer loop
      vertex 5.76537 0 98.8478
      vertex 6.11114 6.5 98.6629
      vertex 6.11114 0 98.6629
    endloop
  endfacet
  facet normal -0.47156 0 -0.881834
    outer loop
      vertex 6.11114 6.5 98.6629
      vertex 5.76537 0 98.8478
      vertex 5.76537 6.5 98.8478
    endloop
  endfacet
  facet normal 0.956944 -0 0.290271
    outer loop
      vertex 3.03843 0 96.6098
      vertex 3.15224 6.5 96.2346
      vertex 3.03843 6.5 96.6098
    endloop
  endfacet
  facet normal 0.956944 0 0.290271
    outer loop
      vertex 3.15224 6.5 96.2346
      vertex 3.03843 0 96.6098
      vertex 3.15224 0 96.2346
    endloop
  endfacet
  facet normal -0.881879 0 -0.471475
    outer loop
      vertex 6.84776 0 97.7654
      vertex 6.66294 6.5 98.1111
      vertex 6.84776 6.5 97.7654
    endloop
  endfacet
  facet normal -0.881879 -0 -0.471475
    outer loop
      vertex 6.66294 6.5 98.1111
      vertex 6.84776 0 97.7654
      vertex 6.66294 0 98.1111
    endloop
  endfacet
  facet normal -0.634358 0 0.773039
    outer loop
      vertex 6.11114 6.5 95.3371
      vertex 6.41421 0 95.5858
      vertex 6.41421 6.5 95.5858
    endloop
  endfacet
  facet normal -0.634358 0 0.773039
    outer loop
      vertex 6.41421 0 95.5858
      vertex 6.11114 6.5 95.3371
      vertex 6.11114 0 95.3371
    endloop
  endfacet
  facet normal -0.634358 0 -0.773039
    outer loop
      vertex 6.11114 0 98.6629
      vertex 6.41421 6.5 98.4142
      vertex 6.41421 0 98.4142
    endloop
  endfacet
  facet normal -0.634358 0 -0.773039
    outer loop
      vertex 6.41421 6.5 98.4142
      vertex 6.11114 0 98.6629
      vertex 6.11114 6.5 98.6629
    endloop
  endfacet
  facet normal -0.0979429 0 -0.995192
    outer loop
      vertex 5 0 99
      vertex 5.39018 6.5 98.9616
      vertex 5.39018 0 98.9616
    endloop
  endfacet
  facet normal -0.0979429 0 -0.995192
    outer loop
      vertex 5.39018 6.5 98.9616
      vertex 5 0 99
      vertex 5 6.5 99
    endloop
  endfacet
  facet normal 0.956944 0 -0.290271
    outer loop
      vertex 3.15224 0 97.7654
      vertex 3.03843 6.5 97.3902
      vertex 3.15224 6.5 97.7654
    endloop
  endfacet
  facet normal 0.956944 0 -0.290271
    outer loop
      vertex 3.03843 6.5 97.3902
      vertex 3.15224 0 97.7654
      vertex 3.03843 0 97.3902
    endloop
  endfacet
  facet normal 0.881879 -0 0.471475
    outer loop
      vertex 3.15224 0 96.2346
      vertex 3.33706 6.5 95.8889
      vertex 3.15224 6.5 96.2346
    endloop
  endfacet
  facet normal 0.881879 0 0.471475
    outer loop
      vertex 3.33706 6.5 95.8889
      vertex 3.15224 0 96.2346
      vertex 3.33706 0 95.8889
    endloop
  endfacet
  facet normal 0.773033 -0 0.634366
    outer loop
      vertex 3.33706 0 95.8889
      vertex 3.58579 6.5 95.5858
      vertex 3.33706 6.5 95.8889
    endloop
  endfacet
  facet normal 0.773033 0 0.634366
    outer loop
      vertex 3.58579 6.5 95.5858
      vertex 3.33706 0 95.8889
      vertex 3.58579 0 95.5858
    endloop
  endfacet
  facet normal 0.773033 0 -0.634366
    outer loop
      vertex 3.58579 0 98.4142
      vertex 3.33706 6.5 98.1111
      vertex 3.58579 6.5 98.4142
    endloop
  endfacet
  facet normal 0.773033 0 -0.634366
    outer loop
      vertex 3.33706 6.5 98.1111
      vertex 3.58579 0 98.4142
      vertex 3.33706 0 98.1111
    endloop
  endfacet
  facet normal 0.634358 0 -0.773039
    outer loop
      vertex 3.58579 0 98.4142
      vertex 3.88886 6.5 98.6629
      vertex 3.88886 0 98.6629
    endloop
  endfacet
  facet normal 0.634358 0 -0.773039
    outer loop
      vertex 3.88886 6.5 98.6629
      vertex 3.58579 0 98.4142
      vertex 3.58579 6.5 98.4142
    endloop
  endfacet
  facet normal 0.995185 0 -0.0980137
    outer loop
      vertex 3.03843 0 97.3902
      vertex 3 6.5 97
      vertex 3.03843 6.5 97.3902
    endloop
  endfacet
  facet normal 0.995185 0 -0.0980137
    outer loop
      vertex 3 6.5 97
      vertex 3.03843 0 97.3902
      vertex 3 0 97
    endloop
  endfacet
  facet normal 0.995185 -0 0.0980137
    outer loop
      vertex 3 0 97
      vertex 3.03843 6.5 96.6098
      vertex 3 6.5 97
    endloop
  endfacet
  facet normal 0.995185 0 0.0980137
    outer loop
      vertex 3.03843 6.5 96.6098
      vertex 3 0 97
      vertex 3.03843 0 96.6098
    endloop
  endfacet
  facet normal 0.0979429 0 0.995192
    outer loop
      vertex 4.60982 6.5 95.0384
      vertex 5 0 95
      vertex 5 6.5 95
    endloop
  endfacet
  facet normal 0.0979429 0 0.995192
    outer loop
      vertex 5 0 95
      vertex 4.60982 6.5 95.0384
      vertex 4.60982 0 95.0384
    endloop
  endfacet
  facet normal 0 -1 0
    outer loop
      vertex 4.60982 6.5 98.9616
      vertex 5.39018 6.5 98.9616
      vertex 5 6.5 99
    endloop
  endfacet
  facet normal 0 -1 0
    outer loop
      vertex 4.23463 6.5 98.8478
      vertex 5.39018 6.5 98.9616
      vertex 4.60982 6.5 98.9616
    endloop
  endfacet
  facet normal 0 -1 0
    outer loop
      vertex 4.23463 6.5 98.8478
      vertex 5.76537 6.5 98.8478
      vertex 5.39018 6.5 98.9616
    endloop
  endfacet
  facet normal 0 -1 0
    outer loop
      vertex 3.88886 6.5 98.6629
      vertex 5.76537 6.5 98.8478
      vertex 4.23463 6.5 98.8478
    endloop
  endfacet
  facet normal 0 -1 0
    outer loop
      vertex 3.88886 6.5 98.6629
      vertex 6.11114 6.5 98.6629
      vertex 5.76537 6.5 98.8478
    endloop
  endfacet
  facet normal 0 -1 0
    outer loop
      vertex 3.58579 6.5 98.4142
      vertex 6.11114 6.5 98.6629
      vertex 3.88886 6.5 98.6629
    endloop
  endfacet
  facet normal 0 -1 0
    outer loop
      vertex 3.58579 6.5 98.4142
      vertex 6.41421 6.5 98.4142
      vertex 6.11114 6.5 98.6629
    endloop
  endfacet
  facet normal 0 -1 0
    outer loop
      vertex 3.33706 6.5 98.1111
      vertex 6.41421 6.5 98.4142
      vertex 3.58579 6.5 98.4142
    endloop
  endfacet
  facet normal 0 -1 0
    outer loop
      vertex 3.33706 6.5 98.1111
      vertex 6.66294 6.5 98.1111
      vertex 6.41421 6.5 98.4142
    endloop
  endfacet
  facet normal 0 -1 0
    outer loop
      vertex 3.15224 6.5 97.7654
      vertex 6.66294 6.5 98.1111
      vertex 3.33706 6.5 98.1111
    endloop
  endfacet
  facet normal 0 -1 0
    outer loop
      vertex 3.15224 6.5 97.7654
      vertex 6.84776 6.5 97.7654
      vertex 6.66294 6.5 98.1111
    endloop
  endfacet
  facet normal 0 -1 0
    outer loop
      vertex 3.03843 6.5 97.3902
      vertex 6.84776 6.5 97.7654
      vertex 3.15224 6.5 97.7654
    endloop
  endfacet
  facet normal 0 -1 0
    outer loop
      vertex 3.03843 6.5 97.3902
      vertex 6.96157 6.5 97.3902
      vertex 6.84776 6.5 97.7654
    endloop
  endfacet
  facet normal 0 -1 0
    outer loop
      vertex 3 6.5 97
      vertex 6.96157 6.5 97.3902
      vertex 3.03843 6.5 97.3902
    endloop
  endfacet
  facet normal 0 -1 0
    outer loop
      vertex 3 6.5 97
      vertex 7 6.5 97
      vertex 6.96157 6.5 97.3902
    endloop
  endfacet
  facet normal 0 -1 0
    outer loop
      vertex 3.03843 6.5 96.6098
      vertex 7 6.5 97
      vertex 3 6.5 97
    endloop
  endfacet
  facet normal 0 -1 0
    outer loop
      vertex 3.03843 6.5 96.6098
      vertex 6.96157 6.5 96.6098
      vertex 7 6.5 97
    endloop
  endfacet
  facet normal 0 -1 0
    outer loop
      vertex 3.15224 6.5 96.2346
      vertex 6.96157 6.5 96.6098
      vertex 3.03843 6.5 96.6098
    endloop
  endfacet
  facet normal 0 -1 0
    outer loop
      vertex 3.15224 6.5 96.2346
      vertex 6.84776 6.5 96.2346
      vertex 6.96157 6.5 96.6098
    endloop
  endfacet
  facet normal 0 -1 0
    outer loop
      vertex 3.33706 6.5 95.8889
      vertex 6.84776 6.5 96.2346
      vertex 3.15224 6.5 96.2346
    endloop
  endfacet
  facet normal 0 -1 0
    outer loop
      vertex 3.33706 6.5 95.8889
      vertex 6.66294 6.5 95.8889
      vertex 6.84776 6.5 96.2346
    endloop
  endfacet
  facet normal 0 -1 0
    outer loop
      vertex 3.58579 6.5 95.5858
      vertex 6.66294 6.5 95.8889
      vertex 3.33706 6.5 95.8889
    endloop
  endfacet
  facet normal 0 -1 0
    outer loop
      vertex 3.58579 6.5 95.5858
      vertex 6.41421 6.5 95.5858
      vertex 6.66294 6.5 95.8889
    endloop
  endfacet
  facet normal 0 -1 0
    outer loop
      vertex 3.88886 6.5 95.3371
      vertex 6.41421 6.5 95.5858
      vertex 3.58579 6.5 95.5858
    endloop
  endfacet
  facet normal 0 -1 0
    outer loop
      vertex 3.88886 6.5 95.3371
      vertex 6.11114 6.5 95.3371
      vertex 6.41421 6.5 95.5858
    endloop
  endfacet
  facet normal 0 -1 0
    outer loop
      vertex 4.23463 6.5 95.1522
      vertex 6.11114 6.5 95.3371
      vertex 3.88886 6.5 95.3371
    endloop
  endfacet
  facet normal 0 -1 0
    outer loop
      vertex 4.23463 6.5 95.1522
      vertex 5.76537 6.5 95.1522
      vertex 6.11114 6.5 95.3371
    endloop
  endfacet
  facet normal 0 -1 0
    outer loop
      vertex 4.60982 6.5 95.0384
      vertex 5.76537 6.5 95.1522
      vertex 4.23463 6.5 95.1522
    endloop
  endfacet
  facet normal 0 -1 0
    outer loop
      vertex 4.60982 6.5 95.0384
      vertex 5.39018 6.5 95.0384
      vertex 5.76537 6.5 95.1522
    endloop
  endfacet
  facet normal -0 -1 0
    outer loop
      vertex 5.39018 6.5 95.0384
      vertex 4.60982 6.5 95.0384
      vertex 5 6.5 95
    endloop
  endfacet
  facet normal -0.0979877 0 0.995188
    outer loop
      vertex 176 6.5 53
      vertex 176.39 0 53.0384
      vertex 176.39 6.5 53.0384
    endloop
  endfacet
  facet normal -0.0979877 0 0.995188
    outer loop
      vertex 176.39 0 53.0384
      vertex 176 6.5 53
      vertex 176 0 53
    endloop
  endfacet
  facet normal -0.772695 0 -0.634777
    outer loop
      vertex 177.663 0 56.1111
      vertex 177.414 6.5 56.4142
      vertex 177.663 6.5 56.1111
    endloop
  endfacet
  facet normal -0.772695 -0 -0.634777
    outer loop
      vertex 177.414 6.5 56.4142
      vertex 177.663 0 56.1111
      vertex 177.414 0 56.4142
    endloop
  endfacet
  facet normal -0.95681 0 0.290715
    outer loop
      vertex 177.848 0 54.2346
      vertex 177.962 6.5 54.6098
      vertex 177.848 6.5 54.2346
    endloop
  endfacet
  facet normal -0.95681 0 0.290715
    outer loop
      vertex 177.962 6.5 54.6098
      vertex 177.848 0 54.2346
      vertex 177.962 0 54.6098
    endloop
  endfacet
  facet normal -0.995291 0 0.0969274
    outer loop
      vertex 177.962 0 54.6098
      vertex 178 6.5 55
      vertex 177.962 6.5 54.6098
    endloop
  endfacet
  facet normal -0.995291 0 0.0969274
    outer loop
      vertex 178 6.5 55
      vertex 177.962 0 54.6098
      vertex 178 0 55
    endloop
  endfacet
  facet normal -0.881688 0 0.471832
    outer loop
      vertex 177.663 0 53.8889
      vertex 177.848 6.5 54.2346
      vertex 177.663 6.5 53.8889
    endloop
  endfacet
  facet normal -0.881688 0 0.471832
    outer loop
      vertex 177.848 6.5 54.2346
      vertex 177.663 0 53.8889
      vertex 177.848 0 54.2346
    endloop
  endfacet
  facet normal 0.29039 0 0.956908
    outer loop
      vertex 175.235 6.5 53.1522
      vertex 175.61 0 53.0384
      vertex 175.61 6.5 53.0384
    endloop
  endfacet
  facet normal 0.29039 0 0.956908
    outer loop
      vertex 175.61 0 53.0384
      vertex 175.235 6.5 53.1522
      vertex 175.235 0 53.1522
    endloop
  endfacet
  facet normal -0.995291 0 -0.0969274
    outer loop
      vertex 178 0 55
      vertex 177.962 6.5 55.3902
      vertex 178 6.5 55
    endloop
  endfacet
  facet normal -0.995291 -0 -0.0969274
    outer loop
      vertex 177.962 6.5 55.3902
      vertex 178 0 55
      vertex 177.962 0 55.3902
    endloop
  endfacet
  facet normal 0.0979877 0 -0.995188
    outer loop
      vertex 175.61 0 56.9616
      vertex 176 6.5 57
      vertex 176 0 57
    endloop
  endfacet
  facet normal 0.0979877 0 -0.995188
    outer loop
      vertex 176 6.5 57
      vertex 175.61 0 56.9616
      vertex 175.61 6.5 56.9616
    endloop
  endfacet
  facet normal 0.471316 0 -0.881965
    outer loop
      vertex 174.889 0 56.6629
      vertex 175.235 6.5 56.8478
      vertex 175.235 0 56.8478
    endloop
  endfacet
  facet normal 0.471316 0 -0.881965
    outer loop
      vertex 175.235 6.5 56.8478
      vertex 174.889 0 56.6629
      vertex 174.889 6.5 56.6629
    endloop
  endfacet
  facet normal 0.881688 0 -0.471832
    outer loop
      vertex 174.337 0 56.1111
      vertex 174.152 6.5 55.7654
      vertex 174.337 6.5 56.1111
    endloop
  endfacet
  facet normal 0.881688 0 -0.471832
    outer loop
      vertex 174.152 6.5 55.7654
      vertex 174.337 0 56.1111
      vertex 174.152 0 55.7654
    endloop
  endfacet
  facet normal -0.0979877 0 -0.995188
    outer loop
      vertex 176 0 57
      vertex 176.39 6.5 56.9616
      vertex 176.39 0 56.9616
    endloop
  endfacet
  facet normal -0.0979877 0 -0.995188
    outer loop
      vertex 176.39 6.5 56.9616
      vertex 176 0 57
      vertex 176 6.5 57
    endloop
  endfacet
  facet normal -0.95681 0 -0.290715
    outer loop
      vertex 177.962 0 55.3902
      vertex 177.848 6.5 55.7654
      vertex 177.962 6.5 55.3902
    endloop
  endfacet
  facet normal -0.95681 -0 -0.290715
    outer loop
      vertex 177.848 6.5 55.7654
      vertex 177.962 0 55.3902
      vertex 177.848 0 55.7654
    endloop
  endfacet
  facet normal -0.471316 0 0.881965
    outer loop
      vertex 176.765 6.5 53.1522
      vertex 177.111 0 53.3371
      vertex 177.111 6.5 53.3371
    endloop
  endfacet
  facet normal -0.471316 0 0.881965
    outer loop
      vertex 177.111 0 53.3371
      vertex 176.765 6.5 53.1522
      vertex 176.765 0 53.1522
    endloop
  endfacet
  facet normal -0.29039 0 0.956908
    outer loop
      vertex 176.39 6.5 53.0384
      vertex 176.765 0 53.1522
      vertex 176.765 6.5 53.1522
    endloop
  endfacet
  facet normal -0.29039 0 0.956908
    outer loop
      vertex 176.765 0 53.1522
      vertex 176.39 6.5 53.0384
      vertex 176.39 0 53.0384
    endloop
  endfacet
  facet normal -0.29039 0 -0.956908
    outer loop
      vertex 176.39 0 56.9616
      vertex 176.765 6.5 56.8478
      vertex 176.765 0 56.8478
    endloop
  endfacet
  facet normal -0.29039 0 -0.956908
    outer loop
      vertex 176.765 6.5 56.8478
      vertex 176.39 0 56.9616
      vertex 176.39 6.5 56.9616
    endloop
  endfacet
  facet normal 0.29039 0 -0.956908
    outer loop
      vertex 175.235 0 56.8478
      vertex 175.61 6.5 56.9616
      vertex 175.61 0 56.9616
    endloop
  endfacet
  facet normal 0.29039 0 -0.956908
    outer loop
      vertex 175.61 6.5 56.9616
      vertex 175.235 0 56.8478
      vertex 175.235 6.5 56.8478
    endloop
  endfacet
  facet normal 0.634446 0 0.772968
    outer loop
      vertex 174.586 6.5 53.5858
      vertex 174.889 0 53.3371
      vertex 174.889 6.5 53.3371
    endloop
  endfacet
  facet normal 0.634446 0 0.772968
    outer loop
      vertex 174.889 0 53.3371
      vertex 174.586 6.5 53.5858
      vertex 174.586 0 53.5858
    endloop
  endfacet
  facet normal -0.772695 0 0.634777
    outer loop
      vertex 177.414 0 53.5858
      vertex 177.663 6.5 53.8889
      vertex 177.414 6.5 53.5858
    endloop
  endfacet
  facet normal -0.772695 0 0.634777
    outer loop
      vertex 177.663 6.5 53.8889
      vertex 177.414 0 53.5858
      vertex 177.663 0 53.8889
    endloop
  endfacet
  facet normal 0.471316 0 0.881965
    outer loop
      vertex 174.889 6.5 53.3371
      vertex 175.235 0 53.1522
      vertex 175.235 6.5 53.1522
    endloop
  endfacet
  facet normal 0.471316 0 0.881965
    outer loop
      vertex 175.235 0 53.1522
      vertex 174.889 6.5 53.3371
      vertex 174.889 0 53.3371
    endloop
  endfacet
  facet normal -0.471316 0 -0.881965
    outer loop
      vertex 176.765 0 56.8478
      vertex 177.111 6.5 56.6629
      vertex 177.111 0 56.6629
    endloop
  endfacet
  facet normal -0.471316 0 -0.881965
    outer loop
      vertex 177.111 6.5 56.6629
      vertex 176.765 0 56.8478
      vertex 176.765 6.5 56.8478
    endloop
  endfacet
  facet normal 0.95681 -0 0.290715
    outer loop
      vertex 174.038 0 54.6098
      vertex 174.152 6.5 54.2346
      vertex 174.038 6.5 54.6098
    endloop
  endfacet
  facet normal 0.95681 0 0.290715
    outer loop
      vertex 174.152 6.5 54.2346
      vertex 174.038 0 54.6098
      vertex 174.152 0 54.2346
    endloop
  endfacet
  facet normal 0.0979877 0 0.995188
    outer loop
      vertex 175.61 6.5 53.0384
      vertex 176 0 53
      vertex 176 6.5 53
    endloop
  endfacet
  facet normal 0.0979877 0 0.995188
    outer loop
      vertex 176 0 53
      vertex 175.61 6.5 53.0384
      vertex 175.61 0 53.0384
    endloop
  endfacet
  facet normal -0.881688 0 -0.471832
    outer loop
      vertex 177.848 0 55.7654
      vertex 177.663 6.5 56.1111
      vertex 177.848 6.5 55.7654
    endloop
  endfacet
  facet normal -0.881688 -0 -0.471832
    outer loop
      vertex 177.663 6.5 56.1111
      vertex 177.848 0 55.7654
      vertex 177.663 0 56.1111
    endloop
  endfacet
  facet normal -0.634446 0 0.772968
    outer loop
      vertex 177.111 6.5 53.3371
      vertex 177.414 0 53.5858
      vertex 177.414 6.5 53.5858
    endloop
  endfacet
  facet normal -0.634446 0 0.772968
    outer loop
      vertex 177.414 0 53.5858
      vertex 177.111 6.5 53.3371
      vertex 177.111 0 53.3371
    endloop
  endfacet
  facet normal -0.634446 0 -0.772968
    outer loop
      vertex 177.111 0 56.6629
      vertex 177.414 6.5 56.4142
      vertex 177.414 0 56.4142
    endloop
  endfacet
  facet normal -0.634446 0 -0.772968
    outer loop
      vertex 177.414 6.5 56.4142
      vertex 177.111 0 56.6629
      vertex 177.111 6.5 56.6629
    endloop
  endfacet
  facet normal 0.95681 0 -0.290715
    outer loop
      vertex 174.152 0 55.7654
      vertex 174.038 6.5 55.3902
      vertex 174.152 6.5 55.7654
    endloop
  endfacet
  facet normal 0.95681 0 -0.290715
    outer loop
      vertex 174.038 6.5 55.3902
      vertex 174.152 0 55.7654
      vertex 174.038 0 55.3902
    endloop
  endfacet
  facet normal 0.881688 -0 0.471832
    outer loop
      vertex 174.152 0 54.2346
      vertex 174.337 6.5 53.8889
      vertex 174.152 6.5 54.2346
    endloop
  endfacet
  facet normal 0.881688 0 0.471832
    outer loop
      vertex 174.337 6.5 53.8889
      vertex 174.152 0 54.2346
      vertex 174.337 0 53.8889
    endloop
  endfacet
  facet normal 0.772695 -0 0.634777
    outer loop
      vertex 174.337 0 53.8889
      vertex 174.586 6.5 53.5858
      vertex 174.337 6.5 53.8889
    endloop
  endfacet
  facet normal 0.772695 0 0.634777
    outer loop
      vertex 174.586 6.5 53.5858
      vertex 174.337 0 53.8889
      vertex 174.586 0 53.5858
    endloop
  endfacet
  facet normal 0.772695 0 -0.634777
    outer loop
      vertex 174.586 0 56.4142
      vertex 174.337 6.5 56.1111
      vertex 174.586 6.5 56.4142
    endloop
  endfacet
  facet normal 0.772695 0 -0.634777
    outer loop
      vertex 174.337 6.5 56.1111
      vertex 174.586 0 56.4142
      vertex 174.337 0 56.1111
    endloop
  endfacet
  facet normal 0.634446 0 -0.772968
    outer loop
      vertex 174.586 0 56.4142
      vertex 174.889 6.5 56.6629
      vertex 174.889 0 56.6629
    endloop
  endfacet
  facet normal 0.634446 0 -0.772968
    outer loop
      vertex 174.889 6.5 56.6629
      vertex 174.586 0 56.4142
      vertex 174.586 6.5 56.4142
    endloop
  endfacet
  facet normal 0.995291 0 -0.0969274
    outer loop
      vertex 174.038 0 55.3902
      vertex 174 6.5 55
      vertex 174.038 6.5 55.3902
    endloop
  endfacet
  facet normal 0.995291 0 -0.0969274
    outer loop
      vertex 174 6.5 55
      vertex 174.038 0 55.3902
      vertex 174 0 55
    endloop
  endfacet
  facet normal 0.995291 -0 0.0969274
    outer loop
      vertex 174 0 55
      vertex 174.038 6.5 54.6098
      vertex 174 6.5 55
    endloop
  endfacet
  facet normal 0.995291 0 0.0969274
    outer loop
      vertex 174.038 6.5 54.6098
      vertex 174 0 55
      vertex 174.038 0 54.6098
    endloop
  endfacet
  facet normal 0 -1 0
    outer loop
      vertex 175.61 6.5 56.9616
      vertex 176.39 6.5 56.9616
      vertex 176 6.5 57
    endloop
  endfacet
  facet normal 0 -1 0
    outer loop
      vertex 175.235 6.5 56.8478
      vertex 176.39 6.5 56.9616
      vertex 175.61 6.5 56.9616
    endloop
  endfacet
  facet normal 0 -1 0
    outer loop
      vertex 175.235 6.5 56.8478
      vertex 176.765 6.5 56.8478
      vertex 176.39 6.5 56.9616
    endloop
  endfacet
  facet normal 0 -1 0
    outer loop
      vertex 174.889 6.5 56.6629
      vertex 176.765 6.5 56.8478
      vertex 175.235 6.5 56.8478
    endloop
  endfacet
  facet normal 0 -1 0
    outer loop
      vertex 174.889 6.5 56.6629
      vertex 177.111 6.5 56.6629
      vertex 176.765 6.5 56.8478
    endloop
  endfacet
  facet normal 0 -1 0
    outer loop
      vertex 174.586 6.5 56.4142
      vertex 177.111 6.5 56.6629
      vertex 174.889 6.5 56.6629
    endloop
  endfacet
  facet normal 0 -1 0
    outer loop
      vertex 174.586 6.5 56.4142
      vertex 177.414 6.5 56.4142
      vertex 177.111 6.5 56.6629
    endloop
  endfacet
  facet normal 0 -1 0
    outer loop
      vertex 174.337 6.5 56.1111
      vertex 177.414 6.5 56.4142
      vertex 174.586 6.5 56.4142
    endloop
  endfacet
  facet normal 0 -1 0
    outer loop
      vertex 174.337 6.5 56.1111
      vertex 177.663 6.5 56.1111
      vertex 177.414 6.5 56.4142
    endloop
  endfacet
  facet normal 0 -1 0
    outer loop
      vertex 174.152 6.5 55.7654
      vertex 177.663 6.5 56.1111
      vertex 174.337 6.5 56.1111
    endloop
  endfacet
  facet normal 0 -1 0
    outer loop
      vertex 174.152 6.5 55.7654
      vertex 177.848 6.5 55.7654
      vertex 177.663 6.5 56.1111
    endloop
  endfacet
  facet normal 0 -1 0
    outer loop
      vertex 174.038 6.5 55.3902
      vertex 177.848 6.5 55.7654
      vertex 174.152 6.5 55.7654
    endloop
  endfacet
  facet normal 0 -1 0
    outer loop
      vertex 174.038 6.5 55.3902
      vertex 177.962 6.5 55.3902
      vertex 177.848 6.5 55.7654
    endloop
  endfacet
  facet normal 0 -1 0
    outer loop
      vertex 174 6.5 55
      vertex 177.962 6.5 55.3902
      vertex 174.038 6.5 55.3902
    endloop
  endfacet
  facet normal 0 -1 0
    outer loop
      vertex 174 6.5 55
      vertex 178 6.5 55
      vertex 177.962 6.5 55.3902
    endloop
  endfacet
  facet normal 0 -1 0
    outer loop
      vertex 174.038 6.5 54.6098
      vertex 178 6.5 55
      vertex 174 6.5 55
    endloop
  endfacet
  facet normal 0 -1 0
    outer loop
      vertex 174.038 6.5 54.6098
      vertex 177.962 6.5 54.6098
      vertex 178 6.5 55
    endloop
  endfacet
  facet normal 0 -1 0
    outer loop
      vertex 174.152 6.5 54.2346
      vertex 177.962 6.5 54.6098
      vertex 174.038 6.5 54.6098
    endloop
  endfacet
  facet normal 0 -1 0
    outer loop
      vertex 174.152 6.5 54.2346
      vertex 177.848 6.5 54.2346
      vertex 177.962 6.5 54.6098
    endloop
  endfacet
  facet normal 0 -1 0
    outer loop
      vertex 174.337 6.5 53.8889
      vertex 177.848 6.5 54.2346
      vertex 174.152 6.5 54.2346
    endloop
  endfacet
  facet normal 0 -1 0
    outer loop
      vertex 174.337 6.5 53.8889
      vertex 177.663 6.5 53.8889
      vertex 177.848 6.5 54.2346
    endloop
  endfacet
  facet normal 0 -1 0
    outer loop
      vertex 174.586 6.5 53.5858
      vertex 177.663 6.5 53.8889
      vertex 174.337 6.5 53.8889
    endloop
  endfacet
  facet normal 0 -1 0
    outer loop
      vertex 174.586 6.5 53.5858
      vertex 177.414 6.5 53.5858
      vertex 177.663 6.5 53.8889
    endloop
  endfacet
  facet normal 0 -1 0
    outer loop
      vertex 174.889 6.5 53.3371
      vertex 177.414 6.5 53.5858
      vertex 174.586 6.5 53.5858
    endloop
  endfacet
  facet normal 0 -1 0
    outer loop
      vertex 174.889 6.5 53.3371
      vertex 177.111 6.5 53.3371
      vertex 177.414 6.5 53.5858
    endloop
  endfacet
  facet normal 0 -1 0
    outer loop
      vertex 175.235 6.5 53.1522
      vertex 177.111 6.5 53.3371
      vertex 174.889 6.5 53.3371
    endloop
  endfacet
  facet normal 0 -1 0
    outer loop
      vertex 175.235 6.5 53.1522
      vertex 176.765 6.5 53.1522
      vertex 177.111 6.5 53.3371
    endloop
  endfacet
  facet normal 0 -1 0
    outer loop
      vertex 175.61 6.5 53.0384
      vertex 176.765 6.5 53.1522
      vertex 175.235 6.5 53.1522
    endloop
  endfacet
  facet normal 0 -1 0
    outer loop
      vertex 175.61 6.5 53.0384
      vertex 176.39 6.5 53.0384
      vertex 176.765 6.5 53.1522
    endloop
  endfacet
  facet normal -0 -1 0
    outer loop
      vertex 176.39 6.5 53.0384
      vertex 175.61 6.5 53.0384
      vertex 176 6.5 53
    endloop
  endfacet
  facet normal -0.0979877 0 0.995188
    outer loop
      vertex 176 6.5 95
      vertex 176.39 0 95.0384
      vertex 176.39 6.5 95.0384
    endloop
  endfacet
  facet normal -0.0979877 0 0.995188
    outer loop
      vertex 176.39 0 95.0384
      vertex 176 6.5 95
      vertex 176 0 95
    endloop
  endfacet
  facet normal -0.772695 0 -0.634777
    outer loop
      vertex 177.663 0 98.1111
      vertex 177.414 6.5 98.4142
      vertex 177.663 6.5 98.1111
    endloop
  endfacet
  facet normal -0.772695 -0 -0.634777
    outer loop
      vertex 177.414 6.5 98.4142
      vertex 177.663 0 98.1111
      vertex 177.414 0 98.4142
    endloop
  endfacet
  facet normal -0.95681 0 0.290715
    outer loop
      vertex 177.848 0 96.2346
      vertex 177.962 6.5 96.6098
      vertex 177.848 6.5 96.2346
    endloop
  endfacet
  facet normal -0.95681 0 0.290715
    outer loop
      vertex 177.962 6.5 96.6098
      vertex 177.848 0 96.2346
      vertex 177.962 0 96.6098
    endloop
  endfacet
  facet normal -0.995291 0 0.0969274
    outer loop
      vertex 177.962 0 96.6098
      vertex 178 6.5 97
      vertex 177.962 6.5 96.6098
    endloop
  endfacet
  facet normal -0.995291 0 0.0969274
    outer loop
      vertex 178 6.5 97
      vertex 177.962 0 96.6098
      vertex 178 0 97
    endloop
  endfacet
  facet normal -0.881688 0 0.471832
    outer loop
      vertex 177.663 0 95.8889
      vertex 177.848 6.5 96.2346
      vertex 177.663 6.5 95.8889
    endloop
  endfacet
  facet normal -0.881688 0 0.471832
    outer loop
      vertex 177.848 6.5 96.2346
      vertex 177.663 0 95.8889
      vertex 177.848 0 96.2346
    endloop
  endfacet
  facet normal 0.634446 0 -0.772968
    outer loop
      vertex 174.586 0 98.4142
      vertex 174.889 6.5 98.6629
      vertex 174.889 0 98.6629
    endloop
  endfacet
  facet normal 0.634446 0 -0.772968
    outer loop
      vertex 174.889 6.5 98.6629
      vertex 174.586 0 98.4142
      vertex 174.586 6.5 98.4142
    endloop
  endfacet
  facet normal 0.29039 0 0.956908
    outer loop
      vertex 175.235 6.5 95.1522
      vertex 175.61 0 95.0384
      vertex 175.61 6.5 95.0384
    endloop
  endfacet
  facet normal 0.29039 0 0.956908
    outer loop
      vertex 175.61 0 95.0384
      vertex 175.235 6.5 95.1522
      vertex 175.235 0 95.1522
    endloop
  endfacet
  facet normal -0.995291 0 -0.0969274
    outer loop
      vertex 178 0 97
      vertex 177.962 6.5 97.3902
      vertex 178 6.5 97
    endloop
  endfacet
  facet normal -0.995291 -0 -0.0969274
    outer loop
      vertex 177.962 6.5 97.3902
      vertex 178 0 97
      vertex 177.962 0 97.3902
    endloop
  endfacet
  facet normal 0.0979877 0 -0.995188
    outer loop
      vertex 175.61 0 98.9616
      vertex 176 6.5 99
      vertex 176 0 99
    endloop
  endfacet
  facet normal 0.0979877 0 -0.995188
    outer loop
      vertex 176 6.5 99
      vertex 175.61 0 98.9616
      vertex 175.61 6.5 98.9616
    endloop
  endfacet
  facet normal 0.471316 0 -0.881965
    outer loop
      vertex 174.889 0 98.6629
      vertex 175.235 6.5 98.8478
      vertex 175.235 0 98.8478
    endloop
  endfacet
  facet normal 0.471316 0 -0.881965
    outer loop
      vertex 175.235 6.5 98.8478
      vertex 174.889 0 98.6629
      vertex 174.889 6.5 98.6629
    endloop
  endfacet
  facet normal 0.881688 0 -0.471832
    outer loop
      vertex 174.337 0 98.1111
      vertex 174.152 6.5 97.7654
      vertex 174.337 6.5 98.1111
    endloop
  endfacet
  facet normal 0.881688 0 -0.471832
    outer loop
      vertex 174.152 6.5 97.7654
      vertex 174.337 0 98.1111
      vertex 174.152 0 97.7654
    endloop
  endfacet
  facet normal -0.0979877 0 -0.995188
    outer loop
      vertex 176 0 99
      vertex 176.39 6.5 98.9616
      vertex 176.39 0 98.9616
    endloop
  endfacet
  facet normal -0.0979877 0 -0.995188
    outer loop
      vertex 176.39 6.5 98.9616
      vertex 176 0 99
      vertex 176 6.5 99
    endloop
  endfacet
  facet normal -0.95681 0 -0.290715
    outer loop
      vertex 177.962 0 97.3902
      vertex 177.848 6.5 97.7654
      vertex 177.962 6.5 97.3902
    endloop
  endfacet
  facet normal -0.95681 -0 -0.290715
    outer loop
      vertex 177.848 6.5 97.7654
      vertex 177.962 0 97.3902
      vertex 177.848 0 97.7654
    endloop
  endfacet
  facet normal -0.471316 0 0.881965
    outer loop
      vertex 176.765 6.5 95.1522
      vertex 177.111 0 95.3371
      vertex 177.111 6.5 95.3371
    endloop
  endfacet
  facet normal -0.471316 0 0.881965
    outer loop
      vertex 177.111 0 95.3371
      vertex 176.765 6.5 95.1522
      vertex 176.765 0 95.1522
    endloop
  endfacet
  facet normal -0.29039 0 0.956908
    outer loop
      vertex 176.39 6.5 95.0384
      vertex 176.765 0 95.1522
      vertex 176.765 6.5 95.1522
    endloop
  endfacet
  facet normal -0.29039 0 0.956908
    outer loop
      vertex 176.765 0 95.1522
      vertex 176.39 6.5 95.0384
      vertex 176.39 0 95.0384
    endloop
  endfacet
  facet normal -0.29039 0 -0.956908
    outer loop
      vertex 176.39 0 98.9616
      vertex 176.765 6.5 98.8478
      vertex 176.765 0 98.8478
    endloop
  endfacet
  facet normal -0.29039 0 -0.956908
    outer loop
      vertex 176.765 6.5 98.8478
      vertex 176.39 0 98.9616
      vertex 176.39 6.5 98.9616
    endloop
  endfacet
  facet normal 0.29039 0 -0.956908
    outer loop
      vertex 175.235 0 98.8478
      vertex 175.61 6.5 98.9616
      vertex 175.61 0 98.9616
    endloop
  endfacet
  facet normal 0.29039 0 -0.956908
    outer loop
      vertex 175.61 6.5 98.9616
      vertex 175.235 0 98.8478
      vertex 175.235 6.5 98.8478
    endloop
  endfacet
  facet normal 0.634446 0 0.772968
    outer loop
      vertex 174.586 6.5 95.5858
      vertex 174.889 0 95.3371
      vertex 174.889 6.5 95.3371
    endloop
  endfacet
  facet normal 0.634446 0 0.772968
    outer loop
      vertex 174.889 0 95.3371
      vertex 174.586 6.5 95.5858
      vertex 174.586 0 95.5858
    endloop
  endfacet
  facet normal -0.772695 0 0.634777
    outer loop
      vertex 177.414 0 95.5858
      vertex 177.663 6.5 95.8889
      vertex 177.414 6.5 95.5858
    endloop
  endfacet
  facet normal -0.772695 0 0.634777
    outer loop
      vertex 177.663 6.5 95.8889
      vertex 177.414 0 95.5858
      vertex 177.663 0 95.8889
    endloop
  endfacet
  facet normal 0.471316 0 0.881965
    outer loop
      vertex 174.889 6.5 95.3371
      vertex 175.235 0 95.1522
      vertex 175.235 6.5 95.1522
    endloop
  endfacet
  facet normal 0.471316 0 0.881965
    outer loop
      vertex 175.235 0 95.1522
      vertex 174.889 6.5 95.3371
      vertex 174.889 0 95.3371
    endloop
  endfacet
  facet normal -0.471316 0 -0.881965
    outer loop
      vertex 176.765 0 98.8478
      vertex 177.111 6.5 98.6629
      vertex 177.111 0 98.6629
    endloop
  endfacet
  facet normal -0.471316 0 -0.881965
    outer loop
      vertex 177.111 6.5 98.6629
      vertex 176.765 0 98.8478
      vertex 176.765 6.5 98.8478
    endloop
  endfacet
  facet normal 0.95681 -0 0.290715
    outer loop
      vertex 174.038 0 96.6098
      vertex 174.152 6.5 96.2346
      vertex 174.038 6.5 96.6098
    endloop
  endfacet
  facet normal 0.95681 0 0.290715
    outer loop
      vertex 174.152 6.5 96.2346
      vertex 174.038 0 96.6098
      vertex 174.152 0 96.2346
    endloop
  endfacet
  facet normal 0.0979877 0 0.995188
    outer loop
      vertex 175.61 6.5 95.0384
      vertex 176 0 95
      vertex 176 6.5 95
    endloop
  endfacet
  facet normal 0.0979877 0 0.995188
    outer loop
      vertex 176 0 95
      vertex 175.61 6.5 95.0384
      vertex 175.61 0 95.0384
    endloop
  endfacet
  facet normal -0.881688 0 -0.471832
    outer loop
      vertex 177.848 0 97.7654
      vertex 177.663 6.5 98.1111
      vertex 177.848 6.5 97.7654
    endloop
  endfacet
  facet normal -0.881688 -0 -0.471832
    outer loop
      vertex 177.663 6.5 98.1111
      vertex 177.848 0 97.7654
      vertex 177.663 0 98.1111
    endloop
  endfacet
  facet normal -0.634446 0 0.772968
    outer loop
      vertex 177.111 6.5 95.3371
      vertex 177.414 0 95.5858
      vertex 177.414 6.5 95.5858
    endloop
  endfacet
  facet normal -0.634446 0 0.772968
    outer loop
      vertex 177.414 0 95.5858
      vertex 177.111 6.5 95.3371
      vertex 177.111 0 95.3371
    endloop
  endfacet
  facet normal -0.634446 0 -0.772968
    outer loop
      vertex 177.111 0 98.6629
      vertex 177.414 6.5 98.4142
      vertex 177.414 0 98.4142
    endloop
  endfacet
  facet normal -0.634446 0 -0.772968
    outer loop
      vertex 177.414 6.5 98.4142
      vertex 177.111 0 98.6629
      vertex 177.111 6.5 98.6629
    endloop
  endfacet
  facet normal 0.95681 0 -0.290715
    outer loop
      vertex 174.152 0 97.7654
      vertex 174.038 6.5 97.3902
      vertex 174.152 6.5 97.7654
    endloop
  endfacet
  facet normal 0.95681 0 -0.290715
    outer loop
      vertex 174.038 6.5 97.3902
      vertex 174.152 0 97.7654
      vertex 174.038 0 97.3902
    endloop
  endfacet
  facet normal 0.881688 -0 0.471832
    outer loop
      vertex 174.152 0 96.2346
      vertex 174.337 6.5 95.8889
      vertex 174.152 6.5 96.2346
    endloop
  endfacet
  facet normal 0.881688 0 0.471832
    outer loop
      vertex 174.337 6.5 95.8889
      vertex 174.152 0 96.2346
      vertex 174.337 0 95.8889
    endloop
  endfacet
  facet normal 0.772695 -0 0.634777
    outer loop
      vertex 174.337 0 95.8889
      vertex 174.586 6.5 95.5858
      vertex 174.337 6.5 95.8889
    endloop
  endfacet
  facet normal 0.772695 0 0.634777
    outer loop
      vertex 174.586 6.5 95.5858
      vertex 174.337 0 95.8889
      vertex 174.586 0 95.5858
    endloop
  endfacet
  facet normal 0.772695 0 -0.634777
    outer loop
      vertex 174.586 0 98.4142
      vertex 174.337 6.5 98.1111
      vertex 174.586 6.5 98.4142
    endloop
  endfacet
  facet normal 0.772695 0 -0.634777
    outer loop
      vertex 174.337 6.5 98.1111
      vertex 174.586 0 98.4142
      vertex 174.337 0 98.1111
    endloop
  endfacet
  facet normal 0.995291 0 -0.0969274
    outer loop
      vertex 174.038 0 97.3902
      vertex 174 6.5 97
      vertex 174.038 6.5 97.3902
    endloop
  endfacet
  facet normal 0.995291 0 -0.0969274
    outer loop
      vertex 174 6.5 97
      vertex 174.038 0 97.3902
      vertex 174 0 97
    endloop
  endfacet
  facet normal 0.995291 -0 0.0969274
    outer loop
      vertex 174 0 97
      vertex 174.038 6.5 96.6098
      vertex 174 6.5 97
    endloop
  endfacet
  facet normal 0.995291 0 0.0969274
    outer loop
      vertex 174.038 6.5 96.6098
      vertex 174 0 97
      vertex 174.038 0 96.6098
    endloop
  endfacet
  facet normal 0 -1 0
    outer loop
      vertex 175.61 6.5 98.9616
      vertex 176.39 6.5 98.9616
      vertex 176 6.5 99
    endloop
  endfacet
  facet normal 0 -1 0
    outer loop
      vertex 175.235 6.5 98.8478
      vertex 176.39 6.5 98.9616
      vertex 175.61 6.5 98.9616
    endloop
  endfacet
  facet normal 0 -1 0
    outer loop
      vertex 175.235 6.5 98.8478
      vertex 176.765 6.5 98.8478
      vertex 176.39 6.5 98.9616
    endloop
  endfacet
  facet normal 0 -1 0
    outer loop
      vertex 174.889 6.5 98.6629
      vertex 176.765 6.5 98.8478
      vertex 175.235 6.5 98.8478
    endloop
  endfacet
  facet normal 0 -1 0
    outer loop
      vertex 174.889 6.5 98.6629
      vertex 177.111 6.5 98.6629
      vertex 176.765 6.5 98.8478
    endloop
  endfacet
  facet normal 0 -1 0
    outer loop
      vertex 174.586 6.5 98.4142
      vertex 177.111 6.5 98.6629
      vertex 174.889 6.5 98.6629
    endloop
  endfacet
  facet normal 0 -1 0
    outer loop
      vertex 174.586 6.5 98.4142
      vertex 177.414 6.5 98.4142
      vertex 177.111 6.5 98.6629
    endloop
  endfacet
  facet normal 0 -1 0
    outer loop
      vertex 174.337 6.5 98.1111
      vertex 177.414 6.5 98.4142
      vertex 174.586 6.5 98.4142
    endloop
  endfacet
  facet normal 0 -1 0
    outer loop
      vertex 174.337 6.5 98.1111
      vertex 177.663 6.5 98.1111
      vertex 177.414 6.5 98.4142
    endloop
  endfacet
  facet normal 0 -1 0
    outer loop
      vertex 174.152 6.5 97.7654
      vertex 177.663 6.5 98.1111
      vertex 174.337 6.5 98.1111
    endloop
  endfacet
  facet normal 0 -1 0
    outer loop
      vertex 174.152 6.5 97.7654
      vertex 177.848 6.5 97.7654
      vertex 177.663 6.5 98.1111
    endloop
  endfacet
  facet normal 0 -1 0
    outer loop
      vertex 174.038 6.5 97.3902
      vertex 177.848 6.5 97.7654
      vertex 174.152 6.5 97.7654
    endloop
  endfacet
  facet normal 0 -1 0
    outer loop
      vertex 174.038 6.5 97.3902
      vertex 177.962 6.5 97.3902
      vertex 177.848 6.5 97.7654
    endloop
  endfacet
  facet normal 0 -1 0
    outer loop
      vertex 174 6.5 97
      vertex 177.962 6.5 97.3902
      vertex 174.038 6.5 97.3902
    endloop
  endfacet
  facet normal 0 -1 0
    outer loop
      vertex 174 6.5 97
      vertex 178 6.5 97
      vertex 177.962 6.5 97.3902
    endloop
  endfacet
  facet normal 0 -1 0
    outer loop
      vertex 174.038 6.5 96.6098
      vertex 178 6.5 97
      vertex 174 6.5 97
    endloop
  endfacet
  facet normal 0 -1 0
    outer loop
      vertex 174.038 6.5 96.6098
      vertex 177.962 6.5 96.6098
      vertex 178 6.5 97
    endloop
  endfacet
  facet normal 0 -1 0
    outer loop
      vertex 174.152 6.5 96.2346
      vertex 177.962 6.5 96.6098
      vertex 174.038 6.5 96.6098
    endloop
  endfacet
  facet normal 0 -1 0
    outer loop
      vertex 174.152 6.5 96.2346
      vertex 177.848 6.5 96.2346
      vertex 177.962 6.5 96.6098
    endloop
  endfacet
  facet normal 0 -1 0
    outer loop
      vertex 174.337 6.5 95.8889
      vertex 177.848 6.5 96.2346
      vertex 174.152 6.5 96.2346
    endloop
  endfacet
  facet normal 0 -1 0
    outer loop
      vertex 174.337 6.5 95.8889
      vertex 177.663 6.5 95.8889
      vertex 177.848 6.5 96.2346
    endloop
  endfacet
  facet normal 0 -1 0
    outer loop
      vertex 174.586 6.5 95.5858
      vertex 177.663 6.5 95.8889
      vertex 174.337 6.5 95.8889
    endloop
  endfacet
  facet normal 0 -1 0
    outer loop
      vertex 174.586 6.5 95.5858
      vertex 177.414 6.5 95.5858
      vertex 177.663 6.5 95.8889
    endloop
  endfacet
  facet normal 0 -1 0
    outer loop
      vertex 174.889 6.5 95.3371
      vertex 177.414 6.5 95.5858
      vertex 174.586 6.5 95.5858
    endloop
  endfacet
  facet normal 0 -1 0
    outer loop
      vertex 174.889 6.5 95.3371
      vertex 177.111 6.5 95.3371
      vertex 177.414 6.5 95.5858
    endloop
  endfacet
  facet normal 0 -1 0
    outer loop
      vertex 175.235 6.5 95.1522
      vertex 177.111 6.5 95.3371
      vertex 174.889 6.5 95.3371
    endloop
  endfacet
  facet normal 0 -1 0
    outer loop
      vertex 175.235 6.5 95.1522
      vertex 176.765 6.5 95.1522
      vertex 177.111 6.5 95.3371
    endloop
  endfacet
  facet normal 0 -1 0
    outer loop
      vertex 175.61 6.5 95.0384
      vertex 176.765 6.5 95.1522
      vertex 175.235 6.5 95.1522
    endloop
  endfacet
  facet normal 0 -1 0
    outer loop
      vertex 175.61 6.5 95.0384
      vertex 176.39 6.5 95.0384
      vertex 176.765 6.5 95.1522
    endloop
  endfacet
  facet normal -0 -1 0
    outer loop
      vertex 176.39 6.5 95.0384
      vertex 175.61 6.5 95.0384
      vertex 176 6.5 95
    endloop
  endfacet
  facet normal 0 0 -1
    outer loop
      vertex 0 39 55
      vertex 5 61 55
      vertex 5 39 55
    endloop
  endfacet
  facet normal -0 0 -1
    outer loop
      vertex 5 61 55
      vertex 0 39 55
      vertex 0 61 55
    endloop
  endfacet
  facet normal -0 0 1
    outer loop
      vertex 0 61 52
      vertex 5 39 52
      vertex 5 61 52
    endloop
  endfacet
  facet normal 0 0 1
    outer loop
      vertex 5 39 52
      vertex 0 61 52
      vertex 0 39 52
    endloop
  endfacet
  facet normal 0 -1 0
    outer loop
      vertex 0 61 52
      vertex 5 61 55
      vertex 0 61 55
    endloop
  endfacet
  facet normal 0 -1 -0
    outer loop
      vertex 5 61 55
      vertex 0 61 52
      vertex 5 61 52
    endloop
  endfacet
  facet normal 0 1 -0
    outer loop
      vertex 5 39 52
      vertex 0 39 55
      vertex 5 39 55
    endloop
  endfacet
  facet normal 0 1 0
    outer loop
      vertex 0 39 55
      vertex 5 39 52
      vertex 0 39 52
    endloop
  endfacet
  facet normal 0 0 -1
    outer loop
      vertex 0 100 55
      vertex 5 122 55
      vertex 5 100 55
    endloop
  endfacet
  facet normal -0 0 -1
    outer loop
      vertex 5 122 55
      vertex 0 100 55
      vertex 0 122 55
    endloop
  endfacet
  facet normal -0 0 1
    outer loop
      vertex 0 122 52
      vertex 5 100 52
      vertex 5 122 52
    endloop
  endfacet
  facet normal 0 0 1
    outer loop
      vertex 5 100 52
      vertex 0 122 52
      vertex 0 100 52
    endloop
  endfacet
  facet normal 0 -1 0
    outer loop
      vertex 0 122 52
      vertex 5 122 55
      vertex 0 122 55
    endloop
  endfacet
  facet normal 0 -1 -0
    outer loop
      vertex 5 122 55
      vertex 0 122 52
      vertex 5 122 52
    endloop
  endfacet
  facet normal 0 1 -0
    outer loop
      vertex 5 100 52
      vertex 0 100 55
      vertex 5 100 55
    endloop
  endfacet
  facet normal 0 1 0
    outer loop
      vertex 0 100 55
      vertex 5 100 52
      vertex 0 100 52
    endloop
  endfacet
  facet normal 0 0 -1
    outer loop
      vertex 176 39 55
      vertex 181 61 55
      vertex 181 39 55
    endloop
  endfacet
  facet normal -0 0 -1
    outer loop
      vertex 181 61 55
      vertex 176 39 55
      vertex 176 61 55
    endloop
  endfacet
  facet normal -0 0 1
    outer loop
      vertex 176 61 52
      vertex 181 39 52
      vertex 181 61 52
    endloop
  endfacet
  facet normal 0 0 1
    outer loop
      vertex 181 39 52
      vertex 176 61 52
      vertex 176 39 52
    endloop
  endfacet
  facet normal 0 -1 0
    outer loop
      vertex 176 61 52
      vertex 181 61 55
      vertex 176 61 55
    endloop
  endfacet
  facet normal 0 -1 -0
    outer loop
      vertex 181 61 55
      vertex 176 61 52
      vertex 181 61 52
    endloop
  endfacet
  facet normal 0 1 -0
    outer loop
      vertex 181 39 52
      vertex 176 39 55
      vertex 181 39 55
    endloop
  endfacet
  facet normal 0 1 0
    outer loop
      vertex 176 39 55
      vertex 181 39 52
      vertex 176 39 52
    endloop
  endfacet
  facet normal 0 0 -1
    outer loop
      vertex 176 100 55
      vertex 181 122 55
      vertex 181 100 55
    endloop
  endfacet
  facet normal -0 0 -1
    outer loop
      vertex 181 122 55
      vertex 176 100 55
      vertex 176 122 55
    endloop
  endfacet
  facet normal -0 0 1
    outer loop
      vertex 176 122 52
      vertex 181 100 52
      vertex 181 122 52
    endloop
  endfacet
  facet normal 0 0 1
    outer loop
      vertex 181 100 52
      vertex 176 122 52
      vertex 176 100 52
    endloop
  endfacet
  facet normal 0 -1 0
    outer loop
      vertex 176 122 52
      vertex 181 122 55
      vertex 176 122 55
    endloop
  endfacet
  facet normal 0 -1 -0
    outer loop
      vertex 181 122 55
      vertex 176 122 52
      vertex 181 122 52
    endloop
  endfacet
  facet normal 0 1 -0
    outer loop
      vertex 181 100 52
      vertex 176 100 55
      vertex 181 100 55
    endloop
  endfacet
  facet normal 0 1 0
    outer loop
      vertex 176 100 55
      vertex 181 100 52
      vertex 176 100 52
    endloop
  endfacet
  facet normal 0.194802 0.980843 -0
    outer loop
      vertex 98.5 149.5 0
      vertex 97.926 149.614 5
      vertex 98.5 149.5 5
    endloop
  endfacet
  facet normal 0.194802 0.980843 0
    outer loop
      vertex 97.926 149.614 5
      vertex 98.5 149.5 0
      vertex 97.926 149.614 0
    endloop
  endfacet
  facet normal -0.831709 0.555212 0
    outer loop
      vertex 99.5607 149.939 0
      vertex 99.8858 150.426 5
      vertex 99.8858 150.426 0
    endloop
  endfacet
  facet normal -0.831709 0.555212 0
    outer loop
      vertex 99.8858 150.426 5
      vertex 99.5607 149.939 0
      vertex 99.5607 149.939 5
    endloop
  endfacet
  facet normal -0.831709 -0.555212 0
    outer loop
      vertex 99.8858 151.574 0
      vertex 99.5607 152.061 5
      vertex 99.5607 152.061 0
    endloop
  endfacet
  facet normal -0.831709 -0.555212 0
    outer loop
      vertex 99.5607 152.061 5
      vertex 99.8858 151.574 0
      vertex 99.8858 151.574 5
    endloop
  endfacet
  facet normal -0.980777 -0.19513 0
    outer loop
      vertex 100 151 0
      vertex 99.8858 151.574 5
      vertex 99.8858 151.574 0
    endloop
  endfacet
  facet normal -0.980777 -0.19513 0
    outer loop
      vertex 99.8858 151.574 5
      vertex 100 151 0
      vertex 100 151 5
    endloop
  endfacet
  facet normal -0.555331 -0.831629 0
    outer loop
      vertex 99.074 152.386 0
      vertex 99.5607 152.061 5
      vertex 99.074 152.386 5
    endloop
  endfacet
  facet normal -0.555331 -0.831629 -0
    outer loop
      vertex 99.5607 152.061 5
      vertex 99.074 152.386 0
      vertex 99.5607 152.061 0
    endloop
  endfacet
  facet normal 0.980777 0.19513 0
    outer loop
      vertex 97.1142 150.426 5
      vertex 97 151 0
      vertex 97 151 5
    endloop
  endfacet
  facet normal 0.980777 0.19513 0
    outer loop
      vertex 97 151 0
      vertex 97.1142 150.426 5
      vertex 97.1142 150.426 0
    endloop
  endfacet
  facet normal -0.555331 0.831629 0
    outer loop
      vertex 99.5607 149.939 0
      vertex 99.074 149.614 5
      vertex 99.5607 149.939 5
    endloop
  endfacet
  facet normal -0.555331 0.831629 0
    outer loop
      vertex 99.074 149.614 5
      vertex 99.5607 149.939 0
      vertex 99.074 149.614 0
    endloop
  endfacet
  facet normal 0.831709 -0.555212 0
    outer loop
      vertex 97.1142 151.574 5
      vertex 97.4393 152.061 0
      vertex 97.4393 152.061 5
    endloop
  endfacet
  facet normal 0.831709 -0.555212 0
    outer loop
      vertex 97.4393 152.061 0
      vertex 97.1142 151.574 5
      vertex 97.1142 151.574 0
    endloop
  endfacet
  facet normal -0.194802 0.980843 0
    outer loop
      vertex 99.074 149.614 0
      vertex 98.5 149.5 5
      vertex 99.074 149.614 5
    endloop
  endfacet
  facet normal -0.194802 0.980843 0
    outer loop
      vertex 98.5 149.5 5
      vertex 99.074 149.614 0
      vertex 98.5 149.5 0
    endloop
  endfacet
  facet normal 0.194802 -0.980843 0
    outer loop
      vertex 97.926 152.386 0
      vertex 98.5 152.5 5
      vertex 97.926 152.386 5
    endloop
  endfacet
  facet normal 0.194802 -0.980843 0
    outer loop
      vertex 98.5 152.5 5
      vertex 97.926 152.386 0
      vertex 98.5 152.5 0
    endloop
  endfacet
  facet normal 0.555331 -0.831629 0
    outer loop
      vertex 97.4393 152.061 0
      vertex 97.926 152.386 5
      vertex 97.4393 152.061 5
    endloop
  endfacet
  facet normal 0.555331 -0.831629 0
    outer loop
      vertex 97.926 152.386 5
      vertex 97.4393 152.061 0
      vertex 97.926 152.386 0
    endloop
  endfacet
  facet normal -0.980777 0.19513 0
    outer loop
      vertex 99.8858 150.426 0
      vertex 100 151 5
      vertex 100 151 0
    endloop
  endfacet
  facet normal -0.980777 0.19513 0
    outer loop
      vertex 100 151 5
      vertex 99.8858 150.426 0
      vertex 99.8858 150.426 5
    endloop
  endfacet
  facet normal 0.980777 -0.19513 0
    outer loop
      vertex 97 151 5
      vertex 97.1142 151.574 0
      vertex 97.1142 151.574 5
    endloop
  endfacet
  facet normal 0.980777 -0.19513 0
    outer loop
      vertex 97.1142 151.574 0
      vertex 97 151 5
      vertex 97 151 0
    endloop
  endfacet
  facet normal 0.831709 0.555212 0
    outer loop
      vertex 97.4393 149.939 5
      vertex 97.1142 150.426 0
      vertex 97.1142 150.426 5
    endloop
  endfacet
  facet normal 0.831709 0.555212 0
    outer loop
      vertex 97.1142 150.426 0
      vertex 97.4393 149.939 5
      vertex 97.4393 149.939 0
    endloop
  endfacet
  facet normal -0.194802 -0.980843 0
    outer loop
      vertex 98.5 152.5 0
      vertex 99.074 152.386 5
      vertex 98.5 152.5 5
    endloop
  endfacet
  facet normal -0.194802 -0.980843 -0
    outer loop
      vertex 99.074 152.386 5
      vertex 98.5 152.5 0
      vertex 99.074 152.386 0
    endloop
  endfacet
  facet normal 0.555331 0.831629 -0
    outer loop
      vertex 97.926 149.614 0
      vertex 97.4393 149.939 5
      vertex 97.926 149.614 5
    endloop
  endfacet
  facet normal 0.555331 0.831629 0
    outer loop
      vertex 97.4393 149.939 5
      vertex 97.926 149.614 0
      vertex 97.4393 149.939 0
    endloop
  endfacet
  facet normal 0 0.991444 0.130533
    outer loop
      vertex 9.99 9.50563 74.1977
      vertex 0 9.4 75
      vertex 9.99 9.4 75
    endloop
  endfacet
  facet normal 0 0.991444 0.130533
    outer loop
      vertex 0 9.4 75
      vertex 9.99 9.50563 74.1977
      vertex 0 9.50563 74.1977
    endloop
  endfacet
  facet normal 0 -0.991449 0.130496
    outer loop
      vertex 0 15.4944 74.1977
      vertex 9.99 15.6 75
      vertex 0 15.6 75
    endloop
  endfacet
  facet normal 0 -0.991449 0.130496
    outer loop
      vertex 9.99 15.6 75
      vertex 0 15.4944 74.1977
      vertex 9.99 15.4944 74.1977
    endloop
  endfacet
  facet normal 0 -0.382676 0.923883
    outer loop
      vertex 0 14.05 72.3153
      vertex 9.99 13.3023 72.0056
      vertex 9.99 14.05 72.3153
    endloop
  endfacet
  facet normal 0 -0.382676 0.923883
    outer loop
      vertex 9.99 13.3023 72.0056
      vertex 0 14.05 72.3153
      vertex 0 13.3023 72.0056
    endloop
  endfacet
  facet normal 0 -0.608821 0.793308
    outer loop
      vertex 0 14.692 72.808
      vertex 9.99 14.05 72.3153
      vertex 9.99 14.692 72.808
    endloop
  endfacet
  facet normal 0 -0.608821 0.793308
    outer loop
      vertex 9.99 14.05 72.3153
      vertex 0 14.692 72.808
      vertex 0 14.05 72.3153
    endloop
  endfacet
  facet normal 0 0.608821 -0.793308
    outer loop
      vertex 0 10.308 77.192
      vertex 9.99 10.95 77.6847
      vertex 9.99 10.308 77.192
    endloop
  endfacet
  facet normal 0 0.608821 -0.793308
    outer loop
      vertex 9.99 10.95 77.6847
      vertex 0 10.308 77.192
      vertex 0 10.95 77.6847
    endloop
  endfacet
  facet normal 0 0.991444 -0.130533
    outer loop
      vertex 9.99 9.4 75
      vertex 0 9.50563 75.8023
      vertex 9.99 9.50563 75.8023
    endloop
  endfacet
  facet normal 0 0.991444 -0.130533
    outer loop
      vertex 0 9.50563 75.8023
      vertex 9.99 9.4 75
      vertex 0 9.4 75
    endloop
  endfacet
  facet normal 0 -0.130496 -0.991449
    outer loop
      vertex 0 12.5 78.1
      vertex 9.99 13.3023 77.9944
      vertex 9.99 12.5 78.1
    endloop
  endfacet
  facet normal -0 -0.130496 -0.991449
    outer loop
      vertex 9.99 13.3023 77.9944
      vertex 0 12.5 78.1
      vertex 0 13.3023 77.9944
    endloop
  endfacet
  facet normal 0 0.79332 0.608805
    outer loop
      vertex 9.99 10.308 72.808
      vertex 0 9.81532 73.45
      vertex 9.99 9.81532 73.45
    endloop
  endfacet
  facet normal 0 0.79332 0.608805
    outer loop
      vertex 0 9.81532 73.45
      vertex 9.99 10.308 72.808
      vertex 0 10.308 72.808
    endloop
  endfacet
  facet normal 0 -0.608821 -0.793308
    outer loop
      vertex 0 14.05 77.6847
      vertex 9.99 14.692 77.192
      vertex 9.99 14.05 77.6847
    endloop
  endfacet
  facet normal -0 -0.608821 -0.793308
    outer loop
      vertex 9.99 14.692 77.192
      vertex 0 14.05 77.6847
      vertex 0 14.692 77.192
    endloop
  endfacet
  facet normal 0 -0.793308 0.608821
    outer loop
      vertex 0 14.692 72.808
      vertex 9.99 15.1847 73.45
      vertex 0 15.1847 73.45
    endloop
  endfacet
  facet normal 0 -0.793308 0.608821
    outer loop
      vertex 9.99 15.1847 73.45
      vertex 0 14.692 72.808
      vertex 9.99 14.692 72.808
    endloop
  endfacet
  facet normal 0 -0.923883 -0.382676
    outer loop
      vertex 0 15.4944 75.8023
      vertex 9.99 15.1847 76.55
      vertex 0 15.1847 76.55
    endloop
  endfacet
  facet normal 0 -0.923883 -0.382676
    outer loop
      vertex 9.99 15.1847 76.55
      vertex 0 15.4944 75.8023
      vertex 9.99 15.4944 75.8023
    endloop
  endfacet
  facet normal 0 -0.923883 0.382676
    outer loop
      vertex 0 15.1847 73.45
      vertex 9.99 15.4944 74.1977
      vertex 0 15.4944 74.1977
    endloop
  endfacet
  facet normal 0 -0.923883 0.382676
    outer loop
      vertex 9.99 15.4944 74.1977
      vertex 0 15.1847 73.45
      vertex 9.99 15.1847 73.45
    endloop
  endfacet
  facet normal -1 0 0
    outer loop
      vertex 9.99 15.4944 74.1977
      vertex 9.99 15.4944 75.8023
      vertex 9.99 15.6 75
    endloop
  endfacet
  facet normal -1 0 0
    outer loop
      vertex 9.99 15.1847 73.45
      vertex 9.99 15.4944 75.8023
      vertex 9.99 15.4944 74.1977
    endloop
  endfacet
  facet normal -1 0 0
    outer loop
      vertex 9.99 15.1847 73.45
      vertex 9.99 15.1847 76.55
      vertex 9.99 15.4944 75.8023
    endloop
  endfacet
  facet normal -1 0 0
    outer loop
      vertex 9.99 14.692 72.808
      vertex 9.99 15.1847 76.55
      vertex 9.99 15.1847 73.45
    endloop
  endfacet
  facet normal -1 0 0
    outer loop
      vertex 9.99 14.692 72.808
      vertex 9.99 14.692 77.192
      vertex 9.99 15.1847 76.55
    endloop
  endfacet
  facet normal -1 0 0
    outer loop
      vertex 9.99 14.05 72.3153
      vertex 9.99 14.692 77.192
      vertex 9.99 14.692 72.808
    endloop
  endfacet
  facet normal -1 0 0
    outer loop
      vertex 9.99 14.05 72.3153
      vertex 9.99 14.05 77.6847
      vertex 9.99 14.692 77.192
    endloop
  endfacet
  facet normal -1 0 0
    outer loop
      vertex 9.99 13.3023 72.0056
      vertex 9.99 14.05 77.6847
      vertex 9.99 14.05 72.3153
    endloop
  endfacet
  facet normal -1 0 0
    outer loop
      vertex 9.99 13.3023 72.0056
      vertex 9.99 13.3023 77.9944
      vertex 9.99 14.05 77.6847
    endloop
  endfacet
  facet normal -1 0 0
    outer loop
      vertex 9.99 12.5 71.9
      vertex 9.99 13.3023 77.9944
      vertex 9.99 13.3023 72.0056
    endloop
  endfacet
  facet normal -1 0 0
    outer loop
      vertex 9.99 12.5 71.9
      vertex 9.99 12.5 78.1
      vertex 9.99 13.3023 77.9944
    endloop
  endfacet
  facet normal -1 0 0
    outer loop
      vertex 9.99 11.6977 72.0056
      vertex 9.99 12.5 78.1
      vertex 9.99 12.5 71.9
    endloop
  endfacet
  facet normal -1 0 0
    outer loop
      vertex 9.99 11.6977 72.0056
      vertex 9.99 11.6977 77.9944
      vertex 9.99 12.5 78.1
    endloop
  endfacet
  facet normal -1 0 0
    outer loop
      vertex 9.99 10.95 72.3153
      vertex 9.99 11.6977 77.9944
      vertex 9.99 11.6977 72.0056
    endloop
  endfacet
  facet normal -1 0 0
    outer loop
      vertex 9.99 10.95 72.3153
      vertex 9.99 10.95 77.6847
      vertex 9.99 11.6977 77.9944
    endloop
  endfacet
  facet normal -1 0 0
    outer loop
      vertex 9.99 10.308 72.808
      vertex 9.99 10.95 77.6847
      vertex 9.99 10.95 72.3153
    endloop
  endfacet
  facet normal -1 0 0
    outer loop
      vertex 9.99 10.308 72.808
      vertex 9.99 10.308 77.192
      vertex 9.99 10.95 77.6847
    endloop
  endfacet
  facet normal -1 0 0
    outer loop
      vertex 9.99 9.81532 73.45
      vertex 9.99 10.308 77.192
      vertex 9.99 10.308 72.808
    endloop
  endfacet
  facet normal -1 0 0
    outer loop
      vertex 9.99 9.81532 73.45
      vertex 9.99 9.81532 76.55
      vertex 9.99 10.308 77.192
    endloop
  endfacet
  facet normal -1 0 0
    outer loop
      vertex 9.99 9.50563 74.1977
      vertex 9.99 9.81532 76.55
      vertex 9.99 9.81532 73.45
    endloop
  endfacet
  facet normal -1 0 0
    outer loop
      vertex 9.99 9.50563 74.1977
      vertex 9.99 9.50563 75.8023
      vertex 9.99 9.81532 76.55
    endloop
  endfacet
  facet normal -1 0 -0
    outer loop
      vertex 9.99 9.50563 75.8023
      vertex 9.99 9.50563 74.1977
      vertex 9.99 9.4 75
    endloop
  endfacet
  facet normal 0 -0.793308 -0.608821
    outer loop
      vertex 0 15.1847 76.55
      vertex 9.99 14.692 77.192
      vertex 0 14.692 77.192
    endloop
  endfacet
  facet normal 0 -0.793308 -0.608821
    outer loop
      vertex 9.99 14.692 77.192
      vertex 0 15.1847 76.55
      vertex 9.99 15.1847 76.55
    endloop
  endfacet
  facet normal 0 0.79332 -0.608805
    outer loop
      vertex 9.99 9.81532 76.55
      vertex 0 10.308 77.192
      vertex 9.99 10.308 77.192
    endloop
  endfacet
  facet normal 0 0.79332 -0.608805
    outer loop
      vertex 0 10.308 77.192
      vertex 9.99 9.81532 76.55
      vertex 0 9.81532 76.55
    endloop
  endfacet
  facet normal 0 0.130496 -0.991449
    outer loop
      vertex 0 11.6977 77.9944
      vertex 9.99 12.5 78.1
      vertex 9.99 11.6977 77.9944
    endloop
  endfacet
  facet normal 0 0.130496 -0.991449
    outer loop
      vertex 9.99 12.5 78.1
      vertex 0 11.6977 77.9944
      vertex 0 12.5 78.1
    endloop
  endfacet
  facet normal -0 0.130496 0.991449
    outer loop
      vertex 0 12.5 71.9
      vertex 9.99 11.6977 72.0056
      vertex 9.99 12.5 71.9
    endloop
  endfacet
  facet normal 0 0.130496 0.991449
    outer loop
      vertex 9.99 11.6977 72.0056
      vertex 0 12.5 71.9
      vertex 0 11.6977 72.0056
    endloop
  endfacet
  facet normal 0 -0.382676 -0.923883
    outer loop
      vertex 0 13.3023 77.9944
      vertex 9.99 14.05 77.6847
      vertex 9.99 13.3023 77.9944
    endloop
  endfacet
  facet normal -0 -0.382676 -0.923883
    outer loop
      vertex 9.99 14.05 77.6847
      vertex 0 13.3023 77.9944
      vertex 0 14.05 77.6847
    endloop
  endfacet
  facet normal 0 0.382676 -0.923883
    outer loop
      vertex 0 10.95 77.6847
      vertex 9.99 11.6977 77.9944
      vertex 9.99 10.95 77.6847
    endloop
  endfacet
  facet normal 0 0.382676 -0.923883
    outer loop
      vertex 9.99 11.6977 77.9944
      vertex 0 10.95 77.6847
      vertex 0 11.6977 77.9944
    endloop
  endfacet
  facet normal 0 0.923887 -0.382665
    outer loop
      vertex 9.99 9.50563 75.8023
      vertex 0 9.81532 76.55
      vertex 9.99 9.81532 76.55
    endloop
  endfacet
  facet normal 0 0.923887 -0.382665
    outer loop
      vertex 0 9.81532 76.55
      vertex 9.99 9.50563 75.8023
      vertex 0 9.50563 75.8023
    endloop
  endfacet
  facet normal -0 0.382676 0.923883
    outer loop
      vertex 0 11.6977 72.0056
      vertex 9.99 10.95 72.3153
      vertex 9.99 11.6977 72.0056
    endloop
  endfacet
  facet normal 0 0.382676 0.923883
    outer loop
      vertex 9.99 10.95 72.3153
      vertex 0 11.6977 72.0056
      vertex 0 10.95 72.3153
    endloop
  endfacet
  facet normal 0 -0.130496 0.991449
    outer loop
      vertex 0 13.3023 72.0056
      vertex 9.99 12.5 71.9
      vertex 9.99 13.3023 72.0056
    endloop
  endfacet
  facet normal 0 -0.130496 0.991449
    outer loop
      vertex 9.99 12.5 71.9
      vertex 0 13.3023 72.0056
      vertex 0 12.5 71.9
    endloop
  endfacet
  facet normal 0 -0.991449 -0.130496
    outer loop
      vertex 0 15.6 75
      vertex 9.99 15.4944 75.8023
      vertex 0 15.4944 75.8023
    endloop
  endfacet
  facet normal 0 -0.991449 -0.130496
    outer loop
      vertex 9.99 15.4944 75.8023
      vertex 0 15.6 75
      vertex 9.99 15.6 75
    endloop
  endfacet
  facet normal -0 0.608821 0.793308
    outer loop
      vertex 0 10.95 72.3153
      vertex 9.99 10.308 72.808
      vertex 9.99 10.95 72.3153
    endloop
  endfacet
  facet normal 0 0.608821 0.793308
    outer loop
      vertex 9.99 10.308 72.808
      vertex 0 10.95 72.3153
      vertex 0 10.308 72.808
    endloop
  endfacet
  facet normal 0 0.923887 0.382665
    outer loop
      vertex 9.99 9.81532 73.45
      vertex 0 9.50563 74.1977
      vertex 9.99 9.50563 74.1977
    endloop
  endfacet
  facet normal 0 0.923887 0.382665
    outer loop
      vertex 0 9.50563 74.1977
      vertex 9.99 9.81532 73.45
      vertex 0 9.81532 73.45
    endloop
  endfacet
endsolid OpenSCAD_Model
