solid OpenSCAD_Model
  facet normal 1 -0 0
    outer loop
      vertex 40.5 5 5
      vertex 40.5 30 0
      vertex 40.5 30 5
    endloop
  endfacet
  facet normal 1 0 0
    outer loop
      vertex 40.5 30 0
      vertex 40.5 5 5
      vertex 40.5 5 0
    endloop
  endfacet
  facet normal 0 0 1
    outer loop
      vertex 40.5 30 5
      vertex 30.25 20.25 5
      vertex 40.5 5 5
    endloop
  endfacet
  facet normal 0 0 1
    outer loop
      vertex 40.5 30 5
      vertex 30.1733 20.8323 5
      vertex 30.25 20.25 5
    endloop
  endfacet
  facet normal 0 0 1
    outer loop
      vertex 40.5 30 5
      vertex 29.9485 21.375 5
      vertex 30.1733 20.8323 5
    endloop
  endfacet
  facet normal 0 0 1
    outer loop
      vertex 40.5 30 5
      vertex 29.591 21.841 5
      vertex 29.9485 21.375 5
    endloop
  endfacet
  facet normal 0 0 1
    outer loop
      vertex 40.5 30 5
      vertex 29.125 22.1985 5
      vertex 29.591 21.841 5
    endloop
  endfacet
  facet normal 0 0 1
    outer loop
      vertex 40.5 30 5
      vertex 28.5823 22.4233 5
      vertex 29.125 22.1985 5
    endloop
  endfacet
  facet normal 0 0 1
    outer loop
      vertex 40.5 30 5
      vertex 28 22.5 5
      vertex 28.5823 22.4233 5
    endloop
  endfacet
  facet normal -0 0 1
    outer loop
      vertex 20.5 25.8333 5
      vertex 28 22.5 5
      vertex 40.5 30 5
    endloop
  endfacet
  facet normal 0 0 1
    outer loop
      vertex 28 22.5 5
      vertex 20.5 25.8333 5
      vertex 27.4177 22.4233 5
    endloop
  endfacet
  facet normal 0 0 1
    outer loop
      vertex 25.75 20.25 5
      vertex 20.5 25.8333 5
      vertex 25.75 14.75 5
    endloop
  endfacet
  facet normal 0 0 1
    outer loop
      vertex 25.8267 20.8323 5
      vertex 20.5 25.8333 5
      vertex 25.75 20.25 5
    endloop
  endfacet
  facet normal 0 0 1
    outer loop
      vertex 26.0515 21.375 5
      vertex 20.5 25.8333 5
      vertex 25.8267 20.8323 5
    endloop
  endfacet
  facet normal 0 0 1
    outer loop
      vertex 26.409 21.841 5
      vertex 20.5 25.8333 5
      vertex 26.0515 21.375 5
    endloop
  endfacet
  facet normal 0 0 1
    outer loop
      vertex 26.875 22.1985 5
      vertex 20.5 25.8333 5
      vertex 26.409 21.841 5
    endloop
  endfacet
  facet normal 0 0 1
    outer loop
      vertex 27.4177 22.4233 5
      vertex 20.5 25.8333 5
      vertex 26.875 22.1985 5
    endloop
  endfacet
  facet normal -0 0 1
    outer loop
      vertex 15.5 30 5
      vertex 20.5 25.8333 5
      vertex 40.5 30 5
    endloop
  endfacet
  facet normal 0 0 1
    outer loop
      vertex 20.5 25.8333 5
      vertex 15.5 30 5
      vertex 15.5 25.8333 5
    endloop
  endfacet
  facet normal -0 0 1
    outer loop
      vertex 30.25 14.75 5
      vertex 40.5 5 5
      vertex 30.25 20.25 5
    endloop
  endfacet
  facet normal -0 0 1
    outer loop
      vertex 30.1733 14.1677 5
      vertex 40.5 5 5
      vertex 30.25 14.75 5
    endloop
  endfacet
  facet normal -0 0 1
    outer loop
      vertex 29.9485 13.625 5
      vertex 40.5 5 5
      vertex 30.1733 14.1677 5
    endloop
  endfacet
  facet normal -0 0 1
    outer loop
      vertex 29.591 13.159 5
      vertex 40.5 5 5
      vertex 29.9485 13.625 5
    endloop
  endfacet
  facet normal -0 0 1
    outer loop
      vertex 29.125 12.8015 5
      vertex 40.5 5 5
      vertex 29.591 13.159 5
    endloop
  endfacet
  facet normal -0 0 1
    outer loop
      vertex 28.5823 12.5767 5
      vertex 40.5 5 5
      vertex 29.125 12.8015 5
    endloop
  endfacet
  facet normal 0 0 1
    outer loop
      vertex 20.5 5 5
      vertex 28.5823 12.5767 5
      vertex 28 12.5 5
    endloop
  endfacet
  facet normal 0 0 1
    outer loop
      vertex 20.5 5 5
      vertex 28 12.5 5
      vertex 27.4177 12.5767 5
    endloop
  endfacet
  facet normal 0 0 1
    outer loop
      vertex 20.5 5 5
      vertex 27.4177 12.5767 5
      vertex 26.875 12.8015 5
    endloop
  endfacet
  facet normal 0 0 1
    outer loop
      vertex 20.5 5 5
      vertex 25.75 14.75 5
      vertex 20.5 25.8333 5
    endloop
  endfacet
  facet normal 0 0 1
    outer loop
      vertex 25.75 14.75 5
      vertex 20.5 5 5
      vertex 25.8267 14.1677 5
    endloop
  endfacet
  facet normal 0 0 1
    outer loop
      vertex 28.5823 12.5767 5
      vertex 20.5 5 5
      vertex 40.5 5 5
    endloop
  endfacet
  facet normal 0 0 1
    outer loop
      vertex 26.409 13.159 5
      vertex 20.5 5 5
      vertex 26.875 12.8015 5
    endloop
  endfacet
  facet normal 0 0 1
    outer loop
      vertex 26.0515 13.625 5
      vertex 20.5 5 5
      vertex 26.409 13.159 5
    endloop
  endfacet
  facet normal 0 0 1
    outer loop
      vertex 25.8267 14.1677 5
      vertex 20.5 5 5
      vertex 26.0515 13.625 5
    endloop
  endfacet
  facet normal 0 0 -1
    outer loop
      vertex 165.5 0 0
      vertex 155.25 14.75 0
      vertex 165.5 30 0
    endloop
  endfacet
  facet normal 0 0 -1
    outer loop
      vertex 165.5 0 0
      vertex 155.173 14.1677 0
      vertex 155.25 14.75 0
    endloop
  endfacet
  facet normal 0 0 -1
    outer loop
      vertex 165.5 0 0
      vertex 154.949 13.625 0
      vertex 155.173 14.1677 0
    endloop
  endfacet
  facet normal 0 0 -1
    outer loop
      vertex 165.5 0 0
      vertex 154.591 13.159 0
      vertex 154.949 13.625 0
    endloop
  endfacet
  facet normal 0 0 -1
    outer loop
      vertex 165.5 0 0
      vertex 154.125 12.8015 0
      vertex 154.591 13.159 0
    endloop
  endfacet
  facet normal 0 0 -1
    outer loop
      vertex 165.5 0 0
      vertex 153.582 12.5767 0
      vertex 154.125 12.8015 0
    endloop
  endfacet
  facet normal 0 0 -1
    outer loop
      vertex 165.5 0 0
      vertex 153 12.5 0
      vertex 153.582 12.5767 0
    endloop
  endfacet
  facet normal 0 0 -1
    outer loop
      vertex 140.5 5 0
      vertex 153 12.5 0
      vertex 165.5 0 0
    endloop
  endfacet
  facet normal -0 0 -1
    outer loop
      vertex 153 12.5 0
      vertex 140.5 5 0
      vertex 152.418 12.5767 0
    endloop
  endfacet
  facet normal -0 0 -1
    outer loop
      vertex 152.418 12.5767 0
      vertex 140.5 5 0
      vertex 151.875 12.8015 0
    endloop
  endfacet
  facet normal -0 0 -1
    outer loop
      vertex 150.75 14.75 0
      vertex 140.5 5 0
      vertex 150.75 20.25 0
    endloop
  endfacet
  facet normal -0 0 -1
    outer loop
      vertex 150.827 14.1677 0
      vertex 140.5 5 0
      vertex 150.75 14.75 0
    endloop
  endfacet
  facet normal -0 0 -1
    outer loop
      vertex 151.051 13.625 0
      vertex 140.5 5 0
      vertex 150.827 14.1677 0
    endloop
  endfacet
  facet normal -0 0 -1
    outer loop
      vertex 151.409 13.159 0
      vertex 140.5 5 0
      vertex 151.051 13.625 0
    endloop
  endfacet
  facet normal -0 0 -1
    outer loop
      vertex 151.875 12.8015 0
      vertex 140.5 5 0
      vertex 151.409 13.159 0
    endloop
  endfacet
  facet normal 0 0 -1
    outer loop
      vertex 165.5 0 0
      vertex 40.5 5 0
      vertex 140.5 5 0
    endloop
  endfacet
  facet normal 0 0 -1
    outer loop
      vertex 40.5 5 0
      vertex 30.25 14.75 0
      vertex 40.5 30 0
    endloop
  endfacet
  facet normal 0 0 -1
    outer loop
      vertex 40.5 5 0
      vertex 30.1733 14.1677 0
      vertex 30.25 14.75 0
    endloop
  endfacet
  facet normal 0 0 -1
    outer loop
      vertex 40.5 5 0
      vertex 29.9485 13.625 0
      vertex 30.1733 14.1677 0
    endloop
  endfacet
  facet normal 0 0 -1
    outer loop
      vertex 40.5 5 0
      vertex 29.591 13.159 0
      vertex 29.9485 13.625 0
    endloop
  endfacet
  facet normal 0 0 -1
    outer loop
      vertex 40.5 5 0
      vertex 29.125 12.8015 0
      vertex 29.591 13.159 0
    endloop
  endfacet
  facet normal 0 0 -1
    outer loop
      vertex 40.5 5 0
      vertex 28.5823 12.5767 0
      vertex 29.125 12.8015 0
    endloop
  endfacet
  facet normal 0 0 -1
    outer loop
      vertex 40.5 5 0
      vertex 28 12.5 0
      vertex 28.5823 12.5767 0
    endloop
  endfacet
  facet normal 0 0 -1
    outer loop
      vertex 15.5 0 0
      vertex 28 12.5 0
      vertex 40.5 5 0
    endloop
  endfacet
  facet normal -0 0 -1
    outer loop
      vertex 28 12.5 0
      vertex 15.5 0 0
      vertex 27.4177 12.5767 0
    endloop
  endfacet
  facet normal 0 0 -1
    outer loop
      vertex 15.5 30 0
      vertex 25.75 14.75 0
      vertex 15.5 0 0
    endloop
  endfacet
  facet normal -0 0 -1
    outer loop
      vertex 25.8267 14.1677 0
      vertex 15.5 0 0
      vertex 25.75 14.75 0
    endloop
  endfacet
  facet normal -0 0 -1
    outer loop
      vertex 26.0515 13.625 0
      vertex 15.5 0 0
      vertex 25.8267 14.1677 0
    endloop
  endfacet
  facet normal -0 0 -1
    outer loop
      vertex 26.409 13.159 0
      vertex 15.5 0 0
      vertex 26.0515 13.625 0
    endloop
  endfacet
  facet normal -0 0 -1
    outer loop
      vertex 26.875 12.8015 0
      vertex 15.5 0 0
      vertex 26.409 13.159 0
    endloop
  endfacet
  facet normal -0 0 -1
    outer loop
      vertex 27.4177 12.5767 0
      vertex 15.5 0 0
      vertex 26.875 12.8015 0
    endloop
  endfacet
  facet normal 0 0 -1
    outer loop
      vertex 15.5 0 0
      vertex 40.5 5 0
      vertex 165.5 0 0
    endloop
  endfacet
  facet normal 0 0 -1
    outer loop
      vertex 155.25 20.25 0
      vertex 165.5 30 0
      vertex 155.25 14.75 0
    endloop
  endfacet
  facet normal 0 0 -1
    outer loop
      vertex 155.173 20.8323 0
      vertex 165.5 30 0
      vertex 155.25 20.25 0
    endloop
  endfacet
  facet normal 0 0 -1
    outer loop
      vertex 154.949 21.375 0
      vertex 165.5 30 0
      vertex 155.173 20.8323 0
    endloop
  endfacet
  facet normal 0 0 -1
    outer loop
      vertex 154.591 21.841 0
      vertex 165.5 30 0
      vertex 154.949 21.375 0
    endloop
  endfacet
  facet normal 0 0 -1
    outer loop
      vertex 154.125 22.1985 0
      vertex 165.5 30 0
      vertex 154.591 21.841 0
    endloop
  endfacet
  facet normal 0 0 -1
    outer loop
      vertex 153.582 22.4233 0
      vertex 165.5 30 0
      vertex 154.125 22.1985 0
    endloop
  endfacet
  facet normal 0 0 -1
    outer loop
      vertex 153 22.5 0
      vertex 165.5 30 0
      vertex 153.582 22.4233 0
    endloop
  endfacet
  facet normal 0 0 -1
    outer loop
      vertex 140.5 30 0
      vertex 153 22.5 0
      vertex 152.418 22.4233 0
    endloop
  endfacet
  facet normal 0 0 -1
    outer loop
      vertex 140.5 30 0
      vertex 152.418 22.4233 0
      vertex 151.875 22.1985 0
    endloop
  endfacet
  facet normal 0 0 -1
    outer loop
      vertex 140.5 30 0
      vertex 150.75 20.25 0
      vertex 140.5 5 0
    endloop
  endfacet
  facet normal 0 0 -1
    outer loop
      vertex 150.75 20.25 0
      vertex 140.5 30 0
      vertex 150.827 20.8323 0
    endloop
  endfacet
  facet normal 0 0 -1
    outer loop
      vertex 153 22.5 0
      vertex 140.5 30 0
      vertex 165.5 30 0
    endloop
  endfacet
  facet normal 0 0 -1
    outer loop
      vertex 151.409 21.841 0
      vertex 140.5 30 0
      vertex 151.875 22.1985 0
    endloop
  endfacet
  facet normal 0 0 -1
    outer loop
      vertex 151.051 21.375 0
      vertex 140.5 30 0
      vertex 151.409 21.841 0
    endloop
  endfacet
  facet normal 0 0 -1
    outer loop
      vertex 150.827 20.8323 0
      vertex 140.5 30 0
      vertex 151.051 21.375 0
    endloop
  endfacet
  facet normal 0 0 -1
    outer loop
      vertex 30.25 20.25 0
      vertex 40.5 30 0
      vertex 30.25 14.75 0
    endloop
  endfacet
  facet normal 0 0 -1
    outer loop
      vertex 30.1733 20.8323 0
      vertex 40.5 30 0
      vertex 30.25 20.25 0
    endloop
  endfacet
  facet normal 0 0 -1
    outer loop
      vertex 29.9485 21.375 0
      vertex 40.5 30 0
      vertex 30.1733 20.8323 0
    endloop
  endfacet
  facet normal 0 0 -1
    outer loop
      vertex 29.591 21.841 0
      vertex 40.5 30 0
      vertex 29.9485 21.375 0
    endloop
  endfacet
  facet normal 0 0 -1
    outer loop
      vertex 29.125 22.1985 0
      vertex 40.5 30 0
      vertex 29.591 21.841 0
    endloop
  endfacet
  facet normal 0 0 -1
    outer loop
      vertex 28.5823 22.4233 0
      vertex 40.5 30 0
      vertex 29.125 22.1985 0
    endloop
  endfacet
  facet normal 0 0 -1
    outer loop
      vertex 28 22.5 0
      vertex 40.5 30 0
      vertex 28.5823 22.4233 0
    endloop
  endfacet
  facet normal 0 0 -1
    outer loop
      vertex 15.5 30 0
      vertex 28 22.5 0
      vertex 27.4177 22.4233 0
    endloop
  endfacet
  facet normal 0 0 -1
    outer loop
      vertex 15.5 30 0
      vertex 27.4177 22.4233 0
      vertex 26.875 22.1985 0
    endloop
  endfacet
  facet normal 0 0 -1
    outer loop
      vertex 25.75 14.75 0
      vertex 15.5 30 0
      vertex 25.75 20.25 0
    endloop
  endfacet
  facet normal 0 0 -1
    outer loop
      vertex 25.75 20.25 0
      vertex 15.5 30 0
      vertex 25.8267 20.8323 0
    endloop
  endfacet
  facet normal 0 0 -1
    outer loop
      vertex 28 22.5 0
      vertex 15.5 30 0
      vertex 40.5 30 0
    endloop
  endfacet
  facet normal 0 0 -1
    outer loop
      vertex 26.409 21.841 0
      vertex 15.5 30 0
      vertex 26.875 22.1985 0
    endloop
  endfacet
  facet normal 0 0 -1
    outer loop
      vertex 26.0515 21.375 0
      vertex 15.5 30 0
      vertex 26.409 21.841 0
    endloop
  endfacet
  facet normal 0 0 -1
    outer loop
      vertex 25.8267 20.8323 0
      vertex 15.5 30 0
      vertex 26.0515 21.375 0
    endloop
  endfacet
  facet normal -1 0 0
    outer loop
      vertex 15.5 30 0
      vertex 15.5 25.8333 5
      vertex 15.5 30 5
    endloop
  endfacet
  facet normal -1 0 0
    outer loop
      vertex 15.5 0 0
      vertex 15.5 25.8333 5
      vertex 15.5 30 0
    endloop
  endfacet
  facet normal -1 -0 0
    outer loop
      vertex 15.5 25.8333 5
      vertex 15.5 0 0
      vertex 15.5 5 30
    endloop
  endfacet
  facet normal -1 0 0
    outer loop
      vertex 15.5 0 150
      vertex 15.5 5 30
      vertex 15.5 0 0
    endloop
  endfacet
  facet normal -1 0 0
    outer loop
      vertex 15.5 5 30
      vertex 15.5 0 150
      vertex 15.5 5 150
    endloop
  endfacet
  facet normal 0 1 -0
    outer loop
      vertex 40.5 30 0
      vertex 15.5 30 5
      vertex 40.5 30 5
    endloop
  endfacet
  facet normal 0 1 0
    outer loop
      vertex 15.5 30 5
      vertex 40.5 30 0
      vertex 15.5 30 0
    endloop
  endfacet
  facet normal 0 -1 0
    outer loop
      vertex 145.241 0 32.9955
      vertex 152.311 0 14.9568
      vertex 152.75 0 15
    endloop
  endfacet
  facet normal 0 -1 0
    outer loop
      vertex 128.834 0 17.6286
      vertex 151.889 0 14.8287
      vertex 152.311 0 14.9568
    endloop
  endfacet
  facet normal 0 -1 0
    outer loop
      vertex 128.834 0 17.6286
      vertex 151.5 0 14.6208
      vertex 151.889 0 14.8287
    endloop
  endfacet
  facet normal 0 -1 0
    outer loop
      vertex 128.834 0 17.6286
      vertex 151.159 0 14.341
      vertex 151.5 0 14.6208
    endloop
  endfacet
  facet normal 0 -1 0
    outer loop
      vertex 128.834 0 17.6286
      vertex 150.879 0 14
      vertex 151.159 0 14.341
    endloop
  endfacet
  facet normal 0 -1 0
    outer loop
      vertex 128.834 0 17.6286
      vertex 150.671 0 13.611
      vertex 150.879 0 14
    endloop
  endfacet
  facet normal 0 -1 0
    outer loop
      vertex 128.834 0 17.6286
      vertex 150.543 0 13.189
      vertex 150.671 0 13.611
    endloop
  endfacet
  facet normal 0 -1 0
    outer loop
      vertex 151.159 0 11.159
      vertex 125 0 15.2442
      vertex 121.018 0 13.1158
    endloop
  endfacet
  facet normal 0 -1 0
    outer loop
      vertex 128.834 0 17.6286
      vertex 150.5 0 12.75
      vertex 150.543 0 13.189
    endloop
  endfacet
  facet normal 0 -1 0
    outer loop
      vertex 128.834 0 17.6286
      vertex 150.543 0 12.311
      vertex 150.5 0 12.75
    endloop
  endfacet
  facet normal 0 -1 0
    outer loop
      vertex 128.834 0 17.6286
      vertex 150.671 0 11.889
      vertex 150.543 0 12.311
    endloop
  endfacet
  facet normal 0 -1 0
    outer loop
      vertex 128.834 0 17.6286
      vertex 150.879 0 11.5
      vertex 150.671 0 11.889
    endloop
  endfacet
  facet normal 0 -1 0
    outer loop
      vertex 151.5 0 10.8792
      vertex 121.018 0 13.1158
      vertex 116.905 0 11.2523
    endloop
  endfacet
  facet normal 0 -1 0
    outer loop
      vertex 125 0 15.2442
      vertex 151.159 0 11.159
      vertex 150.879 0 11.5
    endloop
  endfacet
  facet normal 0 -1 0
    outer loop
      vertex 121.018 0 13.1158
      vertex 151.5 0 10.8792
      vertex 151.159 0 11.159
    endloop
  endfacet
  facet normal 0 -1 0
    outer loop
      vertex 116.905 0 11.2523
      vertex 151.889 0 10.6713
      vertex 151.5 0 10.8792
    endloop
  endfacet
  facet normal 0 -1 0
    outer loop
      vertex 165.5 0 0
      vertex 151.889 0 10.6713
      vertex 116.905 0 11.2523
    endloop
  endfacet
  facet normal 0 -1 0
    outer loop
      vertex 151.889 0 10.6713
      vertex 165.5 0 0
      vertex 152.311 0 10.5432
    endloop
  endfacet
  facet normal 0 -1 0
    outer loop
      vertex 165.5 0 0
      vertex 116.905 0 11.2523
      vertex 112.679 0 9.66182
    endloop
  endfacet
  facet normal 0 -1 0
    outer loop
      vertex 30.1208 0 14
      vertex 41.7096 0 26.2096
      vertex 29.841 0 14.341
    endloop
  endfacet
  facet normal 0 -1 -0
    outer loop
      vertex 41.7096 0 26.2096
      vertex 30.1208 0 14
      vertex 45.0051 0 23.1231
    endloop
  endfacet
  facet normal 0 -1 0
    outer loop
      vertex 30.3287 0 13.611
      vertex 45.0051 0 23.1231
      vertex 30.1208 0 14
    endloop
  endfacet
  facet normal 0 -1 0
    outer loop
      vertex 30.4568 0 13.189
      vertex 45.0051 0 23.1231
      vertex 30.3287 0 13.611
    endloop
  endfacet
  facet normal 0 -1 -0
    outer loop
      vertex 45.0051 0 23.1231
      vertex 30.4568 0 13.189
      vertex 48.4955 0 20.2586
    endloop
  endfacet
  facet normal 0 -1 0
    outer loop
      vertex 30.5 0 12.75
      vertex 48.4955 0 20.2586
      vertex 30.4568 0 13.189
    endloop
  endfacet
  facet normal 0 -1 0
    outer loop
      vertex 30.4568 0 12.311
      vertex 48.4955 0 20.2586
      vertex 30.5 0 12.75
    endloop
  endfacet
  facet normal 0 -1 -0
    outer loop
      vertex 48.4955 0 20.2586
      vertex 30.4568 0 12.311
      vertex 52.1657 0 17.6286
    endloop
  endfacet
  facet normal 0 -1 0
    outer loop
      vertex 30.3287 0 11.889
      vertex 52.1657 0 17.6286
      vertex 30.4568 0 12.311
    endloop
  endfacet
  facet normal 0 -1 0
    outer loop
      vertex 30.1208 0 11.5
      vertex 52.1657 0 17.6286
      vertex 30.3287 0 11.889
    endloop
  endfacet
  facet normal 0 -1 -0
    outer loop
      vertex 52.1657 0 17.6286
      vertex 30.1208 0 11.5
      vertex 56 0 15.2442
    endloop
  endfacet
  facet normal 0 -1 0
    outer loop
      vertex 29.841 0 11.159
      vertex 56 0 15.2442
      vertex 30.1208 0 11.5
    endloop
  endfacet
  facet normal 0 -1 -0
    outer loop
      vertex 56 0 15.2442
      vertex 29.841 0 11.159
      vertex 59.9821 0 13.1158
    endloop
  endfacet
  facet normal 0 -1 0
    outer loop
      vertex 29.5 0 10.8792
      vertex 59.9821 0 13.1158
      vertex 29.841 0 11.159
    endloop
  endfacet
  facet normal 0 -1 -0
    outer loop
      vertex 59.9821 0 13.1158
      vertex 29.5 0 10.8792
      vertex 64.0948 0 11.2523
    endloop
  endfacet
  facet normal 0 -1 0
    outer loop
      vertex 29.111 0 10.6713
      vertex 64.0948 0 11.2523
      vertex 29.5 0 10.8792
    endloop
  endfacet
  facet normal 0 -1 0
    outer loop
      vertex 15.5 0 0
      vertex 29.111 0 10.6713
      vertex 28.689 0 10.5432
    endloop
  endfacet
  facet normal 0 -1 0
    outer loop
      vertex 15.5 0 0
      vertex 28.689 0 10.5432
      vertex 28.25 0 10.5
    endloop
  endfacet
  facet normal 0 -1 -0
    outer loop
      vertex 29.111 0 10.6713
      vertex 15.5 0 0
      vertex 64.0948 0 11.2523
    endloop
  endfacet
  facet normal 0 -1 0
    outer loop
      vertex 165.5 0 150
      vertex 152.311 0 139.457
      vertex 152.75 0 139.5
    endloop
  endfacet
  facet normal 0 -1 0
    outer loop
      vertex 165.5 0 150
      vertex 151.889 0 139.329
      vertex 152.311 0 139.457
    endloop
  endfacet
  facet normal 0 -1 0
    outer loop
      vertex 165.5 0 150
      vertex 116.905 0 138.748
      vertex 151.889 0 139.329
    endloop
  endfacet
  facet normal 0 -1 0
    outer loop
      vertex 151.889 0 139.329
      vertex 116.905 0 138.748
      vertex 151.5 0 139.121
    endloop
  endfacet
  facet normal 0 -1 0
    outer loop
      vertex 121.018 0 136.884
      vertex 151.5 0 139.121
      vertex 116.905 0 138.748
    endloop
  endfacet
  facet normal 0 -1 0
    outer loop
      vertex 151.5 0 139.121
      vertex 121.018 0 136.884
      vertex 151.159 0 138.841
    endloop
  endfacet
  facet normal 0 -1 0
    outer loop
      vertex 125 0 134.756
      vertex 151.159 0 138.841
      vertex 121.018 0 136.884
    endloop
  endfacet
  facet normal 0 -1 0
    outer loop
      vertex 151.159 0 138.841
      vertex 125 0 134.756
      vertex 150.879 0 138.5
    endloop
  endfacet
  facet normal 0 -1 0
    outer loop
      vertex 128.834 0 132.371
      vertex 150.879 0 138.5
      vertex 125 0 134.756
    endloop
  endfacet
  facet normal 0 -1 0
    outer loop
      vertex 150.879 0 138.5
      vertex 128.834 0 132.371
      vertex 150.671 0 138.111
    endloop
  endfacet
  facet normal 0 -1 0
    outer loop
      vertex 150.671 0 138.111
      vertex 128.834 0 132.371
      vertex 150.543 0 137.689
    endloop
  endfacet
  facet normal 0 -1 0
    outer loop
      vertex 132.505 0 129.741
      vertex 150.543 0 137.689
      vertex 128.834 0 132.371
    endloop
  endfacet
  facet normal 0 -1 0
    outer loop
      vertex 150.543 0 137.689
      vertex 132.505 0 129.741
      vertex 150.5 0 137.25
    endloop
  endfacet
  facet normal 0 -1 -0
    outer loop
      vertex 150.5 0 137.25
      vertex 132.505 0 129.741
      vertex 150.543 0 136.811
    endloop
  endfacet
  facet normal 0 -1 0
    outer loop
      vertex 135.995 0 126.877
      vertex 150.543 0 136.811
      vertex 132.505 0 129.741
    endloop
  endfacet
  facet normal 0 -1 -0
    outer loop
      vertex 150.543 0 136.811
      vertex 135.995 0 126.877
      vertex 150.671 0 136.389
    endloop
  endfacet
  facet normal 0 -1 -0
    outer loop
      vertex 150.671 0 136.389
      vertex 135.995 0 126.877
      vertex 150.879 0 136
    endloop
  endfacet
  facet normal 0 -1 0
    outer loop
      vertex 139.29 0 123.79
      vertex 150.879 0 136
      vertex 135.995 0 126.877
    endloop
  endfacet
  facet normal 0 -1 -0
    outer loop
      vertex 150.879 0 136
      vertex 139.29 0 123.79
      vertex 151.159 0 135.659
    endloop
  endfacet
  facet normal 0 -1 0
    outer loop
      vertex 15.5 0 150
      vertex 90.5 0 144
      vertex 165.5 0 150
    endloop
  endfacet
  facet normal 0 -1 0
    outer loop
      vertex 15.5 0 150
      vertex 85.9872 0 143.852
      vertex 90.5 0 144
    endloop
  endfacet
  facet normal 0 -1 0
    outer loop
      vertex 15.5 0 150
      vertex 81.4937 0 143.41
      vertex 85.9872 0 143.852
    endloop
  endfacet
  facet normal 0 -1 0
    outer loop
      vertex 15.5 0 150
      vertex 77.0388 0 142.674
      vertex 81.4937 0 143.41
    endloop
  endfacet
  facet normal 0 -1 0
    outer loop
      vertex 15.5 0 150
      vertex 72.6415 0 141.649
      vertex 77.0388 0 142.674
    endloop
  endfacet
  facet normal 0 -1 0
    outer loop
      vertex 15.5 0 150
      vertex 68.3207 0 140.338
      vertex 72.6415 0 141.649
    endloop
  endfacet
  facet normal 0 -1 0
    outer loop
      vertex 28.689 0 139.457
      vertex 15.5 0 150
      vertex 28.25 0 139.5
    endloop
  endfacet
  facet normal 0 -1 0
    outer loop
      vertex 15.5 0 150
      vertex 27.811 0 139.457
      vertex 28.25 0 139.5
    endloop
  endfacet
  facet normal 0 -1 0
    outer loop
      vertex 15.5 0 150
      vertex 27.389 0 139.329
      vertex 27.811 0 139.457
    endloop
  endfacet
  facet normal 0 -1 0
    outer loop
      vertex 15.5 0 150
      vertex 27 0 139.121
      vertex 27.389 0 139.329
    endloop
  endfacet
  facet normal 0 -1 0
    outer loop
      vertex 15.5 0 150
      vertex 26.659 0 138.841
      vertex 27 0 139.121
    endloop
  endfacet
  facet normal 0 -1 0
    outer loop
      vertex 15.5 0 150
      vertex 26.3792 0 138.5
      vertex 26.659 0 138.841
    endloop
  endfacet
  facet normal 0 -1 0
    outer loop
      vertex 15.5 0 150
      vertex 26.1713 0 138.111
      vertex 26.3792 0 138.5
    endloop
  endfacet
  facet normal 0 -1 0
    outer loop
      vertex 15.5 0 150
      vertex 26.0432 0 137.689
      vertex 26.1713 0 138.111
    endloop
  endfacet
  facet normal 0 -1 0
    outer loop
      vertex 15.5 0 150
      vertex 26 0 137.25
      vertex 26.0432 0 137.689
    endloop
  endfacet
  facet normal 0 -1 0
    outer loop
      vertex 15.5 0 150
      vertex 26.0432 0 136.811
      vertex 26 0 137.25
    endloop
  endfacet
  facet normal 0 -1 0
    outer loop
      vertex 15.5 0 150
      vertex 26.1713 0 136.389
      vertex 26.0432 0 136.811
    endloop
  endfacet
  facet normal 0 -1 0
    outer loop
      vertex 26.7523 0 101.405
      vertex 26.1713 0 136.389
      vertex 15.5 0 150
    endloop
  endfacet
  facet normal 0 -1 0
    outer loop
      vertex 30.1208 0 138.5
      vertex 52.1657 0 132.371
      vertex 56 0 134.756
    endloop
  endfacet
  facet normal 0 -1 0
    outer loop
      vertex 35.7586 0 117.005
      vertex 28.25 0 135
      vertex 27.811 0 135.043
    endloop
  endfacet
  facet normal 0 -1 0
    outer loop
      vertex 28.689 0 135.043
      vertex 48.4955 0 129.741
      vertex 52.1657 0 132.371
    endloop
  endfacet
  facet normal 0 -1 0
    outer loop
      vertex 28.689 0 135.043
      vertex 45.0051 0 126.877
      vertex 48.4955 0 129.741
    endloop
  endfacet
  facet normal 0 -1 0
    outer loop
      vertex 33.1286 0 113.334
      vertex 27.811 0 135.043
      vertex 27.389 0 135.171
    endloop
  endfacet
  facet normal 0 -1 0
    outer loop
      vertex 28.689 0 135.043
      vertex 41.7096 0 123.79
      vertex 45.0051 0 126.877
    endloop
  endfacet
  facet normal 0 -1 0
    outer loop
      vertex 33.1286 0 113.334
      vertex 27.389 0 135.171
      vertex 27 0 135.379
    endloop
  endfacet
  facet normal 0 -1 0
    outer loop
      vertex 28.689 0 135.043
      vertex 38.6231 0 120.495
      vertex 41.7096 0 123.79
    endloop
  endfacet
  facet normal 0 -1 0
    outer loop
      vertex 30.7442 0 109.5
      vertex 27 0 135.379
      vertex 26.659 0 135.659
    endloop
  endfacet
  facet normal 0 -1 0
    outer loop
      vertex 28.6158 0 105.518
      vertex 26.659 0 135.659
      vertex 26.3792 0 136
    endloop
  endfacet
  facet normal 0 -1 0
    outer loop
      vertex 28.689 0 135.043
      vertex 35.7586 0 117.005
      vertex 38.6231 0 120.495
    endloop
  endfacet
  facet normal 0 -1 0
    outer loop
      vertex 26.1713 0 136.389
      vertex 26.7523 0 101.405
      vertex 26.3792 0 136
    endloop
  endfacet
  facet normal 0 -1 0
    outer loop
      vertex 27.811 0 135.043
      vertex 33.1286 0 113.334
      vertex 35.7586 0 117.005
    endloop
  endfacet
  facet normal 0 -1 0
    outer loop
      vertex 27 0 135.379
      vertex 30.7442 0 109.5
      vertex 33.1286 0 113.334
    endloop
  endfacet
  facet normal 0 -1 0
    outer loop
      vertex 26.659 0 135.659
      vertex 28.6158 0 105.518
      vertex 30.7442 0 109.5
    endloop
  endfacet
  facet normal 0 -1 0
    outer loop
      vertex 26.3792 0 136
      vertex 26.7523 0 101.405
      vertex 28.6158 0 105.518
    endloop
  endfacet
  facet normal 0 -1 0
    outer loop
      vertex 15.5 0 150
      vertex 25.1618 0 97.1793
      vertex 26.7523 0 101.405
    endloop
  endfacet
  facet normal 0 -1 0
    outer loop
      vertex 15.5 0 150
      vertex 23.8511 0 92.8585
      vertex 25.1618 0 97.1793
    endloop
  endfacet
  facet normal 0 -1 0
    outer loop
      vertex 15.5 0 150
      vertex 22.8258 0 88.4612
      vertex 23.8511 0 92.8585
    endloop
  endfacet
  facet normal 0 -1 0
    outer loop
      vertex 15.5 0 150
      vertex 22.0903 0 84.0063
      vertex 22.8258 0 88.4612
    endloop
  endfacet
  facet normal 0 -1 0
    outer loop
      vertex 15.5 0 150
      vertex 21.6477 0 79.5128
      vertex 22.0903 0 84.0063
    endloop
  endfacet
  facet normal 0 -1 0
    outer loop
      vertex 15.5 0 150
      vertex 21.5 0 75
      vertex 21.6477 0 79.5128
    endloop
  endfacet
  facet normal 0 -1 0
    outer loop
      vertex 15.5 0 0
      vertex 21.5 0 75
      vertex 15.5 0 150
    endloop
  endfacet
  facet normal 0 -1 0
    outer loop
      vertex 29.841 0 14.341
      vertex 41.7096 0 26.2096
      vertex 29.5 0 14.6208
    endloop
  endfacet
  facet normal 0 -1 -0
    outer loop
      vertex 38.6231 0 29.5051
      vertex 29.5 0 14.6208
      vertex 41.7096 0 26.2096
    endloop
  endfacet
  facet normal 0 -1 0
    outer loop
      vertex 29.5 0 14.6208
      vertex 38.6231 0 29.5051
      vertex 29.111 0 14.8287
    endloop
  endfacet
  facet normal 0 -1 0
    outer loop
      vertex 29.111 0 14.8287
      vertex 38.6231 0 29.5051
      vertex 28.689 0 14.9568
    endloop
  endfacet
  facet normal 0 -1 -0
    outer loop
      vertex 35.7586 0 32.9955
      vertex 28.689 0 14.9568
      vertex 38.6231 0 29.5051
    endloop
  endfacet
  facet normal 0 -1 0
    outer loop
      vertex 28.689 0 14.9568
      vertex 35.7586 0 32.9955
      vertex 28.25 0 15
    endloop
  endfacet
  facet normal 0 -1 0
    outer loop
      vertex 27.811 0 14.9568
      vertex 35.7586 0 32.9955
      vertex 33.1286 0 36.6657
    endloop
  endfacet
  facet normal 0 -1 0
    outer loop
      vertex 27 0 14.6208
      vertex 33.1286 0 36.6657
      vertex 30.7442 0 40.5
    endloop
  endfacet
  facet normal 0 -1 0
    outer loop
      vertex 26.659 0 14.341
      vertex 30.7442 0 40.5
      vertex 28.6158 0 44.4821
    endloop
  endfacet
  facet normal 0 -1 0
    outer loop
      vertex 26.3792 0 14
      vertex 28.6158 0 44.4821
      vertex 26.7523 0 48.5948
    endloop
  endfacet
  facet normal 0 -1 0
    outer loop
      vertex 15.5 0 0
      vertex 26.7523 0 48.5948
      vertex 25.1618 0 52.8207
    endloop
  endfacet
  facet normal 0 -1 0
    outer loop
      vertex 15.5 0 0
      vertex 25.1618 0 52.8207
      vertex 23.8511 0 57.1415
    endloop
  endfacet
  facet normal 0 -1 0
    outer loop
      vertex 15.5 0 0
      vertex 23.8511 0 57.1415
      vertex 22.8258 0 61.5388
    endloop
  endfacet
  facet normal 0 -1 0
    outer loop
      vertex 15.5 0 0
      vertex 22.8258 0 61.5388
      vertex 22.0903 0 65.9937
    endloop
  endfacet
  facet normal 0 -1 0
    outer loop
      vertex 35.7586 0 32.9955
      vertex 27.811 0 14.9568
      vertex 28.25 0 15
    endloop
  endfacet
  facet normal 0 -1 0
    outer loop
      vertex 33.1286 0 36.6657
      vertex 27.389 0 14.8287
      vertex 27.811 0 14.9568
    endloop
  endfacet
  facet normal 0 -1 0
    outer loop
      vertex 33.1286 0 36.6657
      vertex 27 0 14.6208
      vertex 27.389 0 14.8287
    endloop
  endfacet
  facet normal 0 -1 0
    outer loop
      vertex 15.5 0 0
      vertex 22.0903 0 65.9937
      vertex 21.6477 0 70.4872
    endloop
  endfacet
  facet normal 0 -1 0
    outer loop
      vertex 30.7442 0 40.5
      vertex 26.659 0 14.341
      vertex 27 0 14.6208
    endloop
  endfacet
  facet normal 0 -1 0
    outer loop
      vertex 28.6158 0 44.4821
      vertex 26.3792 0 14
      vertex 26.659 0 14.341
    endloop
  endfacet
  facet normal 0 -1 0
    outer loop
      vertex 26.7523 0 48.5948
      vertex 26.1713 0 13.611
      vertex 26.3792 0 14
    endloop
  endfacet
  facet normal 0 -1 0
    outer loop
      vertex 26.7523 0 48.5948
      vertex 15.5 0 0
      vertex 26.1713 0 13.611
    endloop
  endfacet
  facet normal 0 -1 -0
    outer loop
      vertex 21.5 0 75
      vertex 15.5 0 0
      vertex 21.6477 0 70.4872
    endloop
  endfacet
  facet normal 0 -1 0
    outer loop
      vertex 26.1713 0 13.611
      vertex 15.5 0 0
      vertex 26.0432 0 13.189
    endloop
  endfacet
  facet normal 0 -1 -0
    outer loop
      vertex 64.0948 0 11.2523
      vertex 15.5 0 0
      vertex 68.3207 0 9.66182
    endloop
  endfacet
  facet normal 0 -1 -0
    outer loop
      vertex 68.3207 0 9.66182
      vertex 15.5 0 0
      vertex 72.6415 0 8.35112
    endloop
  endfacet
  facet normal 0 -1 -0
    outer loop
      vertex 72.6415 0 8.35112
      vertex 15.5 0 0
      vertex 77.0388 0 7.32582
    endloop
  endfacet
  facet normal 0 -1 -0
    outer loop
      vertex 77.0388 0 7.32582
      vertex 15.5 0 0
      vertex 81.4937 0 6.5903
    endloop
  endfacet
  facet normal 0 -1 -0
    outer loop
      vertex 85.9872 0 6.14773
      vertex 15.5 0 0
      vertex 90.5 0 6
    endloop
  endfacet
  facet normal 0 -1 -0
    outer loop
      vertex 81.4937 0 6.5903
      vertex 15.5 0 0
      vertex 85.9872 0 6.14773
    endloop
  endfacet
  facet normal 0 -1 -0
    outer loop
      vertex 27.811 0 10.5432
      vertex 15.5 0 0
      vertex 28.25 0 10.5
    endloop
  endfacet
  facet normal 0 -1 -0
    outer loop
      vertex 27.389 0 10.6713
      vertex 15.5 0 0
      vertex 27.811 0 10.5432
    endloop
  endfacet
  facet normal 0 -1 -0
    outer loop
      vertex 27 0 10.8792
      vertex 15.5 0 0
      vertex 27.389 0 10.6713
    endloop
  endfacet
  facet normal 0 -1 -0
    outer loop
      vertex 26.659 0 11.159
      vertex 15.5 0 0
      vertex 27 0 10.8792
    endloop
  endfacet
  facet normal 0 -1 -0
    outer loop
      vertex 26.3792 0 11.5
      vertex 15.5 0 0
      vertex 26.659 0 11.159
    endloop
  endfacet
  facet normal 0 -1 -0
    outer loop
      vertex 26.1713 0 11.889
      vertex 15.5 0 0
      vertex 26.3792 0 11.5
    endloop
  endfacet
  facet normal 0 -1 -0
    outer loop
      vertex 26.0432 0 12.311
      vertex 15.5 0 0
      vertex 26.1713 0 11.889
    endloop
  endfacet
  facet normal 0 -1 -0
    outer loop
      vertex 26 0 12.75
      vertex 15.5 0 0
      vertex 26.0432 0 12.311
    endloop
  endfacet
  facet normal 0 -1 0
    outer loop
      vertex 26.0432 0 13.189
      vertex 15.5 0 0
      vertex 26 0 12.75
    endloop
  endfacet
  facet normal 0 -1 0
    outer loop
      vertex 95.0128 0 143.852
      vertex 165.5 0 150
      vertex 90.5 0 144
    endloop
  endfacet
  facet normal 0 -1 0
    outer loop
      vertex 99.5063 0 143.41
      vertex 165.5 0 150
      vertex 95.0128 0 143.852
    endloop
  endfacet
  facet normal 0 -1 0
    outer loop
      vertex 103.961 0 142.674
      vertex 165.5 0 150
      vertex 99.5063 0 143.41
    endloop
  endfacet
  facet normal 0 -1 0
    outer loop
      vertex 108.359 0 141.649
      vertex 165.5 0 150
      vertex 103.961 0 142.674
    endloop
  endfacet
  facet normal 0 -1 0
    outer loop
      vertex 112.679 0 140.338
      vertex 165.5 0 150
      vertex 108.359 0 141.649
    endloop
  endfacet
  facet normal 0 -1 0
    outer loop
      vertex 116.905 0 138.748
      vertex 165.5 0 150
      vertex 112.679 0 140.338
    endloop
  endfacet
  facet normal 0 -1 0
    outer loop
      vertex 153.189 0 139.457
      vertex 165.5 0 150
      vertex 152.75 0 139.5
    endloop
  endfacet
  facet normal 0 -1 0
    outer loop
      vertex 153.611 0 139.329
      vertex 165.5 0 150
      vertex 153.189 0 139.457
    endloop
  endfacet
  facet normal 0 -1 0
    outer loop
      vertex 154 0 139.121
      vertex 165.5 0 150
      vertex 153.611 0 139.329
    endloop
  endfacet
  facet normal 0 -1 0
    outer loop
      vertex 154.341 0 138.841
      vertex 165.5 0 150
      vertex 154 0 139.121
    endloop
  endfacet
  facet normal 0 -1 0
    outer loop
      vertex 154.621 0 138.5
      vertex 165.5 0 150
      vertex 154.341 0 138.841
    endloop
  endfacet
  facet normal 0 -1 0
    outer loop
      vertex 154.829 0 138.111
      vertex 165.5 0 150
      vertex 154.621 0 138.5
    endloop
  endfacet
  facet normal 0 -1 0
    outer loop
      vertex 154.957 0 137.689
      vertex 165.5 0 150
      vertex 154.829 0 138.111
    endloop
  endfacet
  facet normal 0 -1 0
    outer loop
      vertex 155 0 137.25
      vertex 165.5 0 150
      vertex 154.957 0 137.689
    endloop
  endfacet
  facet normal 0 -1 0
    outer loop
      vertex 154.957 0 136.811
      vertex 165.5 0 150
      vertex 155 0 137.25
    endloop
  endfacet
  facet normal 0 -1 0
    outer loop
      vertex 154.829 0 136.389
      vertex 165.5 0 150
      vertex 154.957 0 136.811
    endloop
  endfacet
  facet normal 0 -1 0
    outer loop
      vertex 154.248 0 101.405
      vertex 154.829 0 136.389
      vertex 154.621 0 136
    endloop
  endfacet
  facet normal 0 -1 -0
    outer loop
      vertex 151.159 0 135.659
      vertex 139.29 0 123.79
      vertex 151.5 0 135.379
    endloop
  endfacet
  facet normal 0 -1 0
    outer loop
      vertex 142.377 0 120.495
      vertex 151.5 0 135.379
      vertex 139.29 0 123.79
    endloop
  endfacet
  facet normal 0 -1 -0
    outer loop
      vertex 151.5 0 135.379
      vertex 142.377 0 120.495
      vertex 151.889 0 135.171
    endloop
  endfacet
  facet normal 0 -1 -0
    outer loop
      vertex 151.889 0 135.171
      vertex 142.377 0 120.495
      vertex 152.311 0 135.043
    endloop
  endfacet
  facet normal 0 -1 0
    outer loop
      vertex 145.241 0 117.005
      vertex 152.311 0 135.043
      vertex 142.377 0 120.495
    endloop
  endfacet
  facet normal 0 -1 -0
    outer loop
      vertex 152.311 0 135.043
      vertex 145.241 0 117.005
      vertex 152.75 0 135
    endloop
  endfacet
  facet normal 0 -1 -0
    outer loop
      vertex 152.75 0 135
      vertex 145.241 0 117.005
      vertex 153.189 0 135.043
    endloop
  endfacet
  facet normal 0 -1 0
    outer loop
      vertex 147.871 0 113.334
      vertex 153.189 0 135.043
      vertex 145.241 0 117.005
    endloop
  endfacet
  facet normal 0 -1 -0
    outer loop
      vertex 153.189 0 135.043
      vertex 147.871 0 113.334
      vertex 153.611 0 135.171
    endloop
  endfacet
  facet normal 0 -1 -0
    outer loop
      vertex 153.611 0 135.171
      vertex 147.871 0 113.334
      vertex 154 0 135.379
    endloop
  endfacet
  facet normal 0 -1 0
    outer loop
      vertex 150.256 0 109.5
      vertex 154 0 135.379
      vertex 147.871 0 113.334
    endloop
  endfacet
  facet normal 0 -1 -0
    outer loop
      vertex 154 0 135.379
      vertex 150.256 0 109.5
      vertex 154.341 0 135.659
    endloop
  endfacet
  facet normal 0 -1 0
    outer loop
      vertex 152.384 0 105.518
      vertex 154.341 0 135.659
      vertex 150.256 0 109.5
    endloop
  endfacet
  facet normal 0 -1 -0
    outer loop
      vertex 154.341 0 135.659
      vertex 152.384 0 105.518
      vertex 154.621 0 136
    endloop
  endfacet
  facet normal 0 -1 0
    outer loop
      vertex 154.248 0 101.405
      vertex 154.621 0 136
      vertex 152.384 0 105.518
    endloop
  endfacet
  facet normal 0 -1 -0
    outer loop
      vertex 154.829 0 136.389
      vertex 154.248 0 101.405
      vertex 165.5 0 150
    endloop
  endfacet
  facet normal 0 -1 0
    outer loop
      vertex 155.838 0 97.1793
      vertex 165.5 0 150
      vertex 154.248 0 101.405
    endloop
  endfacet
  facet normal 0 -1 0
    outer loop
      vertex 157.149 0 92.8585
      vertex 165.5 0 150
      vertex 155.838 0 97.1793
    endloop
  endfacet
  facet normal 0 -1 0
    outer loop
      vertex 158.174 0 88.4612
      vertex 165.5 0 150
      vertex 157.149 0 92.8585
    endloop
  endfacet
  facet normal 0 -1 0
    outer loop
      vertex 158.91 0 84.0063
      vertex 165.5 0 150
      vertex 158.174 0 88.4612
    endloop
  endfacet
  facet normal 0 -1 0
    outer loop
      vertex 159.352 0 79.5128
      vertex 165.5 0 150
      vertex 158.91 0 84.0063
    endloop
  endfacet
  facet normal 0 -1 0
    outer loop
      vertex 159.5 0 75
      vertex 165.5 0 150
      vertex 159.352 0 79.5128
    endloop
  endfacet
  facet normal 0 -1 0
    outer loop
      vertex 165.5 0 0
      vertex 159.5 0 75
      vertex 159.352 0 70.4872
    endloop
  endfacet
  facet normal 0 -1 0
    outer loop
      vertex 150.879 0 11.5
      vertex 128.834 0 17.6286
      vertex 125 0 15.2442
    endloop
  endfacet
  facet normal 0 -1 0
    outer loop
      vertex 152.311 0 14.9568
      vertex 132.505 0 20.2586
      vertex 128.834 0 17.6286
    endloop
  endfacet
  facet normal 0 -1 0
    outer loop
      vertex 152.311 0 14.9568
      vertex 135.995 0 23.1231
      vertex 132.505 0 20.2586
    endloop
  endfacet
  facet normal 0 -1 0
    outer loop
      vertex 152.311 0 14.9568
      vertex 139.29 0 26.2096
      vertex 135.995 0 23.1231
    endloop
  endfacet
  facet normal 0 -1 0
    outer loop
      vertex 152.311 0 14.9568
      vertex 142.377 0 29.5051
      vertex 139.29 0 26.2096
    endloop
  endfacet
  facet normal 0 -1 0
    outer loop
      vertex 152.311 0 14.9568
      vertex 145.241 0 32.9955
      vertex 142.377 0 29.5051
    endloop
  endfacet
  facet normal 0 -1 0
    outer loop
      vertex 153.189 0 14.9568
      vertex 145.241 0 32.9955
      vertex 152.75 0 15
    endloop
  endfacet
  facet normal 0 -1 0
    outer loop
      vertex 145.241 0 32.9955
      vertex 153.189 0 14.9568
      vertex 147.871 0 36.6657
    endloop
  endfacet
  facet normal 0 -1 0
    outer loop
      vertex 153.611 0 14.8287
      vertex 147.871 0 36.6657
      vertex 153.189 0 14.9568
    endloop
  endfacet
  facet normal 0 -1 0
    outer loop
      vertex 154 0 14.6208
      vertex 147.871 0 36.6657
      vertex 153.611 0 14.8287
    endloop
  endfacet
  facet normal 0 -1 0
    outer loop
      vertex 147.871 0 36.6657
      vertex 154 0 14.6208
      vertex 150.256 0 40.5
    endloop
  endfacet
  facet normal 0 -1 0
    outer loop
      vertex 154.341 0 14.341
      vertex 150.256 0 40.5
      vertex 154 0 14.6208
    endloop
  endfacet
  facet normal 0 -1 0
    outer loop
      vertex 150.256 0 40.5
      vertex 154.341 0 14.341
      vertex 152.384 0 44.4821
    endloop
  endfacet
  facet normal 0 -1 0
    outer loop
      vertex 154.621 0 14
      vertex 152.384 0 44.4821
      vertex 154.341 0 14.341
    endloop
  endfacet
  facet normal 0 -1 0
    outer loop
      vertex 152.384 0 44.4821
      vertex 154.621 0 14
      vertex 154.248 0 48.5948
    endloop
  endfacet
  facet normal 0 -1 0
    outer loop
      vertex 154.829 0 13.611
      vertex 154.248 0 48.5948
      vertex 154.621 0 14
    endloop
  endfacet
  facet normal 0 -1 0
    outer loop
      vertex 165.5 0 0
      vertex 154.248 0 48.5948
      vertex 154.829 0 13.611
    endloop
  endfacet
  facet normal 0 -1 0
    outer loop
      vertex 154.248 0 48.5948
      vertex 165.5 0 0
      vertex 155.838 0 52.8207
    endloop
  endfacet
  facet normal 0 -1 0
    outer loop
      vertex 155.838 0 52.8207
      vertex 165.5 0 0
      vertex 157.149 0 57.1415
    endloop
  endfacet
  facet normal 0 -1 0
    outer loop
      vertex 157.149 0 57.1415
      vertex 165.5 0 0
      vertex 158.174 0 61.5388
    endloop
  endfacet
  facet normal 0 -1 0
    outer loop
      vertex 158.174 0 61.5388
      vertex 165.5 0 0
      vertex 158.91 0 65.9937
    endloop
  endfacet
  facet normal 0 -1 0
    outer loop
      vertex 165.5 0 0
      vertex 154.829 0 13.611
      vertex 154.957 0 13.189
    endloop
  endfacet
  facet normal 0 -1 0
    outer loop
      vertex 158.91 0 65.9937
      vertex 165.5 0 0
      vertex 159.352 0 70.4872
    endloop
  endfacet
  facet normal 0 -1 0
    outer loop
      vertex 165.5 0 0
      vertex 154.957 0 13.189
      vertex 155 0 12.75
    endloop
  endfacet
  facet normal 0 -1 0
    outer loop
      vertex 165.5 0 0
      vertex 112.679 0 9.66182
      vertex 108.359 0 8.35112
    endloop
  endfacet
  facet normal 0 -1 0
    outer loop
      vertex 165.5 0 0
      vertex 108.359 0 8.35112
      vertex 103.961 0 7.32582
    endloop
  endfacet
  facet normal 0 -1 0
    outer loop
      vertex 165.5 0 0
      vertex 103.961 0 7.32582
      vertex 99.5063 0 6.5903
    endloop
  endfacet
  facet normal 0 -1 0
    outer loop
      vertex 165.5 0 0
      vertex 99.5063 0 6.5903
      vertex 95.0128 0 6.14773
    endloop
  endfacet
  facet normal 0 -1 0
    outer loop
      vertex 165.5 0 0
      vertex 90.5 0 6
      vertex 15.5 0 0
    endloop
  endfacet
  facet normal 0 -1 0
    outer loop
      vertex 90.5 0 6
      vertex 165.5 0 0
      vertex 95.0128 0 6.14773
    endloop
  endfacet
  facet normal 0 -1 0
    outer loop
      vertex 159.5 0 75
      vertex 165.5 0 0
      vertex 165.5 0 150
    endloop
  endfacet
  facet normal 0 -1 0
    outer loop
      vertex 154.957 0 12.311
      vertex 165.5 0 0
      vertex 155 0 12.75
    endloop
  endfacet
  facet normal 0 -1 0
    outer loop
      vertex 154.829 0 11.889
      vertex 165.5 0 0
      vertex 154.957 0 12.311
    endloop
  endfacet
  facet normal 0 -1 0
    outer loop
      vertex 154.621 0 11.5
      vertex 165.5 0 0
      vertex 154.829 0 11.889
    endloop
  endfacet
  facet normal 0 -1 0
    outer loop
      vertex 154.341 0 11.159
      vertex 165.5 0 0
      vertex 154.621 0 11.5
    endloop
  endfacet
  facet normal 0 -1 0
    outer loop
      vertex 154 0 10.8792
      vertex 165.5 0 0
      vertex 154.341 0 11.159
    endloop
  endfacet
  facet normal 0 -1 0
    outer loop
      vertex 153.611 0 10.6713
      vertex 165.5 0 0
      vertex 154 0 10.8792
    endloop
  endfacet
  facet normal 0 -1 0
    outer loop
      vertex 153.189 0 10.5432
      vertex 165.5 0 0
      vertex 153.611 0 10.6713
    endloop
  endfacet
  facet normal 0 -1 0
    outer loop
      vertex 152.75 0 10.5
      vertex 165.5 0 0
      vertex 153.189 0 10.5432
    endloop
  endfacet
  facet normal 0 -1 0
    outer loop
      vertex 152.311 0 10.5432
      vertex 165.5 0 0
      vertex 152.75 0 10.5
    endloop
  endfacet
  facet normal 0 -1 0
    outer loop
      vertex 29.111 0 139.329
      vertex 15.5 0 150
      vertex 28.689 0 139.457
    endloop
  endfacet
  facet normal 0 -1 0
    outer loop
      vertex 64.0948 0 138.748
      vertex 15.5 0 150
      vertex 29.111 0 139.329
    endloop
  endfacet
  facet normal 0 -1 0
    outer loop
      vertex 64.0948 0 138.748
      vertex 29.111 0 139.329
      vertex 29.5 0 139.121
    endloop
  endfacet
  facet normal 0 -1 0
    outer loop
      vertex 59.9821 0 136.884
      vertex 29.5 0 139.121
      vertex 29.841 0 138.841
    endloop
  endfacet
  facet normal 0 -1 0
    outer loop
      vertex 15.5 0 150
      vertex 64.0948 0 138.748
      vertex 68.3207 0 140.338
    endloop
  endfacet
  facet normal 0 -1 0
    outer loop
      vertex 56 0 134.756
      vertex 29.841 0 138.841
      vertex 30.1208 0 138.5
    endloop
  endfacet
  facet normal 0 -1 0
    outer loop
      vertex 52.1657 0 132.371
      vertex 30.1208 0 138.5
      vertex 30.3287 0 138.111
    endloop
  endfacet
  facet normal 0 -1 0
    outer loop
      vertex 52.1657 0 132.371
      vertex 30.3287 0 138.111
      vertex 30.4568 0 137.689
    endloop
  endfacet
  facet normal 0 -1 0
    outer loop
      vertex 52.1657 0 132.371
      vertex 30.4568 0 137.689
      vertex 30.5 0 137.25
    endloop
  endfacet
  facet normal 0 -1 0
    outer loop
      vertex 29.5 0 139.121
      vertex 59.9821 0 136.884
      vertex 64.0948 0 138.748
    endloop
  endfacet
  facet normal 0 -1 0
    outer loop
      vertex 52.1657 0 132.371
      vertex 30.5 0 137.25
      vertex 30.4568 0 136.811
    endloop
  endfacet
  facet normal 0 -1 0
    outer loop
      vertex 52.1657 0 132.371
      vertex 30.4568 0 136.811
      vertex 30.3287 0 136.389
    endloop
  endfacet
  facet normal 0 -1 0
    outer loop
      vertex 52.1657 0 132.371
      vertex 30.3287 0 136.389
      vertex 30.1208 0 136
    endloop
  endfacet
  facet normal 0 -1 0
    outer loop
      vertex 52.1657 0 132.371
      vertex 30.1208 0 136
      vertex 29.841 0 135.659
    endloop
  endfacet
  facet normal 0 -1 0
    outer loop
      vertex 52.1657 0 132.371
      vertex 29.841 0 135.659
      vertex 29.5 0 135.379
    endloop
  endfacet
  facet normal 0 -1 0
    outer loop
      vertex 52.1657 0 132.371
      vertex 29.5 0 135.379
      vertex 29.111 0 135.171
    endloop
  endfacet
  facet normal 0 -1 0
    outer loop
      vertex 52.1657 0 132.371
      vertex 29.111 0 135.171
      vertex 28.689 0 135.043
    endloop
  endfacet
  facet normal 0 -1 0
    outer loop
      vertex 35.7586 0 117.005
      vertex 28.689 0 135.043
      vertex 28.25 0 135
    endloop
  endfacet
  facet normal 0 -1 0
    outer loop
      vertex 29.841 0 138.841
      vertex 56 0 134.756
      vertex 59.9821 0 136.884
    endloop
  endfacet
  facet normal 1 0 0
    outer loop
      vertex 165.5 5 150
      vertex 165.5 0 150
      vertex 165.5 5 30
    endloop
  endfacet
  facet normal 1 -0 0
    outer loop
      vertex 165.5 25.8333 5
      vertex 165.5 30 0
      vertex 165.5 30 5
    endloop
  endfacet
  facet normal 1 0 0
    outer loop
      vertex 165.5 0 0
      vertex 165.5 25.8333 5
      vertex 165.5 5 30
    endloop
  endfacet
  facet normal 1 0 0
    outer loop
      vertex 165.5 25.8333 5
      vertex 165.5 0 0
      vertex 165.5 30 0
    endloop
  endfacet
  facet normal 1 0 0
    outer loop
      vertex 165.5 0 0
      vertex 165.5 5 30
      vertex 165.5 0 150
    endloop
  endfacet
  facet normal 0 0 1
    outer loop
      vertex 165.5 30 5
      vertex 160.5 25.8333 5
      vertex 165.5 25.8333 5
    endloop
  endfacet
  facet normal 0 0 1
    outer loop
      vertex 155.25 14.75 5
      vertex 160.5 25.8333 5
      vertex 155.25 20.25 5
    endloop
  endfacet
  facet normal 0 0 1
    outer loop
      vertex 160.5 25.8333 5
      vertex 155.173 20.8323 5
      vertex 155.25 20.25 5
    endloop
  endfacet
  facet normal 0 0 1
    outer loop
      vertex 160.5 25.8333 5
      vertex 154.949 21.375 5
      vertex 155.173 20.8323 5
    endloop
  endfacet
  facet normal -0 0 1
    outer loop
      vertex 140.5 30 5
      vertex 160.5 25.8333 5
      vertex 165.5 30 5
    endloop
  endfacet
  facet normal 0 0 1
    outer loop
      vertex 160.5 25.8333 5
      vertex 154.591 21.841 5
      vertex 154.949 21.375 5
    endloop
  endfacet
  facet normal 0 0 1
    outer loop
      vertex 160.5 25.8333 5
      vertex 154.125 22.1985 5
      vertex 154.591 21.841 5
    endloop
  endfacet
  facet normal 0 0 1
    outer loop
      vertex 160.5 25.8333 5
      vertex 153.582 22.4233 5
      vertex 154.125 22.1985 5
    endloop
  endfacet
  facet normal 0 0 1
    outer loop
      vertex 160.5 25.8333 5
      vertex 153 22.5 5
      vertex 153.582 22.4233 5
    endloop
  endfacet
  facet normal 0 0 1
    outer loop
      vertex 160.5 25.8333 5
      vertex 140.5 30 5
      vertex 153 22.5 5
    endloop
  endfacet
  facet normal 0 0 1
    outer loop
      vertex 153 22.5 5
      vertex 140.5 30 5
      vertex 152.418 22.4233 5
    endloop
  endfacet
  facet normal 0 0 1
    outer loop
      vertex 150.75 20.25 5
      vertex 140.5 30 5
      vertex 150.75 14.75 5
    endloop
  endfacet
  facet normal 0 0 1
    outer loop
      vertex 150.827 20.8323 5
      vertex 140.5 30 5
      vertex 150.75 20.25 5
    endloop
  endfacet
  facet normal 0 0 1
    outer loop
      vertex 151.051 21.375 5
      vertex 140.5 30 5
      vertex 150.827 20.8323 5
    endloop
  endfacet
  facet normal 0 0 1
    outer loop
      vertex 151.409 21.841 5
      vertex 140.5 30 5
      vertex 151.051 21.375 5
    endloop
  endfacet
  facet normal 0 0 1
    outer loop
      vertex 151.875 22.1985 5
      vertex 140.5 30 5
      vertex 151.409 21.841 5
    endloop
  endfacet
  facet normal 0 0 1
    outer loop
      vertex 152.418 22.4233 5
      vertex 140.5 30 5
      vertex 151.875 22.1985 5
    endloop
  endfacet
  facet normal 0 0 1
    outer loop
      vertex 160.5 25.8333 5
      vertex 155.25 14.75 5
      vertex 160.5 5 5
    endloop
  endfacet
  facet normal -0 0 1
    outer loop
      vertex 155.173 14.1677 5
      vertex 160.5 5 5
      vertex 155.25 14.75 5
    endloop
  endfacet
  facet normal -0 0 1
    outer loop
      vertex 154.949 13.625 5
      vertex 160.5 5 5
      vertex 155.173 14.1677 5
    endloop
  endfacet
  facet normal -0 0 1
    outer loop
      vertex 154.591 13.159 5
      vertex 160.5 5 5
      vertex 154.949 13.625 5
    endloop
  endfacet
  facet normal -0 0 1
    outer loop
      vertex 154.125 12.8015 5
      vertex 160.5 5 5
      vertex 154.591 13.159 5
    endloop
  endfacet
  facet normal -0 0 1
    outer loop
      vertex 153.582 12.5767 5
      vertex 160.5 5 5
      vertex 154.125 12.8015 5
    endloop
  endfacet
  facet normal -0 0 1
    outer loop
      vertex 153 12.5 5
      vertex 160.5 5 5
      vertex 153.582 12.5767 5
    endloop
  endfacet
  facet normal 0 0 1
    outer loop
      vertex 152.418 12.5767 5
      vertex 160.5 5 5
      vertex 153 12.5 5
    endloop
  endfacet
  facet normal 0 0 1
    outer loop
      vertex 140.5 5 5
      vertex 152.418 12.5767 5
      vertex 151.875 12.8015 5
    endloop
  endfacet
  facet normal 0 0 1
    outer loop
      vertex 140.5 5 5
      vertex 151.875 12.8015 5
      vertex 151.409 13.159 5
    endloop
  endfacet
  facet normal 0 0 1
    outer loop
      vertex 140.5 5 5
      vertex 150.75 14.75 5
      vertex 140.5 30 5
    endloop
  endfacet
  facet normal 0 0 1
    outer loop
      vertex 150.75 14.75 5
      vertex 140.5 5 5
      vertex 150.827 14.1677 5
    endloop
  endfacet
  facet normal 0 0 1
    outer loop
      vertex 152.418 12.5767 5
      vertex 140.5 5 5
      vertex 160.5 5 5
    endloop
  endfacet
  facet normal 0 0 1
    outer loop
      vertex 151.051 13.625 5
      vertex 140.5 5 5
      vertex 151.409 13.159 5
    endloop
  endfacet
  facet normal 0 0 1
    outer loop
      vertex 150.827 14.1677 5
      vertex 140.5 5 5
      vertex 151.051 13.625 5
    endloop
  endfacet
  facet normal -1 0 0
    outer loop
      vertex 140.5 5 0
      vertex 140.5 30 5
      vertex 140.5 30 0
    endloop
  endfacet
  facet normal -1 -0 0
    outer loop
      vertex 140.5 30 5
      vertex 140.5 5 0
      vertex 140.5 5 5
    endloop
  endfacet
  facet normal 0 1 -0
    outer loop
      vertex 165.5 30 0
      vertex 140.5 30 5
      vertex 165.5 30 5
    endloop
  endfacet
  facet normal 0 1 0
    outer loop
      vertex 140.5 30 5
      vertex 165.5 30 0
      vertex 140.5 30 0
    endloop
  endfacet
  facet normal 1 0 0
    outer loop
      vertex 20.5 5 30
      vertex 20.5 5 5
      vertex 20.5 25.8333 5
    endloop
  endfacet
  facet normal 0 0.768222 0.640184
    outer loop
      vertex 20.5 25.8333 5
      vertex 15.5 5 30
      vertex 20.5 5 30
    endloop
  endfacet
  facet normal 0 0.768222 0.640184
    outer loop
      vertex 15.5 5 30
      vertex 20.5 25.8333 5
      vertex 15.5 25.8333 5
    endloop
  endfacet
  facet normal 0 1 0
    outer loop
      vertex 90.5 5 6
      vertex 40.5 5 0
      vertex 85.9872 5 6.14773
    endloop
  endfacet
  facet normal 0 1 0
    outer loop
      vertex 85.9872 5 6.14773
      vertex 40.5 5 0
      vertex 40.5 5 5
    endloop
  endfacet
  facet normal 0 1 0
    outer loop
      vertex 35.7586 5 32.9955
      vertex 28.689 5 14.9568
      vertex 28.25 5 15
    endloop
  endfacet
  facet normal 0 1 0
    outer loop
      vertex 52.1657 5 17.6286
      vertex 29.111 5 14.8287
      vertex 28.689 5 14.9568
    endloop
  endfacet
  facet normal 0 1 0
    outer loop
      vertex 52.1657 5 17.6286
      vertex 29.5 5 14.6208
      vertex 29.111 5 14.8287
    endloop
  endfacet
  facet normal 0 1 0
    outer loop
      vertex 52.1657 5 17.6286
      vertex 29.841 5 14.341
      vertex 29.5 5 14.6208
    endloop
  endfacet
  facet normal 0 1 0
    outer loop
      vertex 52.1657 5 17.6286
      vertex 30.1208 5 14
      vertex 29.841 5 14.341
    endloop
  endfacet
  facet normal 0 1 0
    outer loop
      vertex 52.1657 5 17.6286
      vertex 30.3287 5 13.611
      vertex 30.1208 5 14
    endloop
  endfacet
  facet normal -0 1 0
    outer loop
      vertex 30.4568 5 13.189
      vertex 52.1657 5 17.6286
      vertex 40.5 5 5
    endloop
  endfacet
  facet normal 0 1 0
    outer loop
      vertex 40.5 5 5
      vertex 56 5 15.2442
      vertex 59.9821 5 13.1158
    endloop
  endfacet
  facet normal 0 1 0
    outer loop
      vertex 52.1657 5 17.6286
      vertex 30.4568 5 13.189
      vertex 30.3287 5 13.611
    endloop
  endfacet
  facet normal 0 1 0
    outer loop
      vertex 30.4568 5 13.189
      vertex 40.5 5 5
      vertex 30.5 5 12.75
    endloop
  endfacet
  facet normal 0 1 0
    outer loop
      vertex 30.5 5 12.75
      vertex 40.5 5 5
      vertex 30.4568 5 12.311
    endloop
  endfacet
  facet normal 0 1 0
    outer loop
      vertex 30.4568 5 12.311
      vertex 40.5 5 5
      vertex 30.3287 5 11.889
    endloop
  endfacet
  facet normal 0 1 0
    outer loop
      vertex 40.5 5 5
      vertex 59.9821 5 13.1158
      vertex 64.0948 5 11.2523
    endloop
  endfacet
  facet normal 0 1 0
    outer loop
      vertex 30.3287 5 11.889
      vertex 40.5 5 5
      vertex 30.1208 5 11.5
    endloop
  endfacet
  facet normal 0 1 0
    outer loop
      vertex 30.1208 5 11.5
      vertex 40.5 5 5
      vertex 29.841 5 11.159
    endloop
  endfacet
  facet normal 0 1 0
    outer loop
      vertex 29.841 5 11.159
      vertex 40.5 5 5
      vertex 29.5 5 10.8792
    endloop
  endfacet
  facet normal 0 1 0
    outer loop
      vertex 29.5 5 10.8792
      vertex 40.5 5 5
      vertex 29.111 5 10.6713
    endloop
  endfacet
  facet normal 0 1 0
    outer loop
      vertex 29.111 5 10.6713
      vertex 40.5 5 5
      vertex 28.689 5 10.5432
    endloop
  endfacet
  facet normal 0 1 0
    outer loop
      vertex 40.5 5 5
      vertex 64.0948 5 11.2523
      vertex 68.3207 5 9.66182
    endloop
  endfacet
  facet normal 0 1 0
    outer loop
      vertex 28.689 5 14.9568
      vertex 35.7586 5 32.9955
      vertex 38.6231 5 29.5051
    endloop
  endfacet
  facet normal 0 1 0
    outer loop
      vertex 28.689 5 14.9568
      vertex 38.6231 5 29.5051
      vertex 41.7096 5 26.2096
    endloop
  endfacet
  facet normal 0 1 0
    outer loop
      vertex 28.689 5 14.9568
      vertex 41.7096 5 26.2096
      vertex 45.0051 5 23.1231
    endloop
  endfacet
  facet normal 0 1 0
    outer loop
      vertex 28.689 5 14.9568
      vertex 45.0051 5 23.1231
      vertex 48.4955 5 20.2586
    endloop
  endfacet
  facet normal 0 1 0
    outer loop
      vertex 28.689 5 14.9568
      vertex 48.4955 5 20.2586
      vertex 52.1657 5 17.6286
    endloop
  endfacet
  facet normal 0 1 0
    outer loop
      vertex 40.5 5 5
      vertex 52.1657 5 17.6286
      vertex 56 5 15.2442
    endloop
  endfacet
  facet normal 0 1 0
    outer loop
      vertex 35.7586 5 32.9955
      vertex 28.25 5 15
      vertex 20.5 5 30
    endloop
  endfacet
  facet normal 0 1 -0
    outer loop
      vertex 27.811 5 14.9568
      vertex 20.5 5 30
      vertex 28.25 5 15
    endloop
  endfacet
  facet normal 0 1 -0
    outer loop
      vertex 27.389 5 14.8287
      vertex 20.5 5 30
      vertex 27.811 5 14.9568
    endloop
  endfacet
  facet normal 0 1 -0
    outer loop
      vertex 27 5 14.6208
      vertex 20.5 5 30
      vertex 27.389 5 14.8287
    endloop
  endfacet
  facet normal 0 1 -0
    outer loop
      vertex 26.659 5 14.341
      vertex 20.5 5 30
      vertex 27 5 14.6208
    endloop
  endfacet
  facet normal 0 1 -0
    outer loop
      vertex 26.3792 5 14
      vertex 20.5 5 30
      vertex 26.659 5 14.341
    endloop
  endfacet
  facet normal 0 1 -0
    outer loop
      vertex 26.1713 5 13.611
      vertex 20.5 5 30
      vertex 26.3792 5 14
    endloop
  endfacet
  facet normal 0 1 -0
    outer loop
      vertex 26.0432 5 13.189
      vertex 20.5 5 30
      vertex 26.1713 5 13.611
    endloop
  endfacet
  facet normal 0 1 0
    outer loop
      vertex 20.5 5 5
      vertex 26.0432 5 13.189
      vertex 26 5 12.75
    endloop
  endfacet
  facet normal 0 1 0
    outer loop
      vertex 20.5 5 5
      vertex 26 5 12.75
      vertex 26.0432 5 12.311
    endloop
  endfacet
  facet normal 0 1 0
    outer loop
      vertex 20.5 5 5
      vertex 26.0432 5 12.311
      vertex 26.1713 5 11.889
    endloop
  endfacet
  facet normal 0 1 0
    outer loop
      vertex 40.5 5 5
      vertex 68.3207 5 9.66182
      vertex 72.6415 5 8.35112
    endloop
  endfacet
  facet normal 0 1 0
    outer loop
      vertex 40.5 5 5
      vertex 72.6415 5 8.35112
      vertex 77.0388 5 7.32582
    endloop
  endfacet
  facet normal 0 1 0
    outer loop
      vertex 40.5 5 5
      vertex 77.0388 5 7.32582
      vertex 81.4937 5 6.5903
    endloop
  endfacet
  facet normal 0 1 0
    outer loop
      vertex 40.5 5 5
      vertex 81.4937 5 6.5903
      vertex 85.9872 5 6.14773
    endloop
  endfacet
  facet normal 0 1 0
    outer loop
      vertex 99.5063 5 6.5903
      vertex 140.5 5 0
      vertex 95.0128 5 6.14773
    endloop
  endfacet
  facet normal 0 1 0
    outer loop
      vertex 95.0128 5 6.14773
      vertex 140.5 5 0
      vertex 90.5 5 6
    endloop
  endfacet
  facet normal 0 1 0
    outer loop
      vertex 40.5 5 0
      vertex 90.5 5 6
      vertex 140.5 5 0
    endloop
  endfacet
  facet normal 0 1 0
    outer loop
      vertex 20.5 5 5
      vertex 28.689 5 10.5432
      vertex 40.5 5 5
    endloop
  endfacet
  facet normal 0 1 0
    outer loop
      vertex 28.689 5 10.5432
      vertex 20.5 5 5
      vertex 28.25 5 10.5
    endloop
  endfacet
  facet normal 0 1 0
    outer loop
      vertex 28.25 5 10.5
      vertex 20.5 5 5
      vertex 27.811 5 10.5432
    endloop
  endfacet
  facet normal 0 1 0
    outer loop
      vertex 26.0432 5 13.189
      vertex 20.5 5 5
      vertex 20.5 5 30
    endloop
  endfacet
  facet normal 0 1 0
    outer loop
      vertex 26.3792 5 11.5
      vertex 20.5 5 5
      vertex 26.1713 5 11.889
    endloop
  endfacet
  facet normal 0 1 0
    outer loop
      vertex 26.659 5 11.159
      vertex 20.5 5 5
      vertex 26.3792 5 11.5
    endloop
  endfacet
  facet normal 0 1 0
    outer loop
      vertex 27 5 10.8792
      vertex 20.5 5 5
      vertex 26.659 5 11.159
    endloop
  endfacet
  facet normal 0 1 0
    outer loop
      vertex 27.389 5 10.6713
      vertex 20.5 5 5
      vertex 27 5 10.8792
    endloop
  endfacet
  facet normal 0 1 0
    outer loop
      vertex 27.811 5 10.5432
      vertex 20.5 5 5
      vertex 27.389 5 10.6713
    endloop
  endfacet
  facet normal 0 1 -0
    outer loop
      vertex 150.879 5 14
      vertex 139.29 5 26.2096
      vertex 151.159 5 14.341
    endloop
  endfacet
  facet normal 0 1 0
    outer loop
      vertex 139.29 5 26.2096
      vertex 150.879 5 14
      vertex 135.995 5 23.1231
    endloop
  endfacet
  facet normal 0 1 -0
    outer loop
      vertex 150.671 5 13.611
      vertex 135.995 5 23.1231
      vertex 150.879 5 14
    endloop
  endfacet
  facet normal 0 1 -0
    outer loop
      vertex 150.543 5 13.189
      vertex 135.995 5 23.1231
      vertex 150.671 5 13.611
    endloop
  endfacet
  facet normal 0 1 -0
    outer loop
      vertex 140.5 5 5
      vertex 135.995 5 23.1231
      vertex 150.543 5 13.189
    endloop
  endfacet
  facet normal 0 1 0
    outer loop
      vertex 140.5 5 5
      vertex 150.543 5 13.189
      vertex 150.5 5 12.75
    endloop
  endfacet
  facet normal 0 1 0
    outer loop
      vertex 140.5 5 5
      vertex 150.5 5 12.75
      vertex 150.543 5 12.311
    endloop
  endfacet
  facet normal 0 1 0
    outer loop
      vertex 135.995 5 23.1231
      vertex 140.5 5 5
      vertex 132.505 5 20.2586
    endloop
  endfacet
  facet normal 0 1 0
    outer loop
      vertex 140.5 5 5
      vertex 150.543 5 12.311
      vertex 150.671 5 11.889
    endloop
  endfacet
  facet normal 0 1 0
    outer loop
      vertex 140.5 5 5
      vertex 150.671 5 11.889
      vertex 150.879 5 11.5
    endloop
  endfacet
  facet normal 0 1 0
    outer loop
      vertex 132.505 5 20.2586
      vertex 140.5 5 5
      vertex 128.834 5 17.6286
    endloop
  endfacet
  facet normal 0 1 0
    outer loop
      vertex 140.5 5 5
      vertex 150.879 5 11.5
      vertex 151.159 5 11.159
    endloop
  endfacet
  facet normal 0 1 0
    outer loop
      vertex 128.834 5 17.6286
      vertex 140.5 5 5
      vertex 125 5 15.2442
    endloop
  endfacet
  facet normal 0 1 0
    outer loop
      vertex 140.5 5 5
      vertex 151.159 5 11.159
      vertex 151.5 5 10.8792
    endloop
  endfacet
  facet normal 0 1 0
    outer loop
      vertex 125 5 15.2442
      vertex 140.5 5 5
      vertex 121.018 5 13.1158
    endloop
  endfacet
  facet normal 0 1 0
    outer loop
      vertex 140.5 5 5
      vertex 151.5 5 10.8792
      vertex 151.889 5 10.6713
    endloop
  endfacet
  facet normal 0 1 0
    outer loop
      vertex 140.5 5 5
      vertex 152.311 5 10.5432
      vertex 160.5 5 5
    endloop
  endfacet
  facet normal 0 1 0
    outer loop
      vertex 160.5 5 5
      vertex 152.311 5 10.5432
      vertex 152.75 5 10.5
    endloop
  endfacet
  facet normal 0 1 0
    outer loop
      vertex 152.311 5 10.5432
      vertex 140.5 5 5
      vertex 151.889 5 10.6713
    endloop
  endfacet
  facet normal 0 1 0
    outer loop
      vertex 15.5 5 150
      vertex 28.689 5 139.457
      vertex 28.25 5 139.5
    endloop
  endfacet
  facet normal 0 1 0
    outer loop
      vertex 15.5 5 150
      vertex 29.111 5 139.329
      vertex 28.689 5 139.457
    endloop
  endfacet
  facet normal 0 1 0
    outer loop
      vertex 15.5 5 150
      vertex 64.0948 5 138.748
      vertex 29.111 5 139.329
    endloop
  endfacet
  facet normal 0 1 0
    outer loop
      vertex 29.111 5 139.329
      vertex 64.0948 5 138.748
      vertex 29.5 5 139.121
    endloop
  endfacet
  facet normal 0 1 -0
    outer loop
      vertex 59.9821 5 136.884
      vertex 29.5 5 139.121
      vertex 64.0948 5 138.748
    endloop
  endfacet
  facet normal 0 1 0
    outer loop
      vertex 29.5 5 139.121
      vertex 59.9821 5 136.884
      vertex 29.841 5 138.841
    endloop
  endfacet
  facet normal 0 1 -0
    outer loop
      vertex 56 5 134.756
      vertex 29.841 5 138.841
      vertex 59.9821 5 136.884
    endloop
  endfacet
  facet normal 0 1 0
    outer loop
      vertex 29.841 5 138.841
      vertex 56 5 134.756
      vertex 30.1208 5 138.5
    endloop
  endfacet
  facet normal 0 1 -0
    outer loop
      vertex 52.1657 5 132.371
      vertex 30.1208 5 138.5
      vertex 56 5 134.756
    endloop
  endfacet
  facet normal 0 1 0
    outer loop
      vertex 30.1208 5 138.5
      vertex 52.1657 5 132.371
      vertex 30.3287 5 138.111
    endloop
  endfacet
  facet normal 0 1 0
    outer loop
      vertex 30.3287 5 138.111
      vertex 52.1657 5 132.371
      vertex 30.4568 5 137.689
    endloop
  endfacet
  facet normal 0 1 -0
    outer loop
      vertex 48.4955 5 129.741
      vertex 30.4568 5 137.689
      vertex 52.1657 5 132.371
    endloop
  endfacet
  facet normal 0 1 0
    outer loop
      vertex 30.4568 5 137.689
      vertex 48.4955 5 129.741
      vertex 30.5 5 137.25
    endloop
  endfacet
  facet normal 0 1 0
    outer loop
      vertex 30.5 5 137.25
      vertex 48.4955 5 129.741
      vertex 30.4568 5 136.811
    endloop
  endfacet
  facet normal 0 1 -0
    outer loop
      vertex 45.0051 5 126.877
      vertex 30.4568 5 136.811
      vertex 48.4955 5 129.741
    endloop
  endfacet
  facet normal 0 1 0
    outer loop
      vertex 30.4568 5 136.811
      vertex 45.0051 5 126.877
      vertex 30.3287 5 136.389
    endloop
  endfacet
  facet normal 0 1 0
    outer loop
      vertex 30.3287 5 136.389
      vertex 45.0051 5 126.877
      vertex 30.1208 5 136
    endloop
  endfacet
  facet normal 0 1 -0
    outer loop
      vertex 41.7096 5 123.79
      vertex 30.1208 5 136
      vertex 45.0051 5 126.877
    endloop
  endfacet
  facet normal 0 1 0
    outer loop
      vertex 30.1208 5 136
      vertex 41.7096 5 123.79
      vertex 29.841 5 135.659
    endloop
  endfacet
  facet normal 0 1 0
    outer loop
      vertex 165.5 5 150
      vertex 90.5 5 144
      vertex 15.5 5 150
    endloop
  endfacet
  facet normal 0 1 0
    outer loop
      vertex 165.5 5 150
      vertex 95.0128 5 143.852
      vertex 90.5 5 144
    endloop
  endfacet
  facet normal 0 1 0
    outer loop
      vertex 165.5 5 150
      vertex 99.5063 5 143.41
      vertex 95.0128 5 143.852
    endloop
  endfacet
  facet normal 0 1 0
    outer loop
      vertex 165.5 5 150
      vertex 103.961 5 142.674
      vertex 99.5063 5 143.41
    endloop
  endfacet
  facet normal 0 1 0
    outer loop
      vertex 165.5 5 150
      vertex 108.359 5 141.649
      vertex 103.961 5 142.674
    endloop
  endfacet
  facet normal 0 1 0
    outer loop
      vertex 165.5 5 150
      vertex 112.679 5 140.338
      vertex 108.359 5 141.649
    endloop
  endfacet
  facet normal 0 1 0
    outer loop
      vertex 152.311 5 139.457
      vertex 165.5 5 150
      vertex 152.75 5 139.5
    endloop
  endfacet
  facet normal 0 1 0
    outer loop
      vertex 165.5 5 150
      vertex 153.189 5 139.457
      vertex 152.75 5 139.5
    endloop
  endfacet
  facet normal 0 1 0
    outer loop
      vertex 165.5 5 150
      vertex 153.611 5 139.329
      vertex 153.189 5 139.457
    endloop
  endfacet
  facet normal 0 1 0
    outer loop
      vertex 165.5 5 150
      vertex 154 5 139.121
      vertex 153.611 5 139.329
    endloop
  endfacet
  facet normal 0 1 0
    outer loop
      vertex 165.5 5 150
      vertex 154.341 5 138.841
      vertex 154 5 139.121
    endloop
  endfacet
  facet normal 0 1 0
    outer loop
      vertex 165.5 5 150
      vertex 154.621 5 138.5
      vertex 154.341 5 138.841
    endloop
  endfacet
  facet normal 0 1 0
    outer loop
      vertex 165.5 5 150
      vertex 154.829 5 138.111
      vertex 154.621 5 138.5
    endloop
  endfacet
  facet normal 0 1 0
    outer loop
      vertex 165.5 5 150
      vertex 154.957 5 137.689
      vertex 154.829 5 138.111
    endloop
  endfacet
  facet normal 0 1 0
    outer loop
      vertex 165.5 5 150
      vertex 155 5 137.25
      vertex 154.957 5 137.689
    endloop
  endfacet
  facet normal 0 1 0
    outer loop
      vertex 165.5 5 150
      vertex 154.957 5 136.811
      vertex 155 5 137.25
    endloop
  endfacet
  facet normal 0 1 0
    outer loop
      vertex 165.5 5 150
      vertex 154.829 5 136.389
      vertex 154.957 5 136.811
    endloop
  endfacet
  facet normal 0 1 0
    outer loop
      vertex 154.248 5 101.405
      vertex 154.829 5 136.389
      vertex 165.5 5 150
    endloop
  endfacet
  facet normal 0 1 0
    outer loop
      vertex 150.879 5 138.5
      vertex 128.834 5 132.371
      vertex 125 5 134.756
    endloop
  endfacet
  facet normal 0 1 0
    outer loop
      vertex 145.241 5 117.005
      vertex 152.75 5 135
      vertex 153.189 5 135.043
    endloop
  endfacet
  facet normal 0 1 0
    outer loop
      vertex 152.311 5 135.043
      vertex 132.505 5 129.741
      vertex 128.834 5 132.371
    endloop
  endfacet
  facet normal 0 1 0
    outer loop
      vertex 152.311 5 135.043
      vertex 135.995 5 126.877
      vertex 132.505 5 129.741
    endloop
  endfacet
  facet normal 0 1 0
    outer loop
      vertex 147.871 5 113.334
      vertex 153.189 5 135.043
      vertex 153.611 5 135.171
    endloop
  endfacet
  facet normal 0 1 0
    outer loop
      vertex 152.311 5 135.043
      vertex 139.29 5 123.79
      vertex 135.995 5 126.877
    endloop
  endfacet
  facet normal 0 1 0
    outer loop
      vertex 147.871 5 113.334
      vertex 153.611 5 135.171
      vertex 154 5 135.379
    endloop
  endfacet
  facet normal 0 1 0
    outer loop
      vertex 152.311 5 135.043
      vertex 142.377 5 120.495
      vertex 139.29 5 123.79
    endloop
  endfacet
  facet normal 0 1 0
    outer loop
      vertex 150.256 5 109.5
      vertex 154 5 135.379
      vertex 154.341 5 135.659
    endloop
  endfacet
  facet normal 0 1 0
    outer loop
      vertex 152.384 5 105.518
      vertex 154.341 5 135.659
      vertex 154.621 5 136
    endloop
  endfacet
  facet normal 0 1 0
    outer loop
      vertex 152.311 5 135.043
      vertex 145.241 5 117.005
      vertex 142.377 5 120.495
    endloop
  endfacet
  facet normal 0 1 0
    outer loop
      vertex 154.829 5 136.389
      vertex 154.248 5 101.405
      vertex 154.621 5 136
    endloop
  endfacet
  facet normal 0 1 0
    outer loop
      vertex 153.189 5 135.043
      vertex 147.871 5 113.334
      vertex 145.241 5 117.005
    endloop
  endfacet
  facet normal 0 1 0
    outer loop
      vertex 154 5 135.379
      vertex 150.256 5 109.5
      vertex 147.871 5 113.334
    endloop
  endfacet
  facet normal 0 1 0
    outer loop
      vertex 154.341 5 135.659
      vertex 152.384 5 105.518
      vertex 150.256 5 109.5
    endloop
  endfacet
  facet normal 0 1 0
    outer loop
      vertex 154.621 5 136
      vertex 154.248 5 101.405
      vertex 152.384 5 105.518
    endloop
  endfacet
  facet normal 0 1 0
    outer loop
      vertex 165.5 5 150
      vertex 155.838 5 97.1793
      vertex 154.248 5 101.405
    endloop
  endfacet
  facet normal 0 1 0
    outer loop
      vertex 165.5 5 150
      vertex 157.149 5 92.8585
      vertex 155.838 5 97.1793
    endloop
  endfacet
  facet normal 0 1 0
    outer loop
      vertex 165.5 5 150
      vertex 158.174 5 88.4612
      vertex 157.149 5 92.8585
    endloop
  endfacet
  facet normal 0 1 0
    outer loop
      vertex 165.5 5 150
      vertex 158.91 5 84.0063
      vertex 158.174 5 88.4612
    endloop
  endfacet
  facet normal 0 1 0
    outer loop
      vertex 165.5 5 150
      vertex 159.352 5 79.5128
      vertex 158.91 5 84.0063
    endloop
  endfacet
  facet normal 0 1 -0
    outer loop
      vertex 165.5 5 30
      vertex 159.352 5 79.5128
      vertex 165.5 5 150
    endloop
  endfacet
  facet normal 0 1 0
    outer loop
      vertex 159.352 5 79.5128
      vertex 165.5 5 30
      vertex 159.5 5 75
    endloop
  endfacet
  facet normal 0 1 0
    outer loop
      vertex 159.5 5 75
      vertex 165.5 5 30
      vertex 159.352 5 70.4872
    endloop
  endfacet
  facet normal 0 1 0
    outer loop
      vertex 165.5 5 30
      vertex 158.91 5 65.9937
      vertex 159.352 5 70.4872
    endloop
  endfacet
  facet normal 0 1 0
    outer loop
      vertex 165.5 5 30
      vertex 158.174 5 61.5388
      vertex 158.91 5 65.9937
    endloop
  endfacet
  facet normal 0 1 0
    outer loop
      vertex 165.5 5 30
      vertex 157.149 5 57.1415
      vertex 158.174 5 61.5388
    endloop
  endfacet
  facet normal 0 1 0
    outer loop
      vertex 165.5 5 30
      vertex 155.838 5 52.8207
      vertex 157.149 5 57.1415
    endloop
  endfacet
  facet normal 0 1 0
    outer loop
      vertex 165.5 5 30
      vertex 154.248 5 48.5948
      vertex 155.838 5 52.8207
    endloop
  endfacet
  facet normal 0 1 0
    outer loop
      vertex 165.5 5 30
      vertex 152.384 5 44.4821
      vertex 154.248 5 48.5948
    endloop
  endfacet
  facet normal 0 1 -0
    outer loop
      vertex 160.5 5 30
      vertex 152.384 5 44.4821
      vertex 165.5 5 30
    endloop
  endfacet
  facet normal 0 1 0
    outer loop
      vertex 152.384 5 44.4821
      vertex 160.5 5 30
      vertex 150.256 5 40.5
    endloop
  endfacet
  facet normal 0 1 0
    outer loop
      vertex 150.256 5 40.5
      vertex 160.5 5 30
      vertex 147.871 5 36.6657
    endloop
  endfacet
  facet normal 0 1 0
    outer loop
      vertex 147.871 5 36.6657
      vertex 160.5 5 30
      vertex 145.241 5 32.9955
    endloop
  endfacet
  facet normal 0 1 -0
    outer loop
      vertex 152.75 5 15
      vertex 145.241 5 32.9955
      vertex 160.5 5 30
    endloop
  endfacet
  facet normal 0 1 -0
    outer loop
      vertex 152.311 5 14.9568
      vertex 145.241 5 32.9955
      vertex 152.75 5 15
    endloop
  endfacet
  facet normal 0 1 0
    outer loop
      vertex 145.241 5 32.9955
      vertex 152.311 5 14.9568
      vertex 142.377 5 29.5051
    endloop
  endfacet
  facet normal 0 1 -0
    outer loop
      vertex 151.889 5 14.8287
      vertex 142.377 5 29.5051
      vertex 152.311 5 14.9568
    endloop
  endfacet
  facet normal 0 1 -0
    outer loop
      vertex 151.5 5 14.6208
      vertex 142.377 5 29.5051
      vertex 151.889 5 14.8287
    endloop
  endfacet
  facet normal 0 1 0
    outer loop
      vertex 142.377 5 29.5051
      vertex 151.5 5 14.6208
      vertex 139.29 5 26.2096
    endloop
  endfacet
  facet normal 0 1 -0
    outer loop
      vertex 151.159 5 14.341
      vertex 139.29 5 26.2096
      vertex 151.5 5 14.6208
    endloop
  endfacet
  facet normal 0 1 0
    outer loop
      vertex 160.5 5 30
      vertex 153.189 5 14.9568
      vertex 152.75 5 15
    endloop
  endfacet
  facet normal 0 1 0
    outer loop
      vertex 160.5 5 30
      vertex 153.611 5 14.8287
      vertex 153.189 5 14.9568
    endloop
  endfacet
  facet normal 0 1 0
    outer loop
      vertex 160.5 5 30
      vertex 154 5 14.6208
      vertex 153.611 5 14.8287
    endloop
  endfacet
  facet normal 0 1 0
    outer loop
      vertex 160.5 5 30
      vertex 154.341 5 14.341
      vertex 154 5 14.6208
    endloop
  endfacet
  facet normal 0 1 0
    outer loop
      vertex 160.5 5 30
      vertex 154.621 5 14
      vertex 154.341 5 14.341
    endloop
  endfacet
  facet normal 0 1 0
    outer loop
      vertex 160.5 5 30
      vertex 154.829 5 13.611
      vertex 154.621 5 14
    endloop
  endfacet
  facet normal 0 1 0
    outer loop
      vertex 160.5 5 30
      vertex 154.957 5 13.189
      vertex 154.829 5 13.611
    endloop
  endfacet
  facet normal 0 1 -0
    outer loop
      vertex 160.5 5 5
      vertex 154.957 5 13.189
      vertex 160.5 5 30
    endloop
  endfacet
  facet normal 0 1 0
    outer loop
      vertex 154.957 5 13.189
      vertex 160.5 5 5
      vertex 155 5 12.75
    endloop
  endfacet
  facet normal 0 1 0
    outer loop
      vertex 155 5 12.75
      vertex 160.5 5 5
      vertex 154.957 5 12.311
    endloop
  endfacet
  facet normal 0 1 -0
    outer loop
      vertex 140.5 5 0
      vertex 121.018 5 13.1158
      vertex 140.5 5 5
    endloop
  endfacet
  facet normal 0 1 0
    outer loop
      vertex 121.018 5 13.1158
      vertex 140.5 5 0
      vertex 116.905 5 11.2523
    endloop
  endfacet
  facet normal 0 1 0
    outer loop
      vertex 116.905 5 11.2523
      vertex 140.5 5 0
      vertex 112.679 5 9.66182
    endloop
  endfacet
  facet normal 0 1 0
    outer loop
      vertex 112.679 5 9.66182
      vertex 140.5 5 0
      vertex 108.359 5 8.35112
    endloop
  endfacet
  facet normal 0 1 0
    outer loop
      vertex 103.961 5 7.32582
      vertex 140.5 5 0
      vertex 99.5063 5 6.5903
    endloop
  endfacet
  facet normal 0 1 0
    outer loop
      vertex 108.359 5 8.35112
      vertex 140.5 5 0
      vertex 103.961 5 7.32582
    endloop
  endfacet
  facet normal 0 1 0
    outer loop
      vertex 153.189 5 10.5432
      vertex 160.5 5 5
      vertex 152.75 5 10.5
    endloop
  endfacet
  facet normal 0 1 0
    outer loop
      vertex 153.611 5 10.6713
      vertex 160.5 5 5
      vertex 153.189 5 10.5432
    endloop
  endfacet
  facet normal 0 1 0
    outer loop
      vertex 154 5 10.8792
      vertex 160.5 5 5
      vertex 153.611 5 10.6713
    endloop
  endfacet
  facet normal 0 1 0
    outer loop
      vertex 154.341 5 11.159
      vertex 160.5 5 5
      vertex 154 5 10.8792
    endloop
  endfacet
  facet normal 0 1 0
    outer loop
      vertex 154.621 5 11.5
      vertex 160.5 5 5
      vertex 154.341 5 11.159
    endloop
  endfacet
  facet normal 0 1 0
    outer loop
      vertex 154.829 5 11.889
      vertex 160.5 5 5
      vertex 154.621 5 11.5
    endloop
  endfacet
  facet normal 0 1 0
    outer loop
      vertex 154.957 5 12.311
      vertex 160.5 5 5
      vertex 154.829 5 11.889
    endloop
  endfacet
  facet normal 0 1 -0
    outer loop
      vertex 85.9872 5 143.852
      vertex 15.5 5 150
      vertex 90.5 5 144
    endloop
  endfacet
  facet normal 0 1 -0
    outer loop
      vertex 81.4937 5 143.41
      vertex 15.5 5 150
      vertex 85.9872 5 143.852
    endloop
  endfacet
  facet normal 0 1 -0
    outer loop
      vertex 77.0388 5 142.674
      vertex 15.5 5 150
      vertex 81.4937 5 143.41
    endloop
  endfacet
  facet normal 0 1 -0
    outer loop
      vertex 72.6415 5 141.649
      vertex 15.5 5 150
      vertex 77.0388 5 142.674
    endloop
  endfacet
  facet normal 0 1 -0
    outer loop
      vertex 68.3207 5 140.338
      vertex 15.5 5 150
      vertex 72.6415 5 141.649
    endloop
  endfacet
  facet normal 0 1 -0
    outer loop
      vertex 64.0948 5 138.748
      vertex 15.5 5 150
      vertex 68.3207 5 140.338
    endloop
  endfacet
  facet normal 0 1 -0
    outer loop
      vertex 27.811 5 139.457
      vertex 15.5 5 150
      vertex 28.25 5 139.5
    endloop
  endfacet
  facet normal 0 1 -0
    outer loop
      vertex 27.389 5 139.329
      vertex 15.5 5 150
      vertex 27.811 5 139.457
    endloop
  endfacet
  facet normal 0 1 -0
    outer loop
      vertex 27 5 139.121
      vertex 15.5 5 150
      vertex 27.389 5 139.329
    endloop
  endfacet
  facet normal 0 1 -0
    outer loop
      vertex 26.659 5 138.841
      vertex 15.5 5 150
      vertex 27 5 139.121
    endloop
  endfacet
  facet normal 0 1 -0
    outer loop
      vertex 26.3792 5 138.5
      vertex 15.5 5 150
      vertex 26.659 5 138.841
    endloop
  endfacet
  facet normal 0 1 -0
    outer loop
      vertex 26.1713 5 138.111
      vertex 15.5 5 150
      vertex 26.3792 5 138.5
    endloop
  endfacet
  facet normal 0 1 -0
    outer loop
      vertex 26.0432 5 137.689
      vertex 15.5 5 150
      vertex 26.1713 5 138.111
    endloop
  endfacet
  facet normal 0 1 -0
    outer loop
      vertex 26 5 137.25
      vertex 15.5 5 150
      vertex 26.0432 5 137.689
    endloop
  endfacet
  facet normal 0 1 0
    outer loop
      vertex 26.0432 5 136.811
      vertex 15.5 5 150
      vertex 26 5 137.25
    endloop
  endfacet
  facet normal 0 1 0
    outer loop
      vertex 26.1713 5 136.389
      vertex 15.5 5 150
      vertex 26.0432 5 136.811
    endloop
  endfacet
  facet normal 0 1 0
    outer loop
      vertex 26.7523 5 101.405
      vertex 26.1713 5 136.389
      vertex 26.3792 5 136
    endloop
  endfacet
  facet normal 0 1 0
    outer loop
      vertex 29.841 5 135.659
      vertex 41.7096 5 123.79
      vertex 29.5 5 135.379
    endloop
  endfacet
  facet normal 0 1 -0
    outer loop
      vertex 38.6231 5 120.495
      vertex 29.5 5 135.379
      vertex 41.7096 5 123.79
    endloop
  endfacet
  facet normal 0 1 0
    outer loop
      vertex 29.5 5 135.379
      vertex 38.6231 5 120.495
      vertex 29.111 5 135.171
    endloop
  endfacet
  facet normal 0 1 0
    outer loop
      vertex 29.111 5 135.171
      vertex 38.6231 5 120.495
      vertex 28.689 5 135.043
    endloop
  endfacet
  facet normal 0 1 -0
    outer loop
      vertex 35.7586 5 117.005
      vertex 28.689 5 135.043
      vertex 38.6231 5 120.495
    endloop
  endfacet
  facet normal 0 1 0
    outer loop
      vertex 28.689 5 135.043
      vertex 35.7586 5 117.005
      vertex 28.25 5 135
    endloop
  endfacet
  facet normal 0 1 0
    outer loop
      vertex 28.25 5 135
      vertex 35.7586 5 117.005
      vertex 27.811 5 135.043
    endloop
  endfacet
  facet normal 0 1 -0
    outer loop
      vertex 33.1286 5 113.334
      vertex 27.811 5 135.043
      vertex 35.7586 5 117.005
    endloop
  endfacet
  facet normal 0 1 0
    outer loop
      vertex 27.811 5 135.043
      vertex 33.1286 5 113.334
      vertex 27.389 5 135.171
    endloop
  endfacet
  facet normal 0 1 0
    outer loop
      vertex 27.389 5 135.171
      vertex 33.1286 5 113.334
      vertex 27 5 135.379
    endloop
  endfacet
  facet normal 0 1 -0
    outer loop
      vertex 30.7442 5 109.5
      vertex 27 5 135.379
      vertex 33.1286 5 113.334
    endloop
  endfacet
  facet normal 0 1 0
    outer loop
      vertex 27 5 135.379
      vertex 30.7442 5 109.5
      vertex 26.659 5 135.659
    endloop
  endfacet
  facet normal 0 1 -0
    outer loop
      vertex 28.6158 5 105.518
      vertex 26.659 5 135.659
      vertex 30.7442 5 109.5
    endloop
  endfacet
  facet normal 0 1 0
    outer loop
      vertex 26.659 5 135.659
      vertex 28.6158 5 105.518
      vertex 26.3792 5 136
    endloop
  endfacet
  facet normal 0 1 -0
    outer loop
      vertex 26.7523 5 101.405
      vertex 26.3792 5 136
      vertex 28.6158 5 105.518
    endloop
  endfacet
  facet normal 0 1 0
    outer loop
      vertex 26.1713 5 136.389
      vertex 26.7523 5 101.405
      vertex 15.5 5 150
    endloop
  endfacet
  facet normal 0 1 -0
    outer loop
      vertex 25.1618 5 97.1793
      vertex 15.5 5 150
      vertex 26.7523 5 101.405
    endloop
  endfacet
  facet normal 0 1 -0
    outer loop
      vertex 23.8511 5 92.8585
      vertex 15.5 5 150
      vertex 25.1618 5 97.1793
    endloop
  endfacet
  facet normal 0 1 -0
    outer loop
      vertex 22.8258 5 88.4612
      vertex 15.5 5 150
      vertex 23.8511 5 92.8585
    endloop
  endfacet
  facet normal 0 1 -0
    outer loop
      vertex 22.0903 5 84.0063
      vertex 15.5 5 150
      vertex 22.8258 5 88.4612
    endloop
  endfacet
  facet normal 0 1 -0
    outer loop
      vertex 21.6477 5 79.5128
      vertex 15.5 5 150
      vertex 22.0903 5 84.0063
    endloop
  endfacet
  facet normal 0 1 0
    outer loop
      vertex 15.5 5 30
      vertex 21.6477 5 79.5128
      vertex 21.5 5 75
    endloop
  endfacet
  facet normal 0 1 0
    outer loop
      vertex 15.5 5 30
      vertex 21.5 5 75
      vertex 21.6477 5 70.4872
    endloop
  endfacet
  facet normal 0 1 0
    outer loop
      vertex 20.5 5 30
      vertex 33.1286 5 36.6657
      vertex 35.7586 5 32.9955
    endloop
  endfacet
  facet normal 0 1 0
    outer loop
      vertex 20.5 5 30
      vertex 30.7442 5 40.5
      vertex 33.1286 5 36.6657
    endloop
  endfacet
  facet normal 0 1 0
    outer loop
      vertex 20.5 5 30
      vertex 28.6158 5 44.4821
      vertex 30.7442 5 40.5
    endloop
  endfacet
  facet normal 0 1 0
    outer loop
      vertex 15.5 5 30
      vertex 28.6158 5 44.4821
      vertex 20.5 5 30
    endloop
  endfacet
  facet normal 0 1 0
    outer loop
      vertex 28.6158 5 44.4821
      vertex 15.5 5 30
      vertex 26.7523 5 48.5948
    endloop
  endfacet
  facet normal 0 1 0
    outer loop
      vertex 26.7523 5 48.5948
      vertex 15.5 5 30
      vertex 25.1618 5 52.8207
    endloop
  endfacet
  facet normal 0 1 0
    outer loop
      vertex 25.1618 5 52.8207
      vertex 15.5 5 30
      vertex 23.8511 5 57.1415
    endloop
  endfacet
  facet normal 0 1 0
    outer loop
      vertex 23.8511 5 57.1415
      vertex 15.5 5 30
      vertex 22.8258 5 61.5388
    endloop
  endfacet
  facet normal 0 1 0
    outer loop
      vertex 22.8258 5 61.5388
      vertex 15.5 5 30
      vertex 22.0903 5 65.9937
    endloop
  endfacet
  facet normal 0 1 0
    outer loop
      vertex 22.0903 5 65.9937
      vertex 15.5 5 30
      vertex 21.6477 5 70.4872
    endloop
  endfacet
  facet normal 0 1 0
    outer loop
      vertex 21.6477 5 79.5128
      vertex 15.5 5 30
      vertex 15.5 5 150
    endloop
  endfacet
  facet normal 0 1 0
    outer loop
      vertex 151.889 5 139.329
      vertex 165.5 5 150
      vertex 152.311 5 139.457
    endloop
  endfacet
  facet normal 0 1 0
    outer loop
      vertex 116.905 5 138.748
      vertex 165.5 5 150
      vertex 151.889 5 139.329
    endloop
  endfacet
  facet normal 0 1 0
    outer loop
      vertex 116.905 5 138.748
      vertex 151.889 5 139.329
      vertex 151.5 5 139.121
    endloop
  endfacet
  facet normal 0 1 0
    outer loop
      vertex 121.018 5 136.884
      vertex 151.5 5 139.121
      vertex 151.159 5 138.841
    endloop
  endfacet
  facet normal 0 1 0
    outer loop
      vertex 165.5 5 150
      vertex 116.905 5 138.748
      vertex 112.679 5 140.338
    endloop
  endfacet
  facet normal 0 1 0
    outer loop
      vertex 125 5 134.756
      vertex 151.159 5 138.841
      vertex 150.879 5 138.5
    endloop
  endfacet
  facet normal 0 1 0
    outer loop
      vertex 128.834 5 132.371
      vertex 150.879 5 138.5
      vertex 150.671 5 138.111
    endloop
  endfacet
  facet normal 0 1 0
    outer loop
      vertex 128.834 5 132.371
      vertex 150.671 5 138.111
      vertex 150.543 5 137.689
    endloop
  endfacet
  facet normal 0 1 0
    outer loop
      vertex 128.834 5 132.371
      vertex 150.543 5 137.689
      vertex 150.5 5 137.25
    endloop
  endfacet
  facet normal 0 1 0
    outer loop
      vertex 151.5 5 139.121
      vertex 121.018 5 136.884
      vertex 116.905 5 138.748
    endloop
  endfacet
  facet normal 0 1 0
    outer loop
      vertex 128.834 5 132.371
      vertex 150.5 5 137.25
      vertex 150.543 5 136.811
    endloop
  endfacet
  facet normal 0 1 0
    outer loop
      vertex 128.834 5 132.371
      vertex 150.543 5 136.811
      vertex 150.671 5 136.389
    endloop
  endfacet
  facet normal 0 1 0
    outer loop
      vertex 128.834 5 132.371
      vertex 150.671 5 136.389
      vertex 150.879 5 136
    endloop
  endfacet
  facet normal 0 1 0
    outer loop
      vertex 128.834 5 132.371
      vertex 150.879 5 136
      vertex 151.159 5 135.659
    endloop
  endfacet
  facet normal 0 1 0
    outer loop
      vertex 128.834 5 132.371
      vertex 151.159 5 135.659
      vertex 151.5 5 135.379
    endloop
  endfacet
  facet normal 0 1 0
    outer loop
      vertex 128.834 5 132.371
      vertex 151.5 5 135.379
      vertex 151.889 5 135.171
    endloop
  endfacet
  facet normal 0 1 0
    outer loop
      vertex 128.834 5 132.371
      vertex 151.889 5 135.171
      vertex 152.311 5 135.043
    endloop
  endfacet
  facet normal 0 1 0
    outer loop
      vertex 145.241 5 117.005
      vertex 152.311 5 135.043
      vertex 152.75 5 135
    endloop
  endfacet
  facet normal 0 1 0
    outer loop
      vertex 151.159 5 138.841
      vertex 125 5 134.756
      vertex 121.018 5 136.884
    endloop
  endfacet
  facet normal -1 0 0
    outer loop
      vertex 160.5 25.8333 5
      vertex 160.5 5 5
      vertex 160.5 5 30
    endloop
  endfacet
  facet normal 0 0.768222 0.640184
    outer loop
      vertex 165.5 25.8333 5
      vertex 160.5 5 30
      vertex 165.5 5 30
    endloop
  endfacet
  facet normal 0 0.768222 0.640184
    outer loop
      vertex 160.5 5 30
      vertex 165.5 25.8333 5
      vertex 160.5 25.8333 5
    endloop
  endfacet
  facet normal -0 0 1
    outer loop
      vertex 15.5 5 150
      vertex 165.5 0 150
      vertex 165.5 5 150
    endloop
  endfacet
  facet normal 0 0 1
    outer loop
      vertex 165.5 0 150
      vertex 15.5 5 150
      vertex 15.5 0 150
    endloop
  endfacet
  facet normal -0.956885 0 0.290467
    outer loop
      vertex 30.3287 0 11.889
      vertex 30.4568 5 12.311
      vertex 30.3287 5 11.889
    endloop
  endfacet
  facet normal -0.956885 0 0.290467
    outer loop
      vertex 30.4568 5 12.311
      vertex 30.3287 0 11.889
      vertex 30.4568 0 12.311
    endloop
  endfacet
  facet normal -0.995193 0 0.0979324
    outer loop
      vertex 30.4568 0 12.311
      vertex 30.5 5 12.75
      vertex 30.4568 5 12.311
    endloop
  endfacet
  facet normal -0.995193 0 0.0979324
    outer loop
      vertex 30.5 5 12.75
      vertex 30.4568 0 12.311
      vertex 30.5 0 12.75
    endloop
  endfacet
  facet normal -0.881945 0 0.471353
    outer loop
      vertex 30.1208 0 11.5
      vertex 30.3287 5 11.889
      vertex 30.1208 5 11.5
    endloop
  endfacet
  facet normal -0.881945 0 0.471353
    outer loop
      vertex 30.3287 5 11.889
      vertex 30.1208 0 11.5
      vertex 30.3287 0 11.889
    endloop
  endfacet
  facet normal 0.290467 0 -0.956885
    outer loop
      vertex 27.389 0 14.8287
      vertex 27.811 5 14.9568
      vertex 27.811 0 14.9568
    endloop
  endfacet
  facet normal 0.290467 0 -0.956885
    outer loop
      vertex 27.811 5 14.9568
      vertex 27.389 0 14.8287
      vertex 27.389 5 14.8287
    endloop
  endfacet
  facet normal 0.290467 0 0.956885
    outer loop
      vertex 27.389 5 10.6713
      vertex 27.811 0 10.5432
      vertex 27.811 5 10.5432
    endloop
  endfacet
  facet normal 0.290467 0 0.956885
    outer loop
      vertex 27.811 0 10.5432
      vertex 27.389 5 10.6713
      vertex 27.389 0 10.6713
    endloop
  endfacet
  facet normal -0.995193 0 -0.0979324
    outer loop
      vertex 30.5 0 12.75
      vertex 30.4568 5 13.189
      vertex 30.5 5 12.75
    endloop
  endfacet
  facet normal -0.995193 -0 -0.0979324
    outer loop
      vertex 30.4568 5 13.189
      vertex 30.5 0 12.75
      vertex 30.4568 0 13.189
    endloop
  endfacet
  facet normal 0.995193 -0 0.0979324
    outer loop
      vertex 26 0 12.75
      vertex 26.0432 5 12.311
      vertex 26 5 12.75
    endloop
  endfacet
  facet normal 0.995193 0 0.0979324
    outer loop
      vertex 26.0432 5 12.311
      vertex 26 0 12.75
      vertex 26.0432 0 12.311
    endloop
  endfacet
  facet normal -0.956885 0 -0.290467
    outer loop
      vertex 30.4568 0 13.189
      vertex 30.3287 5 13.611
      vertex 30.4568 5 13.189
    endloop
  endfacet
  facet normal -0.956885 -0 -0.290467
    outer loop
      vertex 30.3287 5 13.611
      vertex 30.4568 0 13.189
      vertex 30.3287 0 13.611
    endloop
  endfacet
  facet normal 0.0979324 0 -0.995193
    outer loop
      vertex 27.811 0 14.9568
      vertex 28.25 5 15
      vertex 28.25 0 15
    endloop
  endfacet
  facet normal 0.0979324 0 -0.995193
    outer loop
      vertex 28.25 5 15
      vertex 27.811 0 14.9568
      vertex 27.811 5 14.9568
    endloop
  endfacet
  facet normal -0.634324 0 0.773068
    outer loop
      vertex 29.5 5 10.8792
      vertex 29.841 0 11.159
      vertex 29.841 5 11.159
    endloop
  endfacet
  facet normal -0.634324 0 0.773068
    outer loop
      vertex 29.841 0 11.159
      vertex 29.5 5 10.8792
      vertex 29.5 0 10.8792
    endloop
  endfacet
  facet normal 0.956885 -0 0.290467
    outer loop
      vertex 26.0432 0 12.311
      vertex 26.1713 5 11.889
      vertex 26.0432 5 12.311
    endloop
  endfacet
  facet normal 0.956885 0 0.290467
    outer loop
      vertex 26.1713 5 11.889
      vertex 26.0432 0 12.311
      vertex 26.1713 0 11.889
    endloop
  endfacet
  facet normal -0.881945 0 -0.471353
    outer loop
      vertex 30.3287 0 13.611
      vertex 30.1208 5 14
      vertex 30.3287 5 13.611
    endloop
  endfacet
  facet normal -0.881945 -0 -0.471353
    outer loop
      vertex 30.1208 5 14
      vertex 30.3287 0 13.611
      vertex 30.1208 0 14
    endloop
  endfacet
  facet normal -0.773068 0 -0.634324
    outer loop
      vertex 30.1208 0 14
      vertex 29.841 5 14.341
      vertex 30.1208 5 14
    endloop
  endfacet
  facet normal -0.773068 -0 -0.634324
    outer loop
      vertex 29.841 5 14.341
      vertex 30.1208 0 14
      vertex 29.841 0 14.341
    endloop
  endfacet
  facet normal -0.290467 0 -0.956885
    outer loop
      vertex 28.689 0 14.9568
      vertex 29.111 5 14.8287
      vertex 29.111 0 14.8287
    endloop
  endfacet
  facet normal -0.290467 0 -0.956885
    outer loop
      vertex 29.111 5 14.8287
      vertex 28.689 0 14.9568
      vertex 28.689 5 14.9568
    endloop
  endfacet
  facet normal -0.290467 0 0.956885
    outer loop
      vertex 28.689 5 10.5432
      vertex 29.111 0 10.6713
      vertex 29.111 5 10.6713
    endloop
  endfacet
  facet normal -0.290467 0 0.956885
    outer loop
      vertex 29.111 0 10.6713
      vertex 28.689 5 10.5432
      vertex 28.689 0 10.5432
    endloop
  endfacet
  facet normal -0.634324 0 -0.773068
    outer loop
      vertex 29.5 0 14.6208
      vertex 29.841 5 14.341
      vertex 29.841 0 14.341
    endloop
  endfacet
  facet normal -0.634324 0 -0.773068
    outer loop
      vertex 29.841 5 14.341
      vertex 29.5 0 14.6208
      vertex 29.5 5 14.6208
    endloop
  endfacet
  facet normal 0.471353 0 0.881945
    outer loop
      vertex 27 5 10.8792
      vertex 27.389 0 10.6713
      vertex 27.389 5 10.6713
    endloop
  endfacet
  facet normal 0.471353 0 0.881945
    outer loop
      vertex 27.389 0 10.6713
      vertex 27 5 10.8792
      vertex 27 0 10.8792
    endloop
  endfacet
  facet normal 0.634324 0 -0.773068
    outer loop
      vertex 26.659 0 14.341
      vertex 27 5 14.6208
      vertex 27 0 14.6208
    endloop
  endfacet
  facet normal 0.634324 0 -0.773068
    outer loop
      vertex 27 5 14.6208
      vertex 26.659 0 14.341
      vertex 26.659 5 14.341
    endloop
  endfacet
  facet normal -0.471353 0 -0.881945
    outer loop
      vertex 29.111 0 14.8287
      vertex 29.5 5 14.6208
      vertex 29.5 0 14.6208
    endloop
  endfacet
  facet normal -0.471353 0 -0.881945
    outer loop
      vertex 29.5 5 14.6208
      vertex 29.111 0 14.8287
      vertex 29.111 5 14.8287
    endloop
  endfacet
  facet normal 0.634324 0 0.773068
    outer loop
      vertex 26.659 5 11.159
      vertex 27 0 10.8792
      vertex 27 5 10.8792
    endloop
  endfacet
  facet normal 0.634324 0 0.773068
    outer loop
      vertex 27 0 10.8792
      vertex 26.659 5 11.159
      vertex 26.659 0 11.159
    endloop
  endfacet
  facet normal 0.773068 0 -0.634324
    outer loop
      vertex 26.659 0 14.341
      vertex 26.3792 5 14
      vertex 26.659 5 14.341
    endloop
  endfacet
  facet normal 0.773068 0 -0.634324
    outer loop
      vertex 26.3792 5 14
      vertex 26.659 0 14.341
      vertex 26.3792 0 14
    endloop
  endfacet
  facet normal -0.773068 0 0.634324
    outer loop
      vertex 29.841 0 11.159
      vertex 30.1208 5 11.5
      vertex 29.841 5 11.159
    endloop
  endfacet
  facet normal -0.773068 0 0.634324
    outer loop
      vertex 30.1208 5 11.5
      vertex 29.841 0 11.159
      vertex 30.1208 0 11.5
    endloop
  endfacet
  facet normal 0.956885 0 -0.290467
    outer loop
      vertex 26.1713 0 13.611
      vertex 26.0432 5 13.189
      vertex 26.1713 5 13.611
    endloop
  endfacet
  facet normal 0.956885 0 -0.290467
    outer loop
      vertex 26.0432 5 13.189
      vertex 26.1713 0 13.611
      vertex 26.0432 0 13.189
    endloop
  endfacet
  facet normal -0.471353 0 0.881945
    outer loop
      vertex 29.111 5 10.6713
      vertex 29.5 0 10.8792
      vertex 29.5 5 10.8792
    endloop
  endfacet
  facet normal -0.471353 0 0.881945
    outer loop
      vertex 29.5 0 10.8792
      vertex 29.111 5 10.6713
      vertex 29.111 0 10.6713
    endloop
  endfacet
  facet normal 0.881945 0 -0.471353
    outer loop
      vertex 26.3792 0 14
      vertex 26.1713 5 13.611
      vertex 26.3792 5 14
    endloop
  endfacet
  facet normal 0.881945 0 -0.471353
    outer loop
      vertex 26.1713 5 13.611
      vertex 26.3792 0 14
      vertex 26.1713 0 13.611
    endloop
  endfacet
  facet normal 0.773068 -0 0.634324
    outer loop
      vertex 26.3792 0 11.5
      vertex 26.659 5 11.159
      vertex 26.3792 5 11.5
    endloop
  endfacet
  facet normal 0.773068 0 0.634324
    outer loop
      vertex 26.659 5 11.159
      vertex 26.3792 0 11.5
      vertex 26.659 0 11.159
    endloop
  endfacet
  facet normal -0.0979324 0 -0.995193
    outer loop
      vertex 28.25 0 15
      vertex 28.689 5 14.9568
      vertex 28.689 0 14.9568
    endloop
  endfacet
  facet normal -0.0979324 0 -0.995193
    outer loop
      vertex 28.689 5 14.9568
      vertex 28.25 0 15
      vertex 28.25 5 15
    endloop
  endfacet
  facet normal -0.0979324 0 0.995193
    outer loop
      vertex 28.25 5 10.5
      vertex 28.689 0 10.5432
      vertex 28.689 5 10.5432
    endloop
  endfacet
  facet normal -0.0979324 0 0.995193
    outer loop
      vertex 28.689 0 10.5432
      vertex 28.25 5 10.5
      vertex 28.25 0 10.5
    endloop
  endfacet
  facet normal 0.0979324 0 0.995193
    outer loop
      vertex 27.811 5 10.5432
      vertex 28.25 0 10.5
      vertex 28.25 5 10.5
    endloop
  endfacet
  facet normal 0.0979324 0 0.995193
    outer loop
      vertex 28.25 0 10.5
      vertex 27.811 5 10.5432
      vertex 27.811 0 10.5432
    endloop
  endfacet
  facet normal 0.995193 0 -0.0979324
    outer loop
      vertex 26.0432 0 13.189
      vertex 26 5 12.75
      vertex 26.0432 5 13.189
    endloop
  endfacet
  facet normal 0.995193 0 -0.0979324
    outer loop
      vertex 26 5 12.75
      vertex 26.0432 0 13.189
      vertex 26 0 12.75
    endloop
  endfacet
  facet normal 0.471353 0 -0.881945
    outer loop
      vertex 27 0 14.6208
      vertex 27.389 5 14.8287
      vertex 27.389 0 14.8287
    endloop
  endfacet
  facet normal 0.471353 0 -0.881945
    outer loop
      vertex 27.389 5 14.8287
      vertex 27 0 14.6208
      vertex 27 5 14.6208
    endloop
  endfacet
  facet normal 0.881945 -0 0.471353
    outer loop
      vertex 26.1713 0 11.889
      vertex 26.3792 5 11.5
      vertex 26.1713 5 11.889
    endloop
  endfacet
  facet normal 0.881945 0 0.471353
    outer loop
      vertex 26.3792 5 11.5
      vertex 26.1713 0 11.889
      vertex 26.3792 0 11.5
    endloop
  endfacet
  facet normal -0.956885 0 0.290467
    outer loop
      vertex 30.3287 0 136.389
      vertex 30.4568 5 136.811
      vertex 30.3287 5 136.389
    endloop
  endfacet
  facet normal -0.956885 0 0.290467
    outer loop
      vertex 30.4568 5 136.811
      vertex 30.3287 0 136.389
      vertex 30.4568 0 136.811
    endloop
  endfacet
  facet normal -0.995193 0 0.0979324
    outer loop
      vertex 30.4568 0 136.811
      vertex 30.5 5 137.25
      vertex 30.4568 5 136.811
    endloop
  endfacet
  facet normal -0.995193 0 0.0979324
    outer loop
      vertex 30.5 5 137.25
      vertex 30.4568 0 136.811
      vertex 30.5 0 137.25
    endloop
  endfacet
  facet normal -0.881945 0 0.471353
    outer loop
      vertex 30.1208 0 136
      vertex 30.3287 5 136.389
      vertex 30.1208 5 136
    endloop
  endfacet
  facet normal -0.881945 0 0.471353
    outer loop
      vertex 30.3287 5 136.389
      vertex 30.1208 0 136
      vertex 30.3287 0 136.389
    endloop
  endfacet
  facet normal 0.290259 0 -0.956948
    outer loop
      vertex 27.389 0 139.329
      vertex 27.811 5 139.457
      vertex 27.811 0 139.457
    endloop
  endfacet
  facet normal 0.290259 0 -0.956948
    outer loop
      vertex 27.811 5 139.457
      vertex 27.389 0 139.329
      vertex 27.389 5 139.329
    endloop
  endfacet
  facet normal 0.290259 0 0.956948
    outer loop
      vertex 27.389 5 135.171
      vertex 27.811 0 135.043
      vertex 27.811 5 135.043
    endloop
  endfacet
  facet normal 0.290259 0 0.956948
    outer loop
      vertex 27.811 0 135.043
      vertex 27.389 5 135.171
      vertex 27.389 0 135.171
    endloop
  endfacet
  facet normal -0.995193 0 -0.0979324
    outer loop
      vertex 30.5 0 137.25
      vertex 30.4568 5 137.689
      vertex 30.5 5 137.25
    endloop
  endfacet
  facet normal -0.995193 -0 -0.0979324
    outer loop
      vertex 30.4568 5 137.689
      vertex 30.5 0 137.25
      vertex 30.4568 0 137.689
    endloop
  endfacet
  facet normal 0.995193 -0 0.0979324
    outer loop
      vertex 26 0 137.25
      vertex 26.0432 5 136.811
      vertex 26 5 137.25
    endloop
  endfacet
  facet normal 0.995193 0 0.0979324
    outer loop
      vertex 26.0432 5 136.811
      vertex 26 0 137.25
      vertex 26.0432 0 136.811
    endloop
  endfacet
  facet normal -0.956885 0 -0.290467
    outer loop
      vertex 30.4568 0 137.689
      vertex 30.3287 5 138.111
      vertex 30.4568 5 137.689
    endloop
  endfacet
  facet normal -0.956885 -0 -0.290467
    outer loop
      vertex 30.3287 5 138.111
      vertex 30.4568 0 137.689
      vertex 30.3287 0 138.111
    endloop
  endfacet
  facet normal 0.0974834 0 -0.995237
    outer loop
      vertex 27.811 0 139.457
      vertex 28.25 5 139.5
      vertex 28.25 0 139.5
    endloop
  endfacet
  facet normal 0.0974834 0 -0.995237
    outer loop
      vertex 28.25 5 139.5
      vertex 27.811 0 139.457
      vertex 27.811 5 139.457
    endloop
  endfacet
  facet normal -0.634594 0 0.772845
    outer loop
      vertex 29.5 5 135.379
      vertex 29.841 0 135.659
      vertex 29.841 5 135.659
    endloop
  endfacet
  facet normal -0.634594 0 0.772845
    outer loop
      vertex 29.841 0 135.659
      vertex 29.5 5 135.379
      vertex 29.5 0 135.379
    endloop
  endfacet
  facet normal 0.956885 -0 0.290467
    outer loop
      vertex 26.0432 0 136.811
      vertex 26.1713 5 136.389
      vertex 26.0432 5 136.811
    endloop
  endfacet
  facet normal 0.956885 0 0.290467
    outer loop
      vertex 26.1713 5 136.389
      vertex 26.0432 0 136.811
      vertex 26.1713 0 136.389
    endloop
  endfacet
  facet normal -0.881945 0 -0.471353
    outer loop
      vertex 30.3287 0 138.111
      vertex 30.1208 5 138.5
      vertex 30.3287 5 138.111
    endloop
  endfacet
  facet normal -0.881945 -0 -0.471353
    outer loop
      vertex 30.1208 5 138.5
      vertex 30.3287 0 138.111
      vertex 30.1208 0 138.5
    endloop
  endfacet
  facet normal -0.773068 0 -0.634324
    outer loop
      vertex 30.1208 0 138.5
      vertex 29.841 5 138.841
      vertex 30.1208 5 138.5
    endloop
  endfacet
  facet normal -0.773068 -0 -0.634324
    outer loop
      vertex 29.841 5 138.841
      vertex 30.1208 0 138.5
      vertex 29.841 0 138.841
    endloop
  endfacet
  facet normal -0.290259 0 -0.956948
    outer loop
      vertex 28.689 0 139.457
      vertex 29.111 5 139.329
      vertex 29.111 0 139.329
    endloop
  endfacet
  facet normal -0.290259 0 -0.956948
    outer loop
      vertex 29.111 5 139.329
      vertex 28.689 0 139.457
      vertex 28.689 5 139.457
    endloop
  endfacet
  facet normal -0.290259 0 0.956948
    outer loop
      vertex 28.689 5 135.043
      vertex 29.111 0 135.171
      vertex 29.111 5 135.171
    endloop
  endfacet
  facet normal -0.290259 0 0.956948
    outer loop
      vertex 29.111 0 135.171
      vertex 28.689 5 135.043
      vertex 28.689 0 135.043
    endloop
  endfacet
  facet normal -0.471529 0 0.88185
    outer loop
      vertex 29.111 5 135.171
      vertex 29.5 0 135.379
      vertex 29.5 5 135.379
    endloop
  endfacet
  facet normal -0.471529 0 0.88185
    outer loop
      vertex 29.5 0 135.379
      vertex 29.111 5 135.171
      vertex 29.111 0 135.171
    endloop
  endfacet
  facet normal -0.634594 0 -0.772845
    outer loop
      vertex 29.5 0 139.121
      vertex 29.841 5 138.841
      vertex 29.841 0 138.841
    endloop
  endfacet
  facet normal -0.634594 0 -0.772845
    outer loop
      vertex 29.841 5 138.841
      vertex 29.5 0 139.121
      vertex 29.5 5 139.121
    endloop
  endfacet
  facet normal 0.471529 0 0.88185
    outer loop
      vertex 27 5 135.379
      vertex 27.389 0 135.171
      vertex 27.389 5 135.171
    endloop
  endfacet
  facet normal 0.471529 0 0.88185
    outer loop
      vertex 27.389 0 135.171
      vertex 27 5 135.379
      vertex 27 0 135.379
    endloop
  endfacet
  facet normal 0.634594 0 -0.772845
    outer loop
      vertex 26.659 0 138.841
      vertex 27 5 139.121
      vertex 27 0 139.121
    endloop
  endfacet
  facet normal 0.634594 0 -0.772845
    outer loop
      vertex 27 5 139.121
      vertex 26.659 0 138.841
      vertex 26.659 5 138.841
    endloop
  endfacet
  facet normal -0.471529 0 -0.88185
    outer loop
      vertex 29.111 0 139.329
      vertex 29.5 5 139.121
      vertex 29.5 0 139.121
    endloop
  endfacet
  facet normal -0.471529 0 -0.88185
    outer loop
      vertex 29.5 5 139.121
      vertex 29.111 0 139.329
      vertex 29.111 5 139.329
    endloop
  endfacet
  facet normal 0.634594 0 0.772845
    outer loop
      vertex 26.659 5 135.659
      vertex 27 0 135.379
      vertex 27 5 135.379
    endloop
  endfacet
  facet normal 0.634594 0 0.772845
    outer loop
      vertex 27 0 135.379
      vertex 26.659 5 135.659
      vertex 26.659 0 135.659
    endloop
  endfacet
  facet normal 0.773068 0 -0.634324
    outer loop
      vertex 26.659 0 138.841
      vertex 26.3792 5 138.5
      vertex 26.659 5 138.841
    endloop
  endfacet
  facet normal 0.773068 0 -0.634324
    outer loop
      vertex 26.3792 5 138.5
      vertex 26.659 0 138.841
      vertex 26.3792 0 138.5
    endloop
  endfacet
  facet normal -0.773068 0 0.634324
    outer loop
      vertex 29.841 0 135.659
      vertex 30.1208 5 136
      vertex 29.841 5 135.659
    endloop
  endfacet
  facet normal -0.773068 0 0.634324
    outer loop
      vertex 30.1208 5 136
      vertex 29.841 0 135.659
      vertex 30.1208 0 136
    endloop
  endfacet
  facet normal 0.956885 0 -0.290467
    outer loop
      vertex 26.1713 0 138.111
      vertex 26.0432 5 137.689
      vertex 26.1713 5 138.111
    endloop
  endfacet
  facet normal 0.956885 0 -0.290467
    outer loop
      vertex 26.0432 5 137.689
      vertex 26.1713 0 138.111
      vertex 26.0432 0 137.689
    endloop
  endfacet
  facet normal 0.881945 0 -0.471353
    outer loop
      vertex 26.3792 0 138.5
      vertex 26.1713 5 138.111
      vertex 26.3792 5 138.5
    endloop
  endfacet
  facet normal 0.881945 0 -0.471353
    outer loop
      vertex 26.1713 5 138.111
      vertex 26.3792 0 138.5
      vertex 26.1713 0 138.111
    endloop
  endfacet
  facet normal 0.773068 -0 0.634324
    outer loop
      vertex 26.3792 0 136
      vertex 26.659 5 135.659
      vertex 26.3792 5 136
    endloop
  endfacet
  facet normal 0.773068 0 0.634324
    outer loop
      vertex 26.659 5 135.659
      vertex 26.3792 0 136
      vertex 26.659 0 135.659
    endloop
  endfacet
  facet normal -0.0974834 0 -0.995237
    outer loop
      vertex 28.25 0 139.5
      vertex 28.689 5 139.457
      vertex 28.689 0 139.457
    endloop
  endfacet
  facet normal -0.0974834 0 -0.995237
    outer loop
      vertex 28.689 5 139.457
      vertex 28.25 0 139.5
      vertex 28.25 5 139.5
    endloop
  endfacet
  facet normal -0.0974834 0 0.995237
    outer loop
      vertex 28.25 5 135
      vertex 28.689 0 135.043
      vertex 28.689 5 135.043
    endloop
  endfacet
  facet normal -0.0974834 0 0.995237
    outer loop
      vertex 28.689 0 135.043
      vertex 28.25 5 135
      vertex 28.25 0 135
    endloop
  endfacet
  facet normal 0.0974834 0 0.995237
    outer loop
      vertex 27.811 5 135.043
      vertex 28.25 0 135
      vertex 28.25 5 135
    endloop
  endfacet
  facet normal 0.0974834 0 0.995237
    outer loop
      vertex 28.25 0 135
      vertex 27.811 5 135.043
      vertex 27.811 0 135.043
    endloop
  endfacet
  facet normal 0.995193 0 -0.0979324
    outer loop
      vertex 26.0432 0 137.689
      vertex 26 5 137.25
      vertex 26.0432 5 137.689
    endloop
  endfacet
  facet normal 0.995193 0 -0.0979324
    outer loop
      vertex 26 5 137.25
      vertex 26.0432 0 137.689
      vertex 26 0 137.25
    endloop
  endfacet
  facet normal 0.471529 0 -0.88185
    outer loop
      vertex 27 0 139.121
      vertex 27.389 5 139.329
      vertex 27.389 0 139.329
    endloop
  endfacet
  facet normal 0.471529 0 -0.88185
    outer loop
      vertex 27.389 5 139.329
      vertex 27 0 139.121
      vertex 27 5 139.121
    endloop
  endfacet
  facet normal 0.881945 -0 0.471353
    outer loop
      vertex 26.1713 0 136.389
      vertex 26.3792 5 136
      vertex 26.1713 5 136.389
    endloop
  endfacet
  facet normal 0.881945 0 0.471353
    outer loop
      vertex 26.3792 5 136
      vertex 26.1713 0 136.389
      vertex 26.3792 0 136
    endloop
  endfacet
  facet normal -0.956948 0 0.290259
    outer loop
      vertex 154.829 0 11.889
      vertex 154.957 5 12.311
      vertex 154.829 5 11.889
    endloop
  endfacet
  facet normal -0.956948 0 0.290259
    outer loop
      vertex 154.957 5 12.311
      vertex 154.829 0 11.889
      vertex 154.957 0 12.311
    endloop
  endfacet
  facet normal -0.995237 0 0.0974834
    outer loop
      vertex 154.957 0 12.311
      vertex 155 5 12.75
      vertex 154.957 5 12.311
    endloop
  endfacet
  facet normal -0.995237 0 0.0974834
    outer loop
      vertex 155 5 12.75
      vertex 154.957 0 12.311
      vertex 155 0 12.75
    endloop
  endfacet
  facet normal -0.88185 0 0.471529
    outer loop
      vertex 154.621 0 11.5
      vertex 154.829 5 11.889
      vertex 154.621 5 11.5
    endloop
  endfacet
  facet normal -0.88185 0 0.471529
    outer loop
      vertex 154.829 5 11.889
      vertex 154.621 0 11.5
      vertex 154.829 0 11.889
    endloop
  endfacet
  facet normal 0.290467 0 -0.956885
    outer loop
      vertex 151.889 0 14.8287
      vertex 152.311 5 14.9568
      vertex 152.311 0 14.9568
    endloop
  endfacet
  facet normal 0.290467 0 -0.956885
    outer loop
      vertex 152.311 5 14.9568
      vertex 151.889 0 14.8287
      vertex 151.889 5 14.8287
    endloop
  endfacet
  facet normal 0.290467 0 0.956885
    outer loop
      vertex 151.889 5 10.6713
      vertex 152.311 0 10.5432
      vertex 152.311 5 10.5432
    endloop
  endfacet
  facet normal 0.290467 0 0.956885
    outer loop
      vertex 152.311 0 10.5432
      vertex 151.889 5 10.6713
      vertex 151.889 0 10.6713
    endloop
  endfacet
  facet normal -0.995237 0 -0.0974834
    outer loop
      vertex 155 0 12.75
      vertex 154.957 5 13.189
      vertex 155 5 12.75
    endloop
  endfacet
  facet normal -0.995237 -0 -0.0974834
    outer loop
      vertex 154.957 5 13.189
      vertex 155 0 12.75
      vertex 154.957 0 13.189
    endloop
  endfacet
  facet normal 0.995237 -0 0.0974834
    outer loop
      vertex 150.5 0 12.75
      vertex 150.543 5 12.311
      vertex 150.5 5 12.75
    endloop
  endfacet
  facet normal 0.995237 0 0.0974834
    outer loop
      vertex 150.543 5 12.311
      vertex 150.5 0 12.75
      vertex 150.543 0 12.311
    endloop
  endfacet
  facet normal -0.956948 0 -0.290259
    outer loop
      vertex 154.957 0 13.189
      vertex 154.829 5 13.611
      vertex 154.957 5 13.189
    endloop
  endfacet
  facet normal -0.956948 -0 -0.290259
    outer loop
      vertex 154.829 5 13.611
      vertex 154.957 0 13.189
      vertex 154.829 0 13.611
    endloop
  endfacet
  facet normal 0.0979324 0 -0.995193
    outer loop
      vertex 152.311 0 14.9568
      vertex 152.75 5 15
      vertex 152.75 0 15
    endloop
  endfacet
  facet normal 0.0979324 0 -0.995193
    outer loop
      vertex 152.75 5 15
      vertex 152.311 0 14.9568
      vertex 152.311 5 14.9568
    endloop
  endfacet
  facet normal -0.634324 0 0.773068
    outer loop
      vertex 154 5 10.8792
      vertex 154.341 0 11.159
      vertex 154.341 5 11.159
    endloop
  endfacet
  facet normal -0.634324 0 0.773068
    outer loop
      vertex 154.341 0 11.159
      vertex 154 5 10.8792
      vertex 154 0 10.8792
    endloop
  endfacet
  facet normal 0.956948 -0 0.290259
    outer loop
      vertex 150.543 0 12.311
      vertex 150.671 5 11.889
      vertex 150.543 5 12.311
    endloop
  endfacet
  facet normal 0.956948 0 0.290259
    outer loop
      vertex 150.671 5 11.889
      vertex 150.543 0 12.311
      vertex 150.671 0 11.889
    endloop
  endfacet
  facet normal -0.88185 0 -0.471529
    outer loop
      vertex 154.829 0 13.611
      vertex 154.621 5 14
      vertex 154.829 5 13.611
    endloop
  endfacet
  facet normal -0.88185 -0 -0.471529
    outer loop
      vertex 154.621 5 14
      vertex 154.829 0 13.611
      vertex 154.621 0 14
    endloop
  endfacet
  facet normal -0.772845 0 -0.634594
    outer loop
      vertex 154.621 0 14
      vertex 154.341 5 14.341
      vertex 154.621 5 14
    endloop
  endfacet
  facet normal -0.772845 -0 -0.634594
    outer loop
      vertex 154.341 5 14.341
      vertex 154.621 0 14
      vertex 154.341 0 14.341
    endloop
  endfacet
  facet normal -0.290467 0 -0.956885
    outer loop
      vertex 153.189 0 14.9568
      vertex 153.611 5 14.8287
      vertex 153.611 0 14.8287
    endloop
  endfacet
  facet normal -0.290467 0 -0.956885
    outer loop
      vertex 153.611 5 14.8287
      vertex 153.189 0 14.9568
      vertex 153.189 5 14.9568
    endloop
  endfacet
  facet normal -0.290467 0 0.956885
    outer loop
      vertex 153.189 5 10.5432
      vertex 153.611 0 10.6713
      vertex 153.611 5 10.6713
    endloop
  endfacet
  facet normal -0.290467 0 0.956885
    outer loop
      vertex 153.611 0 10.6713
      vertex 153.189 5 10.5432
      vertex 153.189 0 10.5432
    endloop
  endfacet
  facet normal -0.471353 0 0.881945
    outer loop
      vertex 153.611 5 10.6713
      vertex 154 0 10.8792
      vertex 154 5 10.8792
    endloop
  endfacet
  facet normal -0.471353 0 0.881945
    outer loop
      vertex 154 0 10.8792
      vertex 153.611 5 10.6713
      vertex 153.611 0 10.6713
    endloop
  endfacet
  facet normal -0.634324 0 -0.773068
    outer loop
      vertex 154 0 14.6208
      vertex 154.341 5 14.341
      vertex 154.341 0 14.341
    endloop
  endfacet
  facet normal -0.634324 0 -0.773068
    outer loop
      vertex 154.341 5 14.341
      vertex 154 0 14.6208
      vertex 154 5 14.6208
    endloop
  endfacet
  facet normal 0.471353 0 0.881945
    outer loop
      vertex 151.5 5 10.8792
      vertex 151.889 0 10.6713
      vertex 151.889 5 10.6713
    endloop
  endfacet
  facet normal 0.471353 0 0.881945
    outer loop
      vertex 151.889 0 10.6713
      vertex 151.5 5 10.8792
      vertex 151.5 0 10.8792
    endloop
  endfacet
  facet normal 0.634324 0 -0.773068
    outer loop
      vertex 151.159 0 14.341
      vertex 151.5 5 14.6208
      vertex 151.5 0 14.6208
    endloop
  endfacet
  facet normal 0.634324 0 -0.773068
    outer loop
      vertex 151.5 5 14.6208
      vertex 151.159 0 14.341
      vertex 151.159 5 14.341
    endloop
  endfacet
  facet normal -0.471353 0 -0.881945
    outer loop
      vertex 153.611 0 14.8287
      vertex 154 5 14.6208
      vertex 154 0 14.6208
    endloop
  endfacet
  facet normal -0.471353 0 -0.881945
    outer loop
      vertex 154 5 14.6208
      vertex 153.611 0 14.8287
      vertex 153.611 5 14.8287
    endloop
  endfacet
  facet normal 0.634324 0 0.773068
    outer loop
      vertex 151.159 5 11.159
      vertex 151.5 0 10.8792
      vertex 151.5 5 10.8792
    endloop
  endfacet
  facet normal 0.634324 0 0.773068
    outer loop
      vertex 151.5 0 10.8792
      vertex 151.159 5 11.159
      vertex 151.159 0 11.159
    endloop
  endfacet
  facet normal 0.772845 0 -0.634594
    outer loop
      vertex 151.159 0 14.341
      vertex 150.879 5 14
      vertex 151.159 5 14.341
    endloop
  endfacet
  facet normal 0.772845 0 -0.634594
    outer loop
      vertex 150.879 5 14
      vertex 151.159 0 14.341
      vertex 150.879 0 14
    endloop
  endfacet
  facet normal -0.772845 0 0.634594
    outer loop
      vertex 154.341 0 11.159
      vertex 154.621 5 11.5
      vertex 154.341 5 11.159
    endloop
  endfacet
  facet normal -0.772845 0 0.634594
    outer loop
      vertex 154.621 5 11.5
      vertex 154.341 0 11.159
      vertex 154.621 0 11.5
    endloop
  endfacet
  facet normal 0.956948 0 -0.290259
    outer loop
      vertex 150.671 0 13.611
      vertex 150.543 5 13.189
      vertex 150.671 5 13.611
    endloop
  endfacet
  facet normal 0.956948 0 -0.290259
    outer loop
      vertex 150.543 5 13.189
      vertex 150.671 0 13.611
      vertex 150.543 0 13.189
    endloop
  endfacet
  facet normal 0.88185 0 -0.471529
    outer loop
      vertex 150.879 0 14
      vertex 150.671 5 13.611
      vertex 150.879 5 14
    endloop
  endfacet
  facet normal 0.88185 0 -0.471529
    outer loop
      vertex 150.671 5 13.611
      vertex 150.879 0 14
      vertex 150.671 0 13.611
    endloop
  endfacet
  facet normal 0.772845 -0 0.634594
    outer loop
      vertex 150.879 0 11.5
      vertex 151.159 5 11.159
      vertex 150.879 5 11.5
    endloop
  endfacet
  facet normal 0.772845 0 0.634594
    outer loop
      vertex 151.159 5 11.159
      vertex 150.879 0 11.5
      vertex 151.159 0 11.159
    endloop
  endfacet
  facet normal -0.0979324 0 -0.995193
    outer loop
      vertex 152.75 0 15
      vertex 153.189 5 14.9568
      vertex 153.189 0 14.9568
    endloop
  endfacet
  facet normal -0.0979324 0 -0.995193
    outer loop
      vertex 153.189 5 14.9568
      vertex 152.75 0 15
      vertex 152.75 5 15
    endloop
  endfacet
  facet normal -0.0979324 0 0.995193
    outer loop
      vertex 152.75 5 10.5
      vertex 153.189 0 10.5432
      vertex 153.189 5 10.5432
    endloop
  endfacet
  facet normal -0.0979324 0 0.995193
    outer loop
      vertex 153.189 0 10.5432
      vertex 152.75 5 10.5
      vertex 152.75 0 10.5
    endloop
  endfacet
  facet normal 0.0979324 0 0.995193
    outer loop
      vertex 152.311 5 10.5432
      vertex 152.75 0 10.5
      vertex 152.75 5 10.5
    endloop
  endfacet
  facet normal 0.0979324 0 0.995193
    outer loop
      vertex 152.75 0 10.5
      vertex 152.311 5 10.5432
      vertex 152.311 0 10.5432
    endloop
  endfacet
  facet normal 0.995237 0 -0.0974834
    outer loop
      vertex 150.543 0 13.189
      vertex 150.5 5 12.75
      vertex 150.543 5 13.189
    endloop
  endfacet
  facet normal 0.995237 0 -0.0974834
    outer loop
      vertex 150.5 5 12.75
      vertex 150.543 0 13.189
      vertex 150.5 0 12.75
    endloop
  endfacet
  facet normal 0.471353 0 -0.881945
    outer loop
      vertex 151.5 0 14.6208
      vertex 151.889 5 14.8287
      vertex 151.889 0 14.8287
    endloop
  endfacet
  facet normal 0.471353 0 -0.881945
    outer loop
      vertex 151.889 5 14.8287
      vertex 151.5 0 14.6208
      vertex 151.5 5 14.6208
    endloop
  endfacet
  facet normal 0.88185 -0 0.471529
    outer loop
      vertex 150.671 0 11.889
      vertex 150.879 5 11.5
      vertex 150.671 5 11.889
    endloop
  endfacet
  facet normal 0.88185 0 0.471529
    outer loop
      vertex 150.879 5 11.5
      vertex 150.671 0 11.889
      vertex 150.879 0 11.5
    endloop
  endfacet
  facet normal -0.956948 0 0.290259
    outer loop
      vertex 154.829 0 136.389
      vertex 154.957 5 136.811
      vertex 154.829 5 136.389
    endloop
  endfacet
  facet normal -0.956948 0 0.290259
    outer loop
      vertex 154.957 5 136.811
      vertex 154.829 0 136.389
      vertex 154.957 0 136.811
    endloop
  endfacet
  facet normal -0.995237 0 0.0974834
    outer loop
      vertex 154.957 0 136.811
      vertex 155 5 137.25
      vertex 154.957 5 136.811
    endloop
  endfacet
  facet normal -0.995237 0 0.0974834
    outer loop
      vertex 155 5 137.25
      vertex 154.957 0 136.811
      vertex 155 0 137.25
    endloop
  endfacet
  facet normal -0.88185 0 0.471529
    outer loop
      vertex 154.621 0 136
      vertex 154.829 5 136.389
      vertex 154.621 5 136
    endloop
  endfacet
  facet normal -0.88185 0 0.471529
    outer loop
      vertex 154.829 5 136.389
      vertex 154.621 0 136
      vertex 154.829 0 136.389
    endloop
  endfacet
  facet normal 0.290259 0 -0.956948
    outer loop
      vertex 151.889 0 139.329
      vertex 152.311 5 139.457
      vertex 152.311 0 139.457
    endloop
  endfacet
  facet normal 0.290259 0 -0.956948
    outer loop
      vertex 152.311 5 139.457
      vertex 151.889 0 139.329
      vertex 151.889 5 139.329
    endloop
  endfacet
  facet normal 0.290259 0 0.956948
    outer loop
      vertex 151.889 5 135.171
      vertex 152.311 0 135.043
      vertex 152.311 5 135.043
    endloop
  endfacet
  facet normal 0.290259 0 0.956948
    outer loop
      vertex 152.311 0 135.043
      vertex 151.889 5 135.171
      vertex 151.889 0 135.171
    endloop
  endfacet
  facet normal -0.995237 0 -0.0974834
    outer loop
      vertex 155 0 137.25
      vertex 154.957 5 137.689
      vertex 155 5 137.25
    endloop
  endfacet
  facet normal -0.995237 -0 -0.0974834
    outer loop
      vertex 154.957 5 137.689
      vertex 155 0 137.25
      vertex 154.957 0 137.689
    endloop
  endfacet
  facet normal 0.995237 -0 0.0974834
    outer loop
      vertex 150.5 0 137.25
      vertex 150.543 5 136.811
      vertex 150.5 5 137.25
    endloop
  endfacet
  facet normal 0.995237 0 0.0974834
    outer loop
      vertex 150.543 5 136.811
      vertex 150.5 0 137.25
      vertex 150.543 0 136.811
    endloop
  endfacet
  facet normal -0.956948 0 -0.290259
    outer loop
      vertex 154.957 0 137.689
      vertex 154.829 5 138.111
      vertex 154.957 5 137.689
    endloop
  endfacet
  facet normal -0.956948 -0 -0.290259
    outer loop
      vertex 154.829 5 138.111
      vertex 154.957 0 137.689
      vertex 154.829 0 138.111
    endloop
  endfacet
  facet normal 0.0974834 0 -0.995237
    outer loop
      vertex 152.311 0 139.457
      vertex 152.75 5 139.5
      vertex 152.75 0 139.5
    endloop
  endfacet
  facet normal 0.0974834 0 -0.995237
    outer loop
      vertex 152.75 5 139.5
      vertex 152.311 0 139.457
      vertex 152.311 5 139.457
    endloop
  endfacet
  facet normal -0.634594 0 0.772845
    outer loop
      vertex 154 5 135.379
      vertex 154.341 0 135.659
      vertex 154.341 5 135.659
    endloop
  endfacet
  facet normal -0.634594 0 0.772845
    outer loop
      vertex 154.341 0 135.659
      vertex 154 5 135.379
      vertex 154 0 135.379
    endloop
  endfacet
  facet normal 0.956948 -0 0.290259
    outer loop
      vertex 150.543 0 136.811
      vertex 150.671 5 136.389
      vertex 150.543 5 136.811
    endloop
  endfacet
  facet normal 0.956948 0 0.290259
    outer loop
      vertex 150.671 5 136.389
      vertex 150.543 0 136.811
      vertex 150.671 0 136.389
    endloop
  endfacet
  facet normal -0.88185 0 -0.471529
    outer loop
      vertex 154.829 0 138.111
      vertex 154.621 5 138.5
      vertex 154.829 5 138.111
    endloop
  endfacet
  facet normal -0.88185 -0 -0.471529
    outer loop
      vertex 154.621 5 138.5
      vertex 154.829 0 138.111
      vertex 154.621 0 138.5
    endloop
  endfacet
  facet normal -0.772845 0 -0.634594
    outer loop
      vertex 154.621 0 138.5
      vertex 154.341 5 138.841
      vertex 154.621 5 138.5
    endloop
  endfacet
  facet normal -0.772845 -0 -0.634594
    outer loop
      vertex 154.341 5 138.841
      vertex 154.621 0 138.5
      vertex 154.341 0 138.841
    endloop
  endfacet
  facet normal -0.290259 0 -0.956948
    outer loop
      vertex 153.189 0 139.457
      vertex 153.611 5 139.329
      vertex 153.611 0 139.329
    endloop
  endfacet
  facet normal -0.290259 0 -0.956948
    outer loop
      vertex 153.611 5 139.329
      vertex 153.189 0 139.457
      vertex 153.189 5 139.457
    endloop
  endfacet
  facet normal -0.290259 0 0.956948
    outer loop
      vertex 153.189 5 135.043
      vertex 153.611 0 135.171
      vertex 153.611 5 135.171
    endloop
  endfacet
  facet normal -0.290259 0 0.956948
    outer loop
      vertex 153.611 0 135.171
      vertex 153.189 5 135.043
      vertex 153.189 0 135.043
    endloop
  endfacet
  facet normal -0.471529 0 0.88185
    outer loop
      vertex 153.611 5 135.171
      vertex 154 0 135.379
      vertex 154 5 135.379
    endloop
  endfacet
  facet normal -0.471529 0 0.88185
    outer loop
      vertex 154 0 135.379
      vertex 153.611 5 135.171
      vertex 153.611 0 135.171
    endloop
  endfacet
  facet normal -0.634594 0 -0.772845
    outer loop
      vertex 154 0 139.121
      vertex 154.341 5 138.841
      vertex 154.341 0 138.841
    endloop
  endfacet
  facet normal -0.634594 0 -0.772845
    outer loop
      vertex 154.341 5 138.841
      vertex 154 0 139.121
      vertex 154 5 139.121
    endloop
  endfacet
  facet normal 0.471529 0 0.88185
    outer loop
      vertex 151.5 5 135.379
      vertex 151.889 0 135.171
      vertex 151.889 5 135.171
    endloop
  endfacet
  facet normal 0.471529 0 0.88185
    outer loop
      vertex 151.889 0 135.171
      vertex 151.5 5 135.379
      vertex 151.5 0 135.379
    endloop
  endfacet
  facet normal 0.634594 0 -0.772845
    outer loop
      vertex 151.159 0 138.841
      vertex 151.5 5 139.121
      vertex 151.5 0 139.121
    endloop
  endfacet
  facet normal 0.634594 0 -0.772845
    outer loop
      vertex 151.5 5 139.121
      vertex 151.159 0 138.841
      vertex 151.159 5 138.841
    endloop
  endfacet
  facet normal -0.471529 0 -0.88185
    outer loop
      vertex 153.611 0 139.329
      vertex 154 5 139.121
      vertex 154 0 139.121
    endloop
  endfacet
  facet normal -0.471529 0 -0.88185
    outer loop
      vertex 154 5 139.121
      vertex 153.611 0 139.329
      vertex 153.611 5 139.329
    endloop
  endfacet
  facet normal 0.634594 0 0.772845
    outer loop
      vertex 151.159 5 135.659
      vertex 151.5 0 135.379
      vertex 151.5 5 135.379
    endloop
  endfacet
  facet normal 0.634594 0 0.772845
    outer loop
      vertex 151.5 0 135.379
      vertex 151.159 5 135.659
      vertex 151.159 0 135.659
    endloop
  endfacet
  facet normal 0.772845 0 -0.634594
    outer loop
      vertex 151.159 0 138.841
      vertex 150.879 5 138.5
      vertex 151.159 5 138.841
    endloop
  endfacet
  facet normal 0.772845 0 -0.634594
    outer loop
      vertex 150.879 5 138.5
      vertex 151.159 0 138.841
      vertex 150.879 0 138.5
    endloop
  endfacet
  facet normal -0.772845 0 0.634594
    outer loop
      vertex 154.341 0 135.659
      vertex 154.621 5 136
      vertex 154.341 5 135.659
    endloop
  endfacet
  facet normal -0.772845 0 0.634594
    outer loop
      vertex 154.621 5 136
      vertex 154.341 0 135.659
      vertex 154.621 0 136
    endloop
  endfacet
  facet normal 0.956948 0 -0.290259
    outer loop
      vertex 150.671 0 138.111
      vertex 150.543 5 137.689
      vertex 150.671 5 138.111
    endloop
  endfacet
  facet normal 0.956948 0 -0.290259
    outer loop
      vertex 150.543 5 137.689
      vertex 150.671 0 138.111
      vertex 150.543 0 137.689
    endloop
  endfacet
  facet normal 0.88185 0 -0.471529
    outer loop
      vertex 150.879 0 138.5
      vertex 150.671 5 138.111
      vertex 150.879 5 138.5
    endloop
  endfacet
  facet normal 0.88185 0 -0.471529
    outer loop
      vertex 150.671 5 138.111
      vertex 150.879 0 138.5
      vertex 150.671 0 138.111
    endloop
  endfacet
  facet normal 0.772845 -0 0.634594
    outer loop
      vertex 150.879 0 136
      vertex 151.159 5 135.659
      vertex 150.879 5 136
    endloop
  endfacet
  facet normal 0.772845 0 0.634594
    outer loop
      vertex 151.159 5 135.659
      vertex 150.879 0 136
      vertex 151.159 0 135.659
    endloop
  endfacet
  facet normal -0.0974834 0 -0.995237
    outer loop
      vertex 152.75 0 139.5
      vertex 153.189 5 139.457
      vertex 153.189 0 139.457
    endloop
  endfacet
  facet normal -0.0974834 0 -0.995237
    outer loop
      vertex 153.189 5 139.457
      vertex 152.75 0 139.5
      vertex 152.75 5 139.5
    endloop
  endfacet
  facet normal -0.0974834 0 0.995237
    outer loop
      vertex 152.75 5 135
      vertex 153.189 0 135.043
      vertex 153.189 5 135.043
    endloop
  endfacet
  facet normal -0.0974834 0 0.995237
    outer loop
      vertex 153.189 0 135.043
      vertex 152.75 5 135
      vertex 152.75 0 135
    endloop
  endfacet
  facet normal 0.0974834 0 0.995237
    outer loop
      vertex 152.311 5 135.043
      vertex 152.75 0 135
      vertex 152.75 5 135
    endloop
  endfacet
  facet normal 0.0974834 0 0.995237
    outer loop
      vertex 152.75 0 135
      vertex 152.311 5 135.043
      vertex 152.311 0 135.043
    endloop
  endfacet
  facet normal 0.995237 0 -0.0974834
    outer loop
      vertex 150.543 0 137.689
      vertex 150.5 5 137.25
      vertex 150.543 5 137.689
    endloop
  endfacet
  facet normal 0.995237 0 -0.0974834
    outer loop
      vertex 150.5 5 137.25
      vertex 150.543 0 137.689
      vertex 150.5 0 137.25
    endloop
  endfacet
  facet normal 0.471529 0 -0.88185
    outer loop
      vertex 151.5 0 139.121
      vertex 151.889 5 139.329
      vertex 151.889 0 139.329
    endloop
  endfacet
  facet normal 0.471529 0 -0.88185
    outer loop
      vertex 151.889 5 139.329
      vertex 151.5 0 139.121
      vertex 151.5 5 139.121
    endloop
  endfacet
  facet normal 0.88185 -0 0.471529
    outer loop
      vertex 150.671 0 136.389
      vertex 150.879 5 136
      vertex 150.671 5 136.389
    endloop
  endfacet
  facet normal 0.88185 0 0.471529
    outer loop
      vertex 150.879 5 136
      vertex 150.671 0 136.389
      vertex 150.879 0 136
    endloop
  endfacet
  facet normal 0.130591 0.991436 -0
    outer loop
      vertex 28 12.5 0
      vertex 27.4177 12.5767 5
      vertex 28 12.5 5
    endloop
  endfacet
  facet normal 0.130591 0.991436 0
    outer loop
      vertex 27.4177 12.5767 5
      vertex 28 12.5 0
      vertex 27.4177 12.5767 0
    endloop
  endfacet
  facet normal 1 -0 0
    outer loop
      vertex 25.75 14.75 5
      vertex 25.75 20.25 0
      vertex 25.75 20.25 5
    endloop
  endfacet
  facet normal 1 0 0
    outer loop
      vertex 25.75 20.25 0
      vertex 25.75 14.75 5
      vertex 25.75 14.75 0
    endloop
  endfacet
  facet normal 0.130591 -0.991436 0
    outer loop
      vertex 27.4177 22.4233 0
      vertex 28 22.5 5
      vertex 27.4177 22.4233 5
    endloop
  endfacet
  facet normal 0.130591 -0.991436 0
    outer loop
      vertex 28 22.5 5
      vertex 27.4177 22.4233 0
      vertex 28 22.5 0
    endloop
  endfacet
  facet normal -0.130591 -0.991436 0
    outer loop
      vertex 28 22.5 0
      vertex 28.5823 22.4233 5
      vertex 28 22.5 5
    endloop
  endfacet
  facet normal -0.130591 -0.991436 -0
    outer loop
      vertex 28.5823 22.4233 5
      vertex 28 22.5 0
      vertex 28.5823 22.4233 0
    endloop
  endfacet
  facet normal 0.793414 0.608682 0
    outer loop
      vertex 26.409 13.159 5
      vertex 26.0515 13.625 0
      vertex 26.0515 13.625 5
    endloop
  endfacet
  facet normal 0.793414 0.608682 0
    outer loop
      vertex 26.0515 13.625 0
      vertex 26.409 13.159 5
      vertex 26.409 13.159 0
    endloop
  endfacet
  facet normal -0.608682 -0.793414 0
    outer loop
      vertex 29.125 22.1985 0
      vertex 29.591 21.841 5
      vertex 29.125 22.1985 5
    endloop
  endfacet
  facet normal -0.608682 -0.793414 -0
    outer loop
      vertex 29.591 21.841 5
      vertex 29.125 22.1985 0
      vertex 29.591 21.841 0
    endloop
  endfacet
  facet normal -0.991436 0.130591 0
    outer loop
      vertex 30.1733 14.1677 0
      vertex 30.25 14.75 5
      vertex 30.25 14.75 0
    endloop
  endfacet
  facet normal -0.991436 0.130591 0
    outer loop
      vertex 30.25 14.75 5
      vertex 30.1733 14.1677 0
      vertex 30.1733 14.1677 5
    endloop
  endfacet
  facet normal -0.382693 -0.923876 0
    outer loop
      vertex 28.5823 22.4233 0
      vertex 29.125 22.1985 5
      vertex 28.5823 22.4233 5
    endloop
  endfacet
  facet normal -0.382693 -0.923876 -0
    outer loop
      vertex 29.125 22.1985 5
      vertex 28.5823 22.4233 0
      vertex 29.125 22.1985 0
    endloop
  endfacet
  facet normal 0.991436 0.130591 0
    outer loop
      vertex 25.8267 14.1677 5
      vertex 25.75 14.75 0
      vertex 25.75 14.75 5
    endloop
  endfacet
  facet normal 0.991436 0.130591 0
    outer loop
      vertex 25.75 14.75 0
      vertex 25.8267 14.1677 5
      vertex 25.8267 14.1677 0
    endloop
  endfacet
  facet normal -0.991436 -0.130591 0
    outer loop
      vertex 30.25 20.25 0
      vertex 30.1733 20.8323 5
      vertex 30.1733 20.8323 0
    endloop
  endfacet
  facet normal -0.991436 -0.130591 0
    outer loop
      vertex 30.1733 20.8323 5
      vertex 30.25 20.25 0
      vertex 30.25 20.25 5
    endloop
  endfacet
  facet normal 0.793414 -0.608682 0
    outer loop
      vertex 26.0515 21.375 5
      vertex 26.409 21.841 0
      vertex 26.409 21.841 5
    endloop
  endfacet
  facet normal 0.793414 -0.608682 0
    outer loop
      vertex 26.409 21.841 0
      vertex 26.0515 21.375 5
      vertex 26.0515 21.375 0
    endloop
  endfacet
  facet normal -0.793414 -0.608682 0
    outer loop
      vertex 29.9485 21.375 0
      vertex 29.591 21.841 5
      vertex 29.591 21.841 0
    endloop
  endfacet
  facet normal -0.793414 -0.608682 0
    outer loop
      vertex 29.591 21.841 5
      vertex 29.9485 21.375 0
      vertex 29.9485 21.375 5
    endloop
  endfacet
  facet normal 0.382693 -0.923876 0
    outer loop
      vertex 26.875 22.1985 0
      vertex 27.4177 22.4233 5
      vertex 26.875 22.1985 5
    endloop
  endfacet
  facet normal 0.382693 -0.923876 0
    outer loop
      vertex 27.4177 22.4233 5
      vertex 26.875 22.1985 0
      vertex 27.4177 22.4233 0
    endloop
  endfacet
  facet normal -1 0 0
    outer loop
      vertex 30.25 14.75 0
      vertex 30.25 20.25 5
      vertex 30.25 20.25 0
    endloop
  endfacet
  facet normal -1 -0 0
    outer loop
      vertex 30.25 20.25 5
      vertex 30.25 14.75 0
      vertex 30.25 14.75 5
    endloop
  endfacet
  facet normal -0.608682 0.793414 0
    outer loop
      vertex 29.591 13.159 0
      vertex 29.125 12.8015 5
      vertex 29.591 13.159 5
    endloop
  endfacet
  facet normal -0.608682 0.793414 0
    outer loop
      vertex 29.125 12.8015 5
      vertex 29.591 13.159 0
      vertex 29.125 12.8015 0
    endloop
  endfacet
  facet normal 0.382693 0.923876 -0
    outer loop
      vertex 27.4177 12.5767 0
      vertex 26.875 12.8015 5
      vertex 27.4177 12.5767 5
    endloop
  endfacet
  facet normal 0.382693 0.923876 0
    outer loop
      vertex 26.875 12.8015 5
      vertex 27.4177 12.5767 0
      vertex 26.875 12.8015 0
    endloop
  endfacet
  facet normal 0.923876 0.382693 0
    outer loop
      vertex 26.0515 13.625 5
      vertex 25.8267 14.1677 0
      vertex 25.8267 14.1677 5
    endloop
  endfacet
  facet normal 0.923876 0.382693 0
    outer loop
      vertex 25.8267 14.1677 0
      vertex 26.0515 13.625 5
      vertex 26.0515 13.625 0
    endloop
  endfacet
  facet normal 0.608682 -0.793414 0
    outer loop
      vertex 26.409 21.841 0
      vertex 26.875 22.1985 5
      vertex 26.409 21.841 5
    endloop
  endfacet
  facet normal 0.608682 -0.793414 0
    outer loop
      vertex 26.875 22.1985 5
      vertex 26.409 21.841 0
      vertex 26.875 22.1985 0
    endloop
  endfacet
  facet normal 0.991436 -0.130591 0
    outer loop
      vertex 25.75 20.25 5
      vertex 25.8267 20.8323 0
      vertex 25.8267 20.8323 5
    endloop
  endfacet
  facet normal 0.991436 -0.130591 0
    outer loop
      vertex 25.8267 20.8323 0
      vertex 25.75 20.25 5
      vertex 25.75 20.25 0
    endloop
  endfacet
  facet normal -0.923876 0.382693 0
    outer loop
      vertex 29.9485 13.625 0
      vertex 30.1733 14.1677 5
      vertex 30.1733 14.1677 0
    endloop
  endfacet
  facet normal -0.923876 0.382693 0
    outer loop
      vertex 30.1733 14.1677 5
      vertex 29.9485 13.625 0
      vertex 29.9485 13.625 5
    endloop
  endfacet
  facet normal 0.608682 0.793414 -0
    outer loop
      vertex 26.875 12.8015 0
      vertex 26.409 13.159 5
      vertex 26.875 12.8015 5
    endloop
  endfacet
  facet normal 0.608682 0.793414 0
    outer loop
      vertex 26.409 13.159 5
      vertex 26.875 12.8015 0
      vertex 26.409 13.159 0
    endloop
  endfacet
  facet normal -0.923876 -0.382693 0
    outer loop
      vertex 30.1733 20.8323 0
      vertex 29.9485 21.375 5
      vertex 29.9485 21.375 0
    endloop
  endfacet
  facet normal -0.923876 -0.382693 0
    outer loop
      vertex 29.9485 21.375 5
      vertex 30.1733 20.8323 0
      vertex 30.1733 20.8323 5
    endloop
  endfacet
  facet normal 0.923876 -0.382693 0
    outer loop
      vertex 25.8267 20.8323 5
      vertex 26.0515 21.375 0
      vertex 26.0515 21.375 5
    endloop
  endfacet
  facet normal 0.923876 -0.382693 0
    outer loop
      vertex 26.0515 21.375 0
      vertex 25.8267 20.8323 5
      vertex 25.8267 20.8323 0
    endloop
  endfacet
  facet normal -0.382693 0.923876 0
    outer loop
      vertex 29.125 12.8015 0
      vertex 28.5823 12.5767 5
      vertex 29.125 12.8015 5
    endloop
  endfacet
  facet normal -0.382693 0.923876 0
    outer loop
      vertex 28.5823 12.5767 5
      vertex 29.125 12.8015 0
      vertex 28.5823 12.5767 0
    endloop
  endfacet
  facet normal -0.793414 0.608682 0
    outer loop
      vertex 29.591 13.159 0
      vertex 29.9485 13.625 5
      vertex 29.9485 13.625 0
    endloop
  endfacet
  facet normal -0.793414 0.608682 0
    outer loop
      vertex 29.9485 13.625 5
      vertex 29.591 13.159 0
      vertex 29.591 13.159 5
    endloop
  endfacet
  facet normal -0.130591 0.991436 0
    outer loop
      vertex 28.5823 12.5767 0
      vertex 28 12.5 5
      vertex 28.5823 12.5767 5
    endloop
  endfacet
  facet normal -0.130591 0.991436 0
    outer loop
      vertex 28 12.5 5
      vertex 28.5823 12.5767 0
      vertex 28 12.5 0
    endloop
  endfacet
  facet normal 0.130657 0.991428 -0
    outer loop
      vertex 153 12.5 0
      vertex 152.418 12.5767 5
      vertex 153 12.5 5
    endloop
  endfacet
  facet normal 0.130657 0.991428 0
    outer loop
      vertex 152.418 12.5767 5
      vertex 153 12.5 0
      vertex 152.418 12.5767 0
    endloop
  endfacet
  facet normal 1 -0 0
    outer loop
      vertex 150.75 14.75 5
      vertex 150.75 20.25 0
      vertex 150.75 20.25 5
    endloop
  endfacet
  facet normal 1 0 0
    outer loop
      vertex 150.75 20.25 0
      vertex 150.75 14.75 5
      vertex 150.75 14.75 0
    endloop
  endfacet
  facet normal 0.130657 -0.991428 0
    outer loop
      vertex 152.418 22.4233 0
      vertex 153 22.5 5
      vertex 152.418 22.4233 5
    endloop
  endfacet
  facet normal 0.130657 -0.991428 0
    outer loop
      vertex 153 22.5 5
      vertex 152.418 22.4233 0
      vertex 153 22.5 0
    endloop
  endfacet
  facet normal -0.130657 -0.991428 0
    outer loop
      vertex 153 22.5 0
      vertex 153.582 22.4233 5
      vertex 153 22.5 5
    endloop
  endfacet
  facet normal -0.130657 -0.991428 -0
    outer loop
      vertex 153.582 22.4233 5
      vertex 153 22.5 0
      vertex 153.582 22.4233 0
    endloop
  endfacet
  facet normal 0.793003 0.609217 0
    outer loop
      vertex 151.409 13.159 5
      vertex 151.051 13.625 0
      vertex 151.051 13.625 5
    endloop
  endfacet
  facet normal 0.793003 0.609217 0
    outer loop
      vertex 151.051 13.625 0
      vertex 151.409 13.159 5
      vertex 151.409 13.159 0
    endloop
  endfacet
  facet normal -0.608682 -0.793414 0
    outer loop
      vertex 154.125 22.1985 0
      vertex 154.591 21.841 5
      vertex 154.125 22.1985 5
    endloop
  endfacet
  facet normal -0.608682 -0.793414 -0
    outer loop
      vertex 154.591 21.841 5
      vertex 154.125 22.1985 0
      vertex 154.591 21.841 0
    endloop
  endfacet
  facet normal -0.99137 0.131093 0
    outer loop
      vertex 155.173 14.1677 0
      vertex 155.25 14.75 5
      vertex 155.25 14.75 0
    endloop
  endfacet
  facet normal -0.99137 0.131093 0
    outer loop
      vertex 155.25 14.75 5
      vertex 155.173 14.1677 0
      vertex 155.173 14.1677 5
    endloop
  endfacet
  facet normal -0.382512 -0.92395 0
    outer loop
      vertex 153.582 22.4233 0
      vertex 154.125 22.1985 5
      vertex 153.582 22.4233 5
    endloop
  endfacet
  facet normal -0.382512 -0.92395 -0
    outer loop
      vertex 154.125 22.1985 5
      vertex 153.582 22.4233 0
      vertex 154.125 22.1985 0
    endloop
  endfacet
  facet normal 0.99137 0.131093 0
    outer loop
      vertex 150.827 14.1677 5
      vertex 150.75 14.75 0
      vertex 150.75 14.75 5
    endloop
  endfacet
  facet normal 0.99137 0.131093 0
    outer loop
      vertex 150.75 14.75 0
      vertex 150.827 14.1677 5
      vertex 150.827 14.1677 0
    endloop
  endfacet
  facet normal -0.99137 -0.131093 0
    outer loop
      vertex 155.25 20.25 0
      vertex 155.173 20.8323 5
      vertex 155.173 20.8323 0
    endloop
  endfacet
  facet normal -0.99137 -0.131093 0
    outer loop
      vertex 155.173 20.8323 5
      vertex 155.25 20.25 0
      vertex 155.25 20.25 5
    endloop
  endfacet
  facet normal 0.793003 -0.609217 0
    outer loop
      vertex 151.051 21.375 5
      vertex 151.409 21.841 0
      vertex 151.409 21.841 5
    endloop
  endfacet
  facet normal 0.793003 -0.609217 0
    outer loop
      vertex 151.409 21.841 0
      vertex 151.051 21.375 5
      vertex 151.051 21.375 0
    endloop
  endfacet
  facet normal -0.793003 -0.609217 0
    outer loop
      vertex 154.949 21.375 0
      vertex 154.591 21.841 5
      vertex 154.591 21.841 0
    endloop
  endfacet
  facet normal -0.793003 -0.609217 0
    outer loop
      vertex 154.591 21.841 5
      vertex 154.949 21.375 0
      vertex 154.949 21.375 5
    endloop
  endfacet
  facet normal 0.382512 -0.92395 0
    outer loop
      vertex 151.875 22.1985 0
      vertex 152.418 22.4233 5
      vertex 151.875 22.1985 5
    endloop
  endfacet
  facet normal 0.382512 -0.92395 0
    outer loop
      vertex 152.418 22.4233 5
      vertex 151.875 22.1985 0
      vertex 152.418 22.4233 0
    endloop
  endfacet
  facet normal -1 0 0
    outer loop
      vertex 155.25 14.75 0
      vertex 155.25 20.25 5
      vertex 155.25 20.25 0
    endloop
  endfacet
  facet normal -1 -0 0
    outer loop
      vertex 155.25 20.25 5
      vertex 155.25 14.75 0
      vertex 155.25 14.75 5
    endloop
  endfacet
  facet normal -0.608682 0.793414 0
    outer loop
      vertex 154.591 13.159 0
      vertex 154.125 12.8015 5
      vertex 154.591 13.159 5
    endloop
  endfacet
  facet normal -0.608682 0.793414 0
    outer loop
      vertex 154.125 12.8015 5
      vertex 154.591 13.159 0
      vertex 154.125 12.8015 0
    endloop
  endfacet
  facet normal 0.382512 0.92395 -0
    outer loop
      vertex 152.418 12.5767 0
      vertex 151.875 12.8015 5
      vertex 152.418 12.5767 5
    endloop
  endfacet
  facet normal 0.382512 0.92395 0
    outer loop
      vertex 151.875 12.8015 5
      vertex 152.418 12.5767 0
      vertex 151.875 12.8015 0
    endloop
  endfacet
  facet normal 0.924357 0.381529 0
    outer loop
      vertex 151.051 13.625 5
      vertex 150.827 14.1677 0
      vertex 150.827 14.1677 5
    endloop
  endfacet
  facet normal 0.924357 0.381529 0
    outer loop
      vertex 150.827 14.1677 0
      vertex 151.051 13.625 5
      vertex 151.051 13.625 0
    endloop
  endfacet
  facet normal 0.608682 -0.793414 0
    outer loop
      vertex 151.409 21.841 0
      vertex 151.875 22.1985 5
      vertex 151.409 21.841 5
    endloop
  endfacet
  facet normal 0.608682 -0.793414 0
    outer loop
      vertex 151.875 22.1985 5
      vertex 151.409 21.841 0
      vertex 151.875 22.1985 0
    endloop
  endfacet
  facet normal 0.99137 -0.131093 0
    outer loop
      vertex 150.75 20.25 5
      vertex 150.827 20.8323 0
      vertex 150.827 20.8323 5
    endloop
  endfacet
  facet normal 0.99137 -0.131093 0
    outer loop
      vertex 150.827 20.8323 0
      vertex 150.75 20.25 5
      vertex 150.75 20.25 0
    endloop
  endfacet
  facet normal -0.924357 0.381529 0
    outer loop
      vertex 154.949 13.625 0
      vertex 155.173 14.1677 5
      vertex 155.173 14.1677 0
    endloop
  endfacet
  facet normal -0.924357 0.381529 0
    outer loop
      vertex 155.173 14.1677 5
      vertex 154.949 13.625 0
      vertex 154.949 13.625 5
    endloop
  endfacet
  facet normal 0.608682 0.793414 -0
    outer loop
      vertex 151.875 12.8015 0
      vertex 151.409 13.159 5
      vertex 151.875 12.8015 5
    endloop
  endfacet
  facet normal 0.608682 0.793414 0
    outer loop
      vertex 151.409 13.159 5
      vertex 151.875 12.8015 0
      vertex 151.409 13.159 0
    endloop
  endfacet
  facet normal -0.924357 -0.381529 0
    outer loop
      vertex 155.173 20.8323 0
      vertex 154.949 21.375 5
      vertex 154.949 21.375 0
    endloop
  endfacet
  facet normal -0.924357 -0.381529 0
    outer loop
      vertex 154.949 21.375 5
      vertex 155.173 20.8323 0
      vertex 155.173 20.8323 5
    endloop
  endfacet
  facet normal 0.924357 -0.381529 0
    outer loop
      vertex 150.827 20.8323 5
      vertex 151.051 21.375 0
      vertex 151.051 21.375 5
    endloop
  endfacet
  facet normal 0.924357 -0.381529 0
    outer loop
      vertex 151.051 21.375 0
      vertex 150.827 20.8323 5
      vertex 150.827 20.8323 0
    endloop
  endfacet
  facet normal -0.382512 0.92395 0
    outer loop
      vertex 154.125 12.8015 0
      vertex 153.582 12.5767 5
      vertex 154.125 12.8015 5
    endloop
  endfacet
  facet normal -0.382512 0.92395 0
    outer loop
      vertex 153.582 12.5767 5
      vertex 154.125 12.8015 0
      vertex 153.582 12.5767 0
    endloop
  endfacet
  facet normal -0.793003 0.609217 0
    outer loop
      vertex 154.591 13.159 0
      vertex 154.949 13.625 5
      vertex 154.949 13.625 0
    endloop
  endfacet
  facet normal -0.793003 0.609217 0
    outer loop
      vertex 154.949 13.625 5
      vertex 154.591 13.159 0
      vertex 154.591 13.159 5
    endloop
  endfacet
  facet normal -0.130657 0.991428 0
    outer loop
      vertex 153.582 12.5767 0
      vertex 153 12.5 5
      vertex 153.582 12.5767 5
    endloop
  endfacet
  facet normal -0.130657 0.991428 0
    outer loop
      vertex 153 12.5 5
      vertex 153.582 12.5767 0
      vertex 153 12.5 0
    endloop
  endfacet
  facet normal -0.58239 0 0.81291
    outer loop
      vertex 128.834 5 17.6286
      vertex 132.505 0 20.2586
      vertex 132.505 5 20.2586
    endloop
  endfacet
  facet normal -0.58239 0 0.81291
    outer loop
      vertex 132.505 0 20.2586
      vertex 128.834 5 17.6286
      vertex 128.834 0 17.6286
    endloop
  endfacet
  facet normal -0.995197 0 0.0978919
    outer loop
      vertex 158.91 0 65.9937
      vertex 159.352 5 70.4872
      vertex 158.91 5 65.9937
    endloop
  endfacet
  facet normal -0.995197 0 0.0978919
    outer loop
      vertex 159.352 5 70.4872
      vertex 158.91 0 65.9937
      vertex 159.352 0 70.4872
    endloop
  endfacet
  facet normal -0.999463 0 0.032778
    outer loop
      vertex 159.352 0 70.4872
      vertex 159.5 5 75
      vertex 159.352 5 70.4872
    endloop
  endfacet
  facet normal -0.999463 0 0.032778
    outer loop
      vertex 159.5 5 75
      vertex 159.352 0 70.4872
      vertex 159.5 0 75
    endloop
  endfacet
  facet normal -0.986626 0 0.163002
    outer loop
      vertex 158.174 0 61.5388
      vertex 158.91 5 65.9937
      vertex 158.174 5 61.5388
    endloop
  endfacet
  facet normal -0.986626 0 0.163002
    outer loop
      vertex 158.91 5 65.9937
      vertex 158.174 0 61.5388
      vertex 158.91 0 65.9937
    endloop
  endfacet
  facet normal -0.973892 0 0.227012
    outer loop
      vertex 157.149 0 57.1415
      vertex 158.174 5 61.5388
      vertex 157.149 5 57.1415
    endloop
  endfacet
  facet normal -0.973892 0 0.227012
    outer loop
      vertex 158.174 5 61.5388
      vertex 157.149 0 57.1415
      vertex 158.174 0 61.5388
    endloop
  endfacet
  facet normal -0.910829 0 -0.412785
    outer loop
      vertex 154.248 0 101.405
      vertex 152.384 5 105.518
      vertex 154.248 5 101.405
    endloop
  endfacet
  facet normal -0.910829 -0 -0.412785
    outer loop
      vertex 152.384 5 105.518
      vertex 154.248 0 101.405
      vertex 152.384 0 105.518
    endloop
  endfacet
  facet normal -0.226978 0 -0.9739
    outer loop
      vertex 103.961 0 142.674
      vertex 108.359 5 141.649
      vertex 108.359 0 141.649
    endloop
  endfacet
  facet normal -0.226978 0 -0.9739
    outer loop
      vertex 108.359 5 141.649
      vertex 103.961 0 142.674
      vertex 103.961 5 142.674
    endloop
  endfacet
  facet normal 0.683584 0 0.729872
    outer loop
      vertex 41.7096 5 26.2096
      vertex 45.0051 0 23.1231
      vertex 45.0051 5 23.1231
    endloop
  endfacet
  facet normal 0.683584 0 0.729872
    outer loop
      vertex 45.0051 0 23.1231
      vertex 41.7096 5 26.2096
      vertex 41.7096 0 26.2096
    endloop
  endfacet
  facet normal 0.973877 0 -0.227075
    outer loop
      vertex 23.8511 0 92.8585
      vertex 22.8258 5 88.4612
      vertex 23.8511 5 92.8585
    endloop
  endfacet
  facet normal 0.973877 0 -0.227075
    outer loop
      vertex 22.8258 5 88.4612
      vertex 23.8511 0 92.8585
      vertex 22.8258 0 88.4612
    endloop
  endfacet
  facet normal -0.881965 0 0.471315
    outer loop
      vertex 150.256 0 40.5
      vertex 152.384 5 44.4821
      vertex 150.256 5 40.5
    endloop
  endfacet
  facet normal -0.881965 0 0.471315
    outer loop
      vertex 152.384 5 44.4821
      vertex 150.256 0 40.5
      vertex 152.384 0 44.4821
    endloop
  endfacet
  facet normal -0.290395 0 -0.956907
    outer loop
      vertex 108.359 0 141.649
      vertex 112.679 5 140.338
      vertex 112.679 0 140.338
    endloop
  endfacet
  facet normal -0.290395 0 -0.956907
    outer loop
      vertex 112.679 5 140.338
      vertex 108.359 0 141.649
      vertex 108.359 5 141.649
    endloop
  endfacet
  facet normal 0.412718 0 0.910859
    outer loop
      vertex 59.9821 5 13.1158
      vertex 64.0948 0 11.2523
      vertex 64.0948 5 11.2523
    endloop
  endfacet
  facet normal 0.412718 0 0.910859
    outer loop
      vertex 64.0948 0 11.2523
      vertex 59.9821 5 13.1158
      vertex 59.9821 0 13.1158
    endloop
  endfacet
  facet normal 0.0327182 0 0.999465
    outer loop
      vertex 85.9872 5 6.14773
      vertex 90.5 0 6
      vertex 90.5 5 6
    endloop
  endfacet
  facet normal 0.0327182 0 0.999465
    outer loop
      vertex 90.5 0 6
      vertex 85.9872 5 6.14773
      vertex 85.9872 0 6.14773
    endloop
  endfacet
  facet normal 0.986644 0 -0.162894
    outer loop
      vertex 22.8258 0 88.4612
      vertex 22.0903 5 84.0063
      vertex 22.8258 5 88.4612
    endloop
  endfacet
  facet normal 0.986644 0 -0.162894
    outer loop
      vertex 22.0903 5 84.0063
      vertex 22.8258 0 88.4612
      vertex 22.0903 0 84.0063
    endloop
  endfacet
  facet normal -0.0978919 0 -0.995197
    outer loop
      vertex 95.0128 0 143.852
      vertex 99.5063 5 143.41
      vertex 99.5063 0 143.41
    endloop
  endfacet
  facet normal -0.0978919 0 -0.995197
    outer loop
      vertex 99.5063 5 143.41
      vertex 95.0128 0 143.852
      vertex 95.0128 5 143.852
    endloop
  endfacet
  facet normal 0.227075 0 0.973877
    outer loop
      vertex 72.6415 5 8.35112
      vertex 77.0388 0 7.32582
      vertex 77.0388 5 7.32582
    endloop
  endfacet
  facet normal 0.227075 0 0.973877
    outer loop
      vertex 77.0388 0 7.32582
      vertex 72.6415 5 8.35112
      vertex 72.6415 0 8.35112
    endloop
  endfacet
  facet normal 0.163002 0 -0.986626
    outer loop
      vertex 77.0388 0 142.674
      vertex 81.4937 5 143.41
      vertex 81.4937 0 143.41
    endloop
  endfacet
  facet normal 0.163002 0 -0.986626
    outer loop
      vertex 81.4937 5 143.41
      vertex 77.0388 0 142.674
      vertex 77.0388 5 142.674
    endloop
  endfacet
  facet normal -0.973892 0 -0.227012
    outer loop
      vertex 158.174 0 88.4612
      vertex 157.149 5 92.8585
      vertex 158.174 5 88.4612
    endloop
  endfacet
  facet normal -0.973892 -0 -0.227012
    outer loop
      vertex 157.149 5 92.8585
      vertex 158.174 0 88.4612
      vertex 157.149 0 92.8585
    endloop
  endfacet
  facet normal -0.032778 0 -0.999463
    outer loop
      vertex 90.5 0 144
      vertex 95.0128 5 143.852
      vertex 95.0128 0 143.852
    endloop
  endfacet
  facet normal -0.032778 0 -0.999463
    outer loop
      vertex 95.0128 5 143.852
      vertex 90.5 0 144
      vertex 90.5 5 144
    endloop
  endfacet
  facet normal 0.881923 0 -0.471393
    outer loop
      vertex 30.7442 0 109.5
      vertex 28.6158 5 105.518
      vertex 30.7442 5 109.5
    endloop
  endfacet
  facet normal 0.881923 0 -0.471393
    outer loop
      vertex 28.6158 5 105.518
      vertex 30.7442 0 109.5
      vertex 28.6158 0 105.518
    endloop
  endfacet
  facet normal 0.77301 -0 0.634394
    outer loop
      vertex 35.7586 0 32.9955
      vertex 38.6231 5 29.5051
      vertex 35.7586 5 32.9955
    endloop
  endfacet
  facet normal 0.77301 0 0.634394
    outer loop
      vertex 38.6231 5 29.5051
      vertex 35.7586 0 32.9955
      vertex 38.6231 0 29.5051
    endloop
  endfacet
  facet normal -0.81285 0 0.582474
    outer loop
      vertex 145.241 0 32.9955
      vertex 147.871 5 36.6657
      vertex 145.241 5 32.9955
    endloop
  endfacet
  facet normal -0.81285 0 0.582474
    outer loop
      vertex 147.871 5 36.6657
      vertex 145.241 0 32.9955
      vertex 147.871 0 36.6657
    endloop
  endfacet
  facet normal -0.910817 0 0.41281
    outer loop
      vertex 152.384 0 44.4821
      vertex 154.248 5 48.5948
      vertex 152.384 5 44.4821
    endloop
  endfacet
  facet normal -0.910817 0 0.41281
    outer loop
      vertex 154.248 5 48.5948
      vertex 152.384 0 44.4821
      vertex 154.248 0 48.5948
    endloop
  endfacet
  facet normal 0.634394 0 0.77301
    outer loop
      vertex 45.0051 5 23.1231
      vertex 48.4955 0 20.2586
      vertex 48.4955 5 20.2586
    endloop
  endfacet
  facet normal 0.634394 0 0.77301
    outer loop
      vertex 48.4955 0 20.2586
      vertex 45.0051 5 23.1231
      vertex 45.0051 0 23.1231
    endloop
  endfacet
  facet normal -0.995197 0 -0.0978919
    outer loop
      vertex 159.352 0 79.5128
      vertex 158.91 5 84.0063
      vertex 159.352 5 79.5128
    endloop
  endfacet
  facet normal -0.995197 -0 -0.0978919
    outer loop
      vertex 158.91 5 84.0063
      vertex 159.352 0 79.5128
      vertex 158.91 0 84.0063
    endloop
  endfacet
  facet normal -0.849135 0 0.528176
    outer loop
      vertex 147.871 0 36.6657
      vertex 150.256 5 40.5
      vertex 147.871 5 36.6657
    endloop
  endfacet
  facet normal -0.849135 0 0.528176
    outer loop
      vertex 150.256 5 40.5
      vertex 147.871 0 36.6657
      vertex 150.256 0 40.5
    endloop
  endfacet
  facet normal 0.729872 -0 0.683584
    outer loop
      vertex 38.6231 0 29.5051
      vertex 41.7096 5 26.2096
      vertex 38.6231 5 29.5051
    endloop
  endfacet
  facet normal 0.729872 0 0.683584
    outer loop
      vertex 41.7096 5 26.2096
      vertex 38.6231 0 29.5051
      vertex 41.7096 0 26.2096
    endloop
  endfacet
  facet normal -0.58239 0 -0.81291
    outer loop
      vertex 128.834 0 132.371
      vertex 132.505 5 129.741
      vertex 132.505 0 129.741
    endloop
  endfacet
  facet normal -0.58239 0 -0.81291
    outer loop
      vertex 132.505 5 129.741
      vertex 128.834 0 132.371
      vertex 128.834 5 132.371
    endloop
  endfacet
  facet normal -0.52811 0 0.849176
    outer loop
      vertex 125 5 15.2442
      vertex 128.834 0 17.6286
      vertex 128.834 5 17.6286
    endloop
  endfacet
  facet normal -0.52811 0 0.849176
    outer loop
      vertex 128.834 0 17.6286
      vertex 125 5 15.2442
      vertex 125 0 15.2442
    endloop
  endfacet
  facet normal -0.352143 0 -0.935946
    outer loop
      vertex 112.679 0 140.338
      vertex 116.905 5 138.748
      vertex 116.905 0 138.748
    endloop
  endfacet
  facet normal -0.352143 0 -0.935946
    outer loop
      vertex 116.905 5 138.748
      vertex 112.679 0 140.338
      vertex 112.679 5 140.338
    endloop
  endfacet
  facet normal 0.290285 0 0.95694
    outer loop
      vertex 68.3207 5 9.66182
      vertex 72.6415 0 8.35112
      vertex 72.6415 5 8.35112
    endloop
  endfacet
  facet normal 0.290285 0 0.95694
    outer loop
      vertex 72.6415 0 8.35112
      vertex 68.3207 5 9.66182
      vertex 68.3207 0 9.66182
    endloop
  endfacet
  facet normal -0.634437 0 0.772974
    outer loop
      vertex 132.505 5 20.2586
      vertex 135.995 0 23.1231
      vertex 135.995 5 23.1231
    endloop
  endfacet
  facet normal -0.634437 0 0.772974
    outer loop
      vertex 135.995 0 23.1231
      vertex 132.505 5 20.2586
      vertex 132.505 0 20.2586
    endloop
  endfacet
  facet normal 0.849176 0 -0.52811
    outer loop
      vertex 33.1286 0 113.334
      vertex 30.7442 5 109.5
      vertex 33.1286 5 113.334
    endloop
  endfacet
  facet normal 0.849176 0 -0.52811
    outer loop
      vertex 30.7442 5 109.5
      vertex 33.1286 0 113.334
      vertex 30.7442 0 109.5
    endloop
  endfacet
  facet normal 0.0980169 0 0.995185
    outer loop
      vertex 81.4937 5 6.5903
      vertex 85.9872 0 6.14773
      vertex 85.9872 5 6.14773
    endloop
  endfacet
  facet normal 0.0980169 0 0.995185
    outer loop
      vertex 85.9872 0 6.14773
      vertex 81.4937 5 6.5903
      vertex 81.4937 0 6.5903
    endloop
  endfacet
  facet normal -0.412693 0 0.91087
    outer loop
      vertex 116.905 5 11.2523
      vertex 121.018 0 13.1158
      vertex 121.018 5 13.1158
    endloop
  endfacet
  facet normal -0.412693 0 0.91087
    outer loop
      vertex 121.018 0 13.1158
      vertex 116.905 5 11.2523
      vertex 116.905 0 11.2523
    endloop
  endfacet
  facet normal -0.773029 0 -0.634371
    outer loop
      vertex 145.241 0 117.005
      vertex 142.377 5 120.495
      vertex 145.241 5 117.005
    endloop
  endfacet
  facet normal -0.773029 -0 -0.634371
    outer loop
      vertex 142.377 5 120.495
      vertex 145.241 0 117.005
      vertex 142.377 0 120.495
    endloop
  endfacet
  facet normal 0.999465 0 -0.0327116
    outer loop
      vertex 21.6477 0 79.5128
      vertex 21.5 5 75
      vertex 21.6477 5 79.5128
    endloop
  endfacet
  facet normal 0.999465 0 -0.0327116
    outer loop
      vertex 21.5 5 75
      vertex 21.6477 0 79.5128
      vertex 21.5 0 75
    endloop
  endfacet
  facet normal -0.352236 0 0.935911
    outer loop
      vertex 112.679 5 9.66182
      vertex 116.905 0 11.2523
      vertex 116.905 5 11.2523
    endloop
  endfacet
  facet normal -0.352236 0 0.935911
    outer loop
      vertex 116.905 0 11.2523
      vertex 112.679 5 9.66182
      vertex 112.679 0 9.66182
    endloop
  endfacet
  facet normal -0.0980169 0 0.995185
    outer loop
      vertex 95.0128 5 6.14773
      vertex 99.5063 0 6.5903
      vertex 99.5063 5 6.5903
    endloop
  endfacet
  facet normal -0.0980169 0 0.995185
    outer loop
      vertex 99.5063 0 6.5903
      vertex 95.0128 5 6.14773
      vertex 95.0128 0 6.14773
    endloop
  endfacet
  facet normal -0.935944 0 0.35215
    outer loop
      vertex 154.248 0 48.5948
      vertex 155.838 5 52.8207
      vertex 154.248 5 48.5948
    endloop
  endfacet
  facet normal -0.935944 0 0.35215
    outer loop
      vertex 155.838 5 52.8207
      vertex 154.248 0 48.5948
      vertex 155.838 0 52.8207
    endloop
  endfacet
  facet normal -0.290334 0 0.956925
    outer loop
      vertex 108.359 5 8.35112
      vertex 112.679 0 9.66182
      vertex 112.679 5 9.66182
    endloop
  endfacet
  facet normal -0.290334 0 0.956925
    outer loop
      vertex 112.679 0 9.66182
      vertex 108.359 5 8.35112
      vertex 108.359 0 8.35112
    endloop
  endfacet
  facet normal -0.412785 0 -0.910829
    outer loop
      vertex 116.905 0 138.748
      vertex 121.018 5 136.884
      vertex 121.018 0 136.884
    endloop
  endfacet
  facet normal -0.412785 0 -0.910829
    outer loop
      vertex 121.018 5 136.884
      vertex 116.905 0 138.748
      vertex 116.905 5 138.748
    endloop
  endfacet
  facet normal -0.471393 0 0.881923
    outer loop
      vertex 121.018 5 13.1158
      vertex 125 0 15.2442
      vertex 125 5 15.2442
    endloop
  endfacet
  facet normal -0.471393 0 0.881923
    outer loop
      vertex 125 0 15.2442
      vertex 121.018 5 13.1158
      vertex 121.018 0 13.1158
    endloop
  endfacet
  facet normal -0.999463 0 -0.032778
    outer loop
      vertex 159.5 0 75
      vertex 159.352 5 79.5128
      vertex 159.5 5 75
    endloop
  endfacet
  facet normal -0.999463 -0 -0.032778
    outer loop
      vertex 159.352 5 79.5128
      vertex 159.5 0 75
      vertex 159.352 0 79.5128
    endloop
  endfacet
  facet normal -0.528206 0 -0.849116
    outer loop
      vertex 125 0 134.756
      vertex 128.834 5 132.371
      vertex 128.834 0 132.371
    endloop
  endfacet
  facet normal -0.528206 0 -0.849116
    outer loop
      vertex 128.834 5 132.371
      vertex 125 0 134.756
      vertex 125 5 134.756
    endloop
  endfacet
  facet normal 0.290345 0 -0.956922
    outer loop
      vertex 68.3207 0 140.338
      vertex 72.6415 5 141.649
      vertex 72.6415 0 141.649
    endloop
  endfacet
  facet normal 0.290345 0 -0.956922
    outer loop
      vertex 72.6415 5 141.649
      vertex 68.3207 0 140.338
      vertex 68.3207 5 140.338
    endloop
  endfacet
  facet normal 0.162898 0 0.986643
    outer loop
      vertex 77.0388 5 7.32582
      vertex 81.4937 0 6.5903
      vertex 81.4937 5 6.5903
    endloop
  endfacet
  facet normal 0.162898 0 0.986643
    outer loop
      vertex 81.4937 0 6.5903
      vertex 77.0388 5 7.32582
      vertex 77.0388 0 7.32582
    endloop
  endfacet
  facet normal 0.91087 0 -0.412693
    outer loop
      vertex 28.6158 0 105.518
      vertex 26.7523 5 101.405
      vertex 28.6158 5 105.518
    endloop
  endfacet
  facet normal 0.91087 0 -0.412693
    outer loop
      vertex 26.7523 5 101.405
      vertex 28.6158 0 105.518
      vertex 26.7523 0 101.405
    endloop
  endfacet
  facet normal 0.772974 0 -0.634437
    outer loop
      vertex 38.6231 0 120.495
      vertex 35.7586 5 117.005
      vertex 38.6231 5 120.495
    endloop
  endfacet
  facet normal 0.772974 0 -0.634437
    outer loop
      vertex 35.7586 5 117.005
      vertex 38.6231 0 120.495
      vertex 35.7586 0 117.005
    endloop
  endfacet
  facet normal 0.935902 0 -0.352262
    outer loop
      vertex 26.7523 0 101.405
      vertex 25.1618 5 97.1793
      vertex 26.7523 5 101.405
    endloop
  endfacet
  facet normal 0.935902 0 -0.352262
    outer loop
      vertex 25.1618 5 97.1793
      vertex 26.7523 0 101.405
      vertex 25.1618 0 97.1793
    endloop
  endfacet
  facet normal -0.88196 0 -0.471324
    outer loop
      vertex 152.384 0 105.518
      vertex 150.256 5 109.5
      vertex 152.384 5 105.518
    endloop
  endfacet
  facet normal -0.88196 -0 -0.471324
    outer loop
      vertex 150.256 5 109.5
      vertex 152.384 0 105.518
      vertex 150.256 0 109.5
    endloop
  endfacet
  facet normal -0.683639 0 0.72982
    outer loop
      vertex 135.995 5 23.1231
      vertex 139.29 0 26.2096
      vertex 139.29 5 26.2096
    endloop
  endfacet
  facet normal -0.683639 0 0.72982
    outer loop
      vertex 139.29 0 26.2096
      vertex 135.995 5 23.1231
      vertex 135.995 0 23.1231
    endloop
  endfacet
  facet normal -0.683698 0 -0.729765
    outer loop
      vertex 135.995 0 126.877
      vertex 139.29 5 123.79
      vertex 139.29 0 123.79
    endloop
  endfacet
  facet normal -0.683698 0 -0.729765
    outer loop
      vertex 139.29 5 123.79
      vertex 135.995 0 126.877
      vertex 135.995 5 126.877
    endloop
  endfacet
  facet normal -0.956922 0 0.290345
    outer loop
      vertex 155.838 0 52.8207
      vertex 157.149 5 57.1415
      vertex 155.838 5 52.8207
    endloop
  endfacet
  facet normal -0.956922 0 0.290345
    outer loop
      vertex 157.149 5 57.1415
      vertex 155.838 0 52.8207
      vertex 157.149 0 57.1415
    endloop
  endfacet
  facet normal -0.956922 0 -0.290345
    outer loop
      vertex 157.149 0 92.8585
      vertex 155.838 5 97.1793
      vertex 157.149 5 92.8585
    endloop
  endfacet
  facet normal -0.956922 -0 -0.290345
    outer loop
      vertex 155.838 5 97.1793
      vertex 157.149 0 92.8585
      vertex 155.838 0 97.1793
    endloop
  endfacet
  facet normal 0.634327 0 -0.773064
    outer loop
      vertex 45.0051 0 126.877
      vertex 48.4955 5 129.741
      vertex 48.4955 0 129.741
    endloop
  endfacet
  facet normal 0.634327 0 -0.773064
    outer loop
      vertex 48.4955 5 129.741
      vertex 45.0051 0 126.877
      vertex 45.0051 5 126.877
    endloop
  endfacet
  facet normal 0.032778 0 -0.999463
    outer loop
      vertex 85.9872 0 143.852
      vertex 90.5 5 144
      vertex 90.5 0 144
    endloop
  endfacet
  facet normal 0.032778 0 -0.999463
    outer loop
      vertex 90.5 5 144
      vertex 85.9872 0 143.852
      vertex 85.9872 5 143.852
    endloop
  endfacet
  facet normal -0.729817 0 0.683643
    outer loop
      vertex 139.29 0 26.2096
      vertex 142.377 5 29.5051
      vertex 139.29 5 26.2096
    endloop
  endfacet
  facet normal -0.729817 0 0.683643
    outer loop
      vertex 142.377 5 29.5051
      vertex 139.29 0 26.2096
      vertex 142.377 0 29.5051
    endloop
  endfacet
  facet normal 0.95694 -0 0.290285
    outer loop
      vertex 23.8511 0 57.1415
      vertex 25.1618 5 52.8207
      vertex 23.8511 5 57.1415
    endloop
  endfacet
  facet normal 0.95694 0 0.290285
    outer loop
      vertex 25.1618 5 52.8207
      vertex 23.8511 0 57.1415
      vertex 25.1618 0 52.8207
    endloop
  endfacet
  facet normal -0.162905 0 0.986642
    outer loop
      vertex 99.5063 5 6.5903
      vertex 103.961 0 7.32582
      vertex 103.961 5 7.32582
    endloop
  endfacet
  facet normal -0.162905 0 0.986642
    outer loop
      vertex 103.961 0 7.32582
      vertex 99.5063 5 6.5903
      vertex 99.5063 0 6.5903
    endloop
  endfacet
  facet normal -0.773064 0 0.634327
    outer loop
      vertex 142.377 0 29.5051
      vertex 145.241 5 32.9955
      vertex 142.377 5 29.5051
    endloop
  endfacet
  facet normal -0.773064 0 0.634327
    outer loop
      vertex 145.241 5 32.9955
      vertex 142.377 0 29.5051
      vertex 145.241 0 32.9955
    endloop
  endfacet
  facet normal 0.227012 0 -0.973892
    outer loop
      vertex 72.6415 0 141.649
      vertex 77.0388 5 142.674
      vertex 77.0388 0 142.674
    endloop
  endfacet
  facet normal 0.227012 0 -0.973892
    outer loop
      vertex 77.0388 5 142.674
      vertex 72.6415 0 141.649
      vertex 72.6415 5 141.649
    endloop
  endfacet
  facet normal 0.582474 0 0.81285
    outer loop
      vertex 48.4955 5 20.2586
      vertex 52.1657 0 17.6286
      vertex 52.1657 5 17.6286
    endloop
  endfacet
  facet normal 0.582474 0 0.81285
    outer loop
      vertex 52.1657 0 17.6286
      vertex 48.4955 5 20.2586
      vertex 48.4955 0 20.2586
    endloop
  endfacet
  facet normal -0.227041 0 0.973885
    outer loop
      vertex 103.961 5 7.32582
      vertex 108.359 0 8.35112
      vertex 108.359 5 8.35112
    endloop
  endfacet
  facet normal -0.227041 0 0.973885
    outer loop
      vertex 108.359 0 8.35112
      vertex 103.961 5 7.32582
      vertex 103.961 0 7.32582
    endloop
  endfacet
  facet normal 0.881928 -0 0.471384
    outer loop
      vertex 28.6158 0 44.4821
      vertex 30.7442 5 40.5
      vertex 28.6158 5 44.4821
    endloop
  endfacet
  facet normal 0.881928 0 0.471384
    outer loop
      vertex 30.7442 5 40.5
      vertex 28.6158 0 44.4821
      vertex 30.7442 0 40.5
    endloop
  endfacet
  facet normal 0.849194 -0 0.52808
    outer loop
      vertex 30.7442 0 40.5
      vertex 33.1286 5 36.6657
      vertex 30.7442 5 40.5
    endloop
  endfacet
  facet normal 0.849194 0 0.52808
    outer loop
      vertex 33.1286 5 36.6657
      vertex 30.7442 0 40.5
      vertex 33.1286 0 36.6657
    endloop
  endfacet
  facet normal -0.471324 0 -0.88196
    outer loop
      vertex 121.018 0 136.884
      vertex 125 5 134.756
      vertex 125 0 134.756
    endloop
  endfacet
  facet normal -0.471324 0 -0.88196
    outer loop
      vertex 125 5 134.756
      vertex 121.018 0 136.884
      vertex 121.018 5 136.884
    endloop
  endfacet
  facet normal 0.471315 0 -0.881965
    outer loop
      vertex 56 0 134.756
      vertex 59.9821 5 136.884
      vertex 59.9821 0 136.884
    endloop
  endfacet
  facet normal 0.471315 0 -0.881965
    outer loop
      vertex 59.9821 5 136.884
      vertex 56 0 134.756
      vertex 56 5 134.756
    endloop
  endfacet
  facet normal -0.935938 0 -0.352165
    outer loop
      vertex 155.838 0 97.1793
      vertex 154.248 5 101.405
      vertex 155.838 5 97.1793
    endloop
  endfacet
  facet normal -0.935938 -0 -0.352165
    outer loop
      vertex 154.248 5 101.405
      vertex 155.838 0 97.1793
      vertex 154.248 0 101.405
    endloop
  endfacet
  facet normal 0.72982 0 -0.683639
    outer loop
      vertex 41.7096 0 123.79
      vertex 38.6231 5 120.495
      vertex 41.7096 5 123.79
    endloop
  endfacet
  facet normal 0.72982 0 -0.683639
    outer loop
      vertex 38.6231 5 120.495
      vertex 41.7096 0 123.79
      vertex 38.6231 0 120.495
    endloop
  endfacet
  facet normal 0.986644 -0 0.162894
    outer loop
      vertex 22.0903 0 65.9937
      vertex 22.8258 5 61.5388
      vertex 22.0903 5 65.9937
    endloop
  endfacet
  facet normal 0.986644 0 0.162894
    outer loop
      vertex 22.8258 5 61.5388
      vertex 22.0903 0 65.9937
      vertex 22.8258 0 61.5388
    endloop
  endfacet
  facet normal 0.0978919 0 -0.995197
    outer loop
      vertex 81.4937 0 143.41
      vertex 85.9872 5 143.852
      vertex 85.9872 0 143.852
    endloop
  endfacet
  facet normal 0.0978919 0 -0.995197
    outer loop
      vertex 85.9872 5 143.852
      vertex 81.4937 0 143.41
      vertex 81.4937 5 143.41
    endloop
  endfacet
  facet normal -0.986626 0 -0.163002
    outer loop
      vertex 158.91 0 84.0063
      vertex 158.174 5 88.4612
      vertex 158.91 5 84.0063
    endloop
  endfacet
  facet normal -0.986626 -0 -0.163002
    outer loop
      vertex 158.174 5 88.4612
      vertex 158.91 0 84.0063
      vertex 158.174 0 88.4612
    endloop
  endfacet
  facet normal 0.995184 -0 0.0980235
    outer loop
      vertex 21.6477 0 70.4872
      vertex 22.0903 5 65.9937
      vertex 21.6477 5 70.4872
    endloop
  endfacet
  facet normal 0.995184 0 0.0980235
    outer loop
      vertex 22.0903 5 65.9937
      vertex 21.6477 0 70.4872
      vertex 22.0903 0 65.9937
    endloop
  endfacet
  facet normal -0.634371 0 -0.773029
    outer loop
      vertex 132.505 0 129.741
      vertex 135.995 5 126.877
      vertex 135.995 0 126.877
    endloop
  endfacet
  facet normal -0.634371 0 -0.773029
    outer loop
      vertex 135.995 5 126.877
      vertex 132.505 0 129.741
      vertex 132.505 5 129.741
    endloop
  endfacet
  facet normal 0.582474 0 -0.81285
    outer loop
      vertex 48.4955 0 129.741
      vertex 52.1657 5 132.371
      vertex 52.1657 0 132.371
    endloop
  endfacet
  facet normal 0.582474 0 -0.81285
    outer loop
      vertex 52.1657 5 132.371
      vertex 48.4955 0 129.741
      vertex 48.4955 5 129.741
    endloop
  endfacet
  facet normal 0.973877 -0 0.227075
    outer loop
      vertex 22.8258 0 61.5388
      vertex 23.8511 5 57.1415
      vertex 22.8258 5 61.5388
    endloop
  endfacet
  facet normal 0.973877 0 0.227075
    outer loop
      vertex 23.8511 5 57.1415
      vertex 22.8258 0 61.5388
      vertex 23.8511 0 57.1415
    endloop
  endfacet
  facet normal 0.683643 0 -0.729817
    outer loop
      vertex 41.7096 0 123.79
      vertex 45.0051 5 126.877
      vertex 45.0051 0 126.877
    endloop
  endfacet
  facet normal 0.683643 0 -0.729817
    outer loop
      vertex 45.0051 5 126.877
      vertex 41.7096 0 123.79
      vertex 41.7096 5 123.79
    endloop
  endfacet
  facet normal -0.0327182 0 0.999465
    outer loop
      vertex 90.5 5 6
      vertex 95.0128 0 6.14773
      vertex 95.0128 5 6.14773
    endloop
  endfacet
  facet normal -0.0327182 0 0.999465
    outer loop
      vertex 95.0128 0 6.14773
      vertex 90.5 5 6
      vertex 90.5 0 6
    endloop
  endfacet
  facet normal 0.528176 0 -0.849135
    outer loop
      vertex 52.1657 0 132.371
      vertex 56 5 134.756
      vertex 56 0 134.756
    endloop
  endfacet
  facet normal 0.528176 0 -0.849135
    outer loop
      vertex 56 5 134.756
      vertex 52.1657 0 132.371
      vertex 52.1657 5 132.371
    endloop
  endfacet
  facet normal 0.995184 0 -0.0980235
    outer loop
      vertex 22.0903 0 84.0063
      vertex 21.6477 5 79.5128
      vertex 22.0903 5 84.0063
    endloop
  endfacet
  facet normal 0.995184 0 -0.0980235
    outer loop
      vertex 21.6477 5 79.5128
      vertex 22.0903 0 84.0063
      vertex 21.6477 0 79.5128
    endloop
  endfacet
  facet normal 0.352243 0 0.935909
    outer loop
      vertex 64.0948 5 11.2523
      vertex 68.3207 0 9.66182
      vertex 68.3207 5 9.66182
    endloop
  endfacet
  facet normal 0.352243 0 0.935909
    outer loop
      vertex 68.3207 0 9.66182
      vertex 64.0948 5 11.2523
      vertex 64.0948 0 11.2523
    endloop
  endfacet
  facet normal 0.41281 0 -0.910817
    outer loop
      vertex 59.9821 0 136.884
      vertex 64.0948 5 138.748
      vertex 64.0948 0 138.748
    endloop
  endfacet
  facet normal 0.41281 0 -0.910817
    outer loop
      vertex 64.0948 5 138.748
      vertex 59.9821 0 136.884
      vertex 59.9821 5 136.884
    endloop
  endfacet
  facet normal 0.471384 0 0.881928
    outer loop
      vertex 56 5 15.2442
      vertex 59.9821 0 13.1158
      vertex 59.9821 5 13.1158
    endloop
  endfacet
  facet normal 0.471384 0 0.881928
    outer loop
      vertex 59.9821 0 13.1158
      vertex 56 5 15.2442
      vertex 56 0 15.2442
    endloop
  endfacet
  facet normal 0.95694 0 -0.290285
    outer loop
      vertex 25.1618 0 97.1793
      vertex 23.8511 5 92.8585
      vertex 25.1618 5 97.1793
    endloop
  endfacet
  facet normal 0.95694 0 -0.290285
    outer loop
      vertex 23.8511 5 92.8585
      vertex 25.1618 0 97.1793
      vertex 23.8511 0 92.8585
    endloop
  endfacet
  facet normal 0.81291 0 -0.58239
    outer loop
      vertex 35.7586 0 117.005
      vertex 33.1286 5 113.334
      vertex 35.7586 5 117.005
    endloop
  endfacet
  facet normal 0.81291 0 -0.58239
    outer loop
      vertex 33.1286 5 113.334
      vertex 35.7586 0 117.005
      vertex 33.1286 0 113.334
    endloop
  endfacet
  facet normal 0.910859 -0 0.412718
    outer loop
      vertex 26.7523 0 48.5948
      vertex 28.6158 5 44.4821
      vertex 26.7523 5 48.5948
    endloop
  endfacet
  facet normal 0.910859 0 0.412718
    outer loop
      vertex 28.6158 5 44.4821
      vertex 26.7523 0 48.5948
      vertex 28.6158 0 44.4821
    endloop
  endfacet
  facet normal -0.729765 0 -0.683698
    outer loop
      vertex 142.377 0 120.495
      vertex 139.29 5 123.79
      vertex 142.377 5 120.495
    endloop
  endfacet
  facet normal -0.729765 -0 -0.683698
    outer loop
      vertex 139.29 5 123.79
      vertex 142.377 0 120.495
      vertex 139.29 0 123.79
    endloop
  endfacet
  facet normal 0.999465 -0 0.0327116
    outer loop
      vertex 21.5 0 75
      vertex 21.6477 5 70.4872
      vertex 21.5 5 75
    endloop
  endfacet
  facet normal 0.999465 0 0.0327116
    outer loop
      vertex 21.6477 5 70.4872
      vertex 21.5 0 75
      vertex 21.6477 0 70.4872
    endloop
  endfacet
  facet normal -0.163009 0 -0.986625
    outer loop
      vertex 99.5063 0 143.41
      vertex 103.961 5 142.674
      vertex 103.961 0 142.674
    endloop
  endfacet
  facet normal -0.163009 0 -0.986625
    outer loop
      vertex 103.961 5 142.674
      vertex 99.5063 0 143.41
      vertex 99.5063 5 143.41
    endloop
  endfacet
  facet normal 0.935907 -0 0.352247
    outer loop
      vertex 25.1618 0 52.8207
      vertex 26.7523 5 48.5948
      vertex 25.1618 5 52.8207
    endloop
  endfacet
  facet normal 0.935907 0 0.352247
    outer loop
      vertex 26.7523 5 48.5948
      vertex 25.1618 0 52.8207
      vertex 26.7523 0 48.5948
    endloop
  endfacet
  facet normal -0.849116 0 -0.528206
    outer loop
      vertex 150.256 0 109.5
      vertex 147.871 5 113.334
      vertex 150.256 5 109.5
    endloop
  endfacet
  facet normal -0.849116 -0 -0.528206
    outer loop
      vertex 147.871 5 113.334
      vertex 150.256 0 109.5
      vertex 147.871 0 113.334
    endloop
  endfacet
  facet normal 0.81285 -0 0.582474
    outer loop
      vertex 33.1286 0 36.6657
      vertex 35.7586 5 32.9955
      vertex 33.1286 5 36.6657
    endloop
  endfacet
  facet normal 0.81285 0 0.582474
    outer loop
      vertex 35.7586 5 32.9955
      vertex 33.1286 0 36.6657
      vertex 35.7586 0 32.9955
    endloop
  endfacet
  facet normal 0.52808 0 0.849194
    outer loop
      vertex 52.1657 5 17.6286
      vertex 56 0 15.2442
      vertex 56 5 15.2442
    endloop
  endfacet
  facet normal 0.52808 0 0.849194
    outer loop
      vertex 56 0 15.2442
      vertex 52.1657 5 17.6286
      vertex 52.1657 0 17.6286
    endloop
  endfacet
  facet normal -0.81291 0 -0.58239
    outer loop
      vertex 147.871 0 113.334
      vertex 145.241 5 117.005
      vertex 147.871 5 113.334
    endloop
  endfacet
  facet normal -0.81291 -0 -0.58239
    outer loop
      vertex 145.241 5 117.005
      vertex 147.871 0 113.334
      vertex 145.241 0 117.005
    endloop
  endfacet
  facet normal 0.35215 0 -0.935944
    outer loop
      vertex 64.0948 0 138.748
      vertex 68.3207 5 140.338
      vertex 68.3207 0 140.338
    endloop
  endfacet
  facet normal 0.35215 0 -0.935944
    outer loop
      vertex 68.3207 5 140.338
      vertex 64.0948 0 138.748
      vertex 64.0948 5 138.748
    endloop
  endfacet
endsolid OpenSCAD_Model
