solid OpenSCAD_Model
  facet normal 1 0 0
    outer loop
      vertex 30 5 60
      vertex 30 0 60
      vertex 30 5 5
    endloop
  endfacet
  facet normal 1 -0 0
    outer loop
      vertex 30 5 5
      vertex 30 50 0
      vertex 30 50 5
    endloop
  endfacet
  facet normal 1 0 0
    outer loop
      vertex 30 5 5
      vertex 30 0 0
      vertex 30 50 0
    endloop
  endfacet
  facet normal 1 0 0
    outer loop
      vertex 30 0 0
      vertex 30 5 5
      vertex 30 0 60
    endloop
  endfacet
  facet normal -0 0 1
    outer loop
      vertex 0 5 60
      vertex 30 0 60
      vertex 30 5 60
    endloop
  endfacet
  facet normal 0 0 1
    outer loop
      vertex 30 0 60
      vertex 0 5 60
      vertex 0 0 60
    endloop
  endfacet
  facet normal 0 0 -1
    outer loop
      vertex 30 0 0
      vertex 17.1733 17.5823 0
      vertex 30 50 0
    endloop
  endfacet
  facet normal 0 0 -1
    outer loop
      vertex 30 50 0
      vertex 17.2308 37.7063 0
      vertex 17.25 38 0
    endloop
  endfacet
  facet normal 0 0 -1
    outer loop
      vertex 17.0787 17.861 0
      vertex 30 50 0
      vertex 17.1733 17.5823 0
    endloop
  endfacet
  facet normal 0 0 -1
    outer loop
      vertex 30 50 0
      vertex 17.1733 37.4177 0
      vertex 17.2308 37.7063 0
    endloop
  endfacet
  facet normal 0 0 -1
    outer loop
      vertex 17.0787 37.139 0
      vertex 30 50 0
      vertex 17.0787 17.861 0
    endloop
  endfacet
  facet normal 0 0 -1
    outer loop
      vertex 30 50 0
      vertex 17.0787 37.139 0
      vertex 17.1733 37.4177 0
    endloop
  endfacet
  facet normal 0 0 -1
    outer loop
      vertex 16.9486 18.125 0
      vertex 17.0787 37.139 0
      vertex 17.0787 17.861 0
    endloop
  endfacet
  facet normal 0 0 -1
    outer loop
      vertex 16.9486 18.125 0
      vertex 16.9486 36.875 0
      vertex 17.0787 37.139 0
    endloop
  endfacet
  facet normal 0 0 -1
    outer loop
      vertex 16.785 18.3697 0
      vertex 16.9486 36.875 0
      vertex 16.9486 18.125 0
    endloop
  endfacet
  facet normal 0 0 -1
    outer loop
      vertex 16.785 18.3697 0
      vertex 16.785 36.6303 0
      vertex 16.9486 36.875 0
    endloop
  endfacet
  facet normal 0 0 -1
    outer loop
      vertex 16.591 18.591 0
      vertex 16.785 36.6303 0
      vertex 16.785 18.3697 0
    endloop
  endfacet
  facet normal 0 0 -1
    outer loop
      vertex 16.591 18.591 0
      vertex 16.591 36.409 0
      vertex 16.785 36.6303 0
    endloop
  endfacet
  facet normal 0 0 -1
    outer loop
      vertex 16.3697 18.785 0
      vertex 16.591 36.409 0
      vertex 16.591 18.591 0
    endloop
  endfacet
  facet normal 0 0 -1
    outer loop
      vertex 16.3697 18.785 0
      vertex 16.3697 36.215 0
      vertex 16.591 36.409 0
    endloop
  endfacet
  facet normal 0 0 -1
    outer loop
      vertex 16.125 18.9486 0
      vertex 16.3697 36.215 0
      vertex 16.3697 18.785 0
    endloop
  endfacet
  facet normal 0 0 -1
    outer loop
      vertex 16.125 18.9486 0
      vertex 16.125 36.0514 0
      vertex 16.3697 36.215 0
    endloop
  endfacet
  facet normal 0 0 -1
    outer loop
      vertex 15.861 19.0787 0
      vertex 16.125 36.0514 0
      vertex 16.125 18.9486 0
    endloop
  endfacet
  facet normal 0 0 -1
    outer loop
      vertex 15.861 19.0787 0
      vertex 15.861 35.9213 0
      vertex 16.125 36.0514 0
    endloop
  endfacet
  facet normal 0 0 -1
    outer loop
      vertex 15.5823 19.1733 0
      vertex 15.861 35.9213 0
      vertex 15.861 19.0787 0
    endloop
  endfacet
  facet normal 0 0 -1
    outer loop
      vertex 15.5823 19.1733 0
      vertex 15.5823 35.8267 0
      vertex 15.861 35.9213 0
    endloop
  endfacet
  facet normal 0 0 -1
    outer loop
      vertex 15.2937 19.2308 0
      vertex 15.5823 35.8267 0
      vertex 15.5823 19.1733 0
    endloop
  endfacet
  facet normal 0 0 -1
    outer loop
      vertex 15.2937 19.2308 0
      vertex 15.2937 35.7692 0
      vertex 15.5823 35.8267 0
    endloop
  endfacet
  facet normal 0 0 -1
    outer loop
      vertex 15 19.25 0
      vertex 15.2937 35.7692 0
      vertex 15.2937 19.2308 0
    endloop
  endfacet
  facet normal 0 0 -1
    outer loop
      vertex 15 19.25 0
      vertex 15 35.75 0
      vertex 15.2937 35.7692 0
    endloop
  endfacet
  facet normal 0 0 -1
    outer loop
      vertex 14.7063 19.2308 0
      vertex 15 35.75 0
      vertex 15 19.25 0
    endloop
  endfacet
  facet normal 0 0 -1
    outer loop
      vertex 14.7063 19.2308 0
      vertex 14.7063 35.7692 0
      vertex 15 35.75 0
    endloop
  endfacet
  facet normal 0 0 -1
    outer loop
      vertex 14.4177 19.1733 0
      vertex 14.7063 35.7692 0
      vertex 14.7063 19.2308 0
    endloop
  endfacet
  facet normal 0 0 -1
    outer loop
      vertex 14.4177 19.1733 0
      vertex 14.4177 35.8267 0
      vertex 14.7063 35.7692 0
    endloop
  endfacet
  facet normal 0 0 -1
    outer loop
      vertex 14.139 19.0787 0
      vertex 14.4177 35.8267 0
      vertex 14.4177 19.1733 0
    endloop
  endfacet
  facet normal 0 0 -1
    outer loop
      vertex 14.139 19.0787 0
      vertex 14.139 35.9213 0
      vertex 14.4177 35.8267 0
    endloop
  endfacet
  facet normal 0 0 -1
    outer loop
      vertex 13.875 18.9486 0
      vertex 14.139 35.9213 0
      vertex 14.139 19.0787 0
    endloop
  endfacet
  facet normal 0 0 -1
    outer loop
      vertex 13.875 18.9486 0
      vertex 13.875 36.0514 0
      vertex 14.139 35.9213 0
    endloop
  endfacet
  facet normal 0 0 -1
    outer loop
      vertex 13.6303 18.785 0
      vertex 13.875 36.0514 0
      vertex 13.875 18.9486 0
    endloop
  endfacet
  facet normal 0 0 -1
    outer loop
      vertex 13.6303 18.785 0
      vertex 13.6303 36.215 0
      vertex 13.875 36.0514 0
    endloop
  endfacet
  facet normal 0 0 -1
    outer loop
      vertex 13.409 18.591 0
      vertex 13.6303 36.215 0
      vertex 13.6303 18.785 0
    endloop
  endfacet
  facet normal 0 0 -1
    outer loop
      vertex 13.409 18.591 0
      vertex 13.409 36.409 0
      vertex 13.6303 36.215 0
    endloop
  endfacet
  facet normal 0 0 -1
    outer loop
      vertex 13.215 18.3697 0
      vertex 13.409 36.409 0
      vertex 13.409 18.591 0
    endloop
  endfacet
  facet normal 0 0 -1
    outer loop
      vertex 13.215 18.3697 0
      vertex 13.215 36.6303 0
      vertex 13.409 36.409 0
    endloop
  endfacet
  facet normal 0 0 -1
    outer loop
      vertex 13.0514 18.125 0
      vertex 13.215 36.6303 0
      vertex 13.215 18.3697 0
    endloop
  endfacet
  facet normal 0 0 -1
    outer loop
      vertex 13.0514 18.125 0
      vertex 13.0514 36.875 0
      vertex 13.215 36.6303 0
    endloop
  endfacet
  facet normal 0 0 -1
    outer loop
      vertex 12.9213 17.861 0
      vertex 13.0514 36.875 0
      vertex 13.0514 18.125 0
    endloop
  endfacet
  facet normal 0 0 -1
    outer loop
      vertex 12.9213 17.861 0
      vertex 12.9213 37.139 0
      vertex 13.0514 36.875 0
    endloop
  endfacet
  facet normal 0 0 -1
    outer loop
      vertex 0 50 0
      vertex 12.9213 17.861 0
      vertex 12.8267 17.5823 0
    endloop
  endfacet
  facet normal 0 0 -1
    outer loop
      vertex 12.9213 17.861 0
      vertex 0 50 0
      vertex 12.9213 37.139 0
    endloop
  endfacet
  facet normal 0 0 -1
    outer loop
      vertex 0 0 0
      vertex 12.8267 17.5823 0
      vertex 12.7692 17.2937 0
    endloop
  endfacet
  facet normal 0 0 -1
    outer loop
      vertex 12.9213 37.139 0
      vertex 0 50 0
      vertex 12.8267 37.4177 0
    endloop
  endfacet
  facet normal 0 0 -1
    outer loop
      vertex 0 0 0
      vertex 12.7692 17.2937 0
      vertex 12.75 17 0
    endloop
  endfacet
  facet normal 0 0 -1
    outer loop
      vertex 12.8267 37.4177 0
      vertex 0 50 0
      vertex 12.7692 37.7063 0
    endloop
  endfacet
  facet normal 0 0 -1
    outer loop
      vertex 17.2308 17.2937 0
      vertex 30 0 0
      vertex 17.25 17 0
    endloop
  endfacet
  facet normal 0 0 -1
    outer loop
      vertex 30 0 0
      vertex 17.2308 16.7063 0
      vertex 17.25 17 0
    endloop
  endfacet
  facet normal 0 0 -1
    outer loop
      vertex 30 0 0
      vertex 17.1733 16.4177 0
      vertex 17.2308 16.7063 0
    endloop
  endfacet
  facet normal 0 0 -1
    outer loop
      vertex 30 0 0
      vertex 17.0787 16.139 0
      vertex 17.1733 16.4177 0
    endloop
  endfacet
  facet normal 0 0 -1
    outer loop
      vertex 30 0 0
      vertex 16.9486 15.875 0
      vertex 17.0787 16.139 0
    endloop
  endfacet
  facet normal 0 0 -1
    outer loop
      vertex 30 0 0
      vertex 16.785 15.6303 0
      vertex 16.9486 15.875 0
    endloop
  endfacet
  facet normal 0 0 -1
    outer loop
      vertex 30 0 0
      vertex 16.591 15.409 0
      vertex 16.785 15.6303 0
    endloop
  endfacet
  facet normal 0 0 -1
    outer loop
      vertex 30 0 0
      vertex 16.3697 15.215 0
      vertex 16.591 15.409 0
    endloop
  endfacet
  facet normal 0 0 -1
    outer loop
      vertex 30 0 0
      vertex 16.125 15.0514 0
      vertex 16.3697 15.215 0
    endloop
  endfacet
  facet normal 0 0 -1
    outer loop
      vertex 30 0 0
      vertex 15.861 14.9213 0
      vertex 16.125 15.0514 0
    endloop
  endfacet
  facet normal 0 0 -1
    outer loop
      vertex 30 0 0
      vertex 15.5823 14.8267 0
      vertex 15.861 14.9213 0
    endloop
  endfacet
  facet normal 0 0 -1
    outer loop
      vertex 30 0 0
      vertex 15.2937 14.7692 0
      vertex 15.5823 14.8267 0
    endloop
  endfacet
  facet normal 0 0 -1
    outer loop
      vertex 30 0 0
      vertex 15 14.75 0
      vertex 15.2937 14.7692 0
    endloop
  endfacet
  facet normal 0 0 -1
    outer loop
      vertex 0 0 0
      vertex 15 14.75 0
      vertex 30 0 0
    endloop
  endfacet
  facet normal -0 0 -1
    outer loop
      vertex 15 14.75 0
      vertex 0 0 0
      vertex 14.7063 14.7692 0
    endloop
  endfacet
  facet normal -0 0 -1
    outer loop
      vertex 14.7063 14.7692 0
      vertex 0 0 0
      vertex 14.4177 14.8267 0
    endloop
  endfacet
  facet normal -0 0 -1
    outer loop
      vertex 14.4177 14.8267 0
      vertex 0 0 0
      vertex 14.139 14.9213 0
    endloop
  endfacet
  facet normal -0 0 -1
    outer loop
      vertex 14.139 14.9213 0
      vertex 0 0 0
      vertex 13.875 15.0514 0
    endloop
  endfacet
  facet normal -0 0 -1
    outer loop
      vertex 13.875 15.0514 0
      vertex 0 0 0
      vertex 13.6303 15.215 0
    endloop
  endfacet
  facet normal -0 0 -1
    outer loop
      vertex 12.8267 17.5823 0
      vertex 0 0 0
      vertex 0 50 0
    endloop
  endfacet
  facet normal -0 0 -1
    outer loop
      vertex 12.7692 16.7063 0
      vertex 0 0 0
      vertex 12.75 17 0
    endloop
  endfacet
  facet normal -0 0 -1
    outer loop
      vertex 12.8267 16.4177 0
      vertex 0 0 0
      vertex 12.7692 16.7063 0
    endloop
  endfacet
  facet normal -0 0 -1
    outer loop
      vertex 12.9213 16.139 0
      vertex 0 0 0
      vertex 12.8267 16.4177 0
    endloop
  endfacet
  facet normal -0 0 -1
    outer loop
      vertex 13.0514 15.875 0
      vertex 0 0 0
      vertex 12.9213 16.139 0
    endloop
  endfacet
  facet normal -0 0 -1
    outer loop
      vertex 13.215 15.6303 0
      vertex 0 0 0
      vertex 13.0514 15.875 0
    endloop
  endfacet
  facet normal -0 0 -1
    outer loop
      vertex 13.409 15.409 0
      vertex 0 0 0
      vertex 13.215 15.6303 0
    endloop
  endfacet
  facet normal -0 0 -1
    outer loop
      vertex 13.6303 15.215 0
      vertex 0 0 0
      vertex 13.409 15.409 0
    endloop
  endfacet
  facet normal 0 0 -1
    outer loop
      vertex 17.1733 17.5823 0
      vertex 30 0 0
      vertex 17.2308 17.2937 0
    endloop
  endfacet
  facet normal 0 0 -1
    outer loop
      vertex 17.2308 38.2937 0
      vertex 30 50 0
      vertex 17.25 38 0
    endloop
  endfacet
  facet normal 0 0 -1
    outer loop
      vertex 17.1733 38.5823 0
      vertex 30 50 0
      vertex 17.2308 38.2937 0
    endloop
  endfacet
  facet normal 0 0 -1
    outer loop
      vertex 17.0787 38.861 0
      vertex 30 50 0
      vertex 17.1733 38.5823 0
    endloop
  endfacet
  facet normal 0 0 -1
    outer loop
      vertex 16.9486 39.125 0
      vertex 30 50 0
      vertex 17.0787 38.861 0
    endloop
  endfacet
  facet normal 0 0 -1
    outer loop
      vertex 16.785 39.3697 0
      vertex 30 50 0
      vertex 16.9486 39.125 0
    endloop
  endfacet
  facet normal 0 0 -1
    outer loop
      vertex 16.591 39.591 0
      vertex 30 50 0
      vertex 16.785 39.3697 0
    endloop
  endfacet
  facet normal 0 0 -1
    outer loop
      vertex 16.3697 39.785 0
      vertex 30 50 0
      vertex 16.591 39.591 0
    endloop
  endfacet
  facet normal 0 0 -1
    outer loop
      vertex 16.125 39.9486 0
      vertex 30 50 0
      vertex 16.3697 39.785 0
    endloop
  endfacet
  facet normal 0 0 -1
    outer loop
      vertex 15.861 40.0787 0
      vertex 30 50 0
      vertex 16.125 39.9486 0
    endloop
  endfacet
  facet normal 0 0 -1
    outer loop
      vertex 15.5823 40.1733 0
      vertex 30 50 0
      vertex 15.861 40.0787 0
    endloop
  endfacet
  facet normal 0 0 -1
    outer loop
      vertex 15.2937 40.2308 0
      vertex 30 50 0
      vertex 15.5823 40.1733 0
    endloop
  endfacet
  facet normal 0 0 -1
    outer loop
      vertex 15 40.25 0
      vertex 30 50 0
      vertex 15.2937 40.2308 0
    endloop
  endfacet
  facet normal 0 0 -1
    outer loop
      vertex 0 50 0
      vertex 15 40.25 0
      vertex 14.7063 40.2308 0
    endloop
  endfacet
  facet normal 0 0 -1
    outer loop
      vertex 0 50 0
      vertex 14.7063 40.2308 0
      vertex 14.4177 40.1733 0
    endloop
  endfacet
  facet normal 0 0 -1
    outer loop
      vertex 0 50 0
      vertex 14.4177 40.1733 0
      vertex 14.139 40.0787 0
    endloop
  endfacet
  facet normal 0 0 -1
    outer loop
      vertex 0 50 0
      vertex 14.139 40.0787 0
      vertex 13.875 39.9486 0
    endloop
  endfacet
  facet normal 0 0 -1
    outer loop
      vertex 12.7692 37.7063 0
      vertex 0 50 0
      vertex 12.75 38 0
    endloop
  endfacet
  facet normal 0 0 -1
    outer loop
      vertex 12.75 38 0
      vertex 0 50 0
      vertex 12.7692 38.2937 0
    endloop
  endfacet
  facet normal 0 0 -1
    outer loop
      vertex 15 40.25 0
      vertex 0 50 0
      vertex 30 50 0
    endloop
  endfacet
  facet normal 0 0 -1
    outer loop
      vertex 13.6303 39.785 0
      vertex 0 50 0
      vertex 13.875 39.9486 0
    endloop
  endfacet
  facet normal 0 0 -1
    outer loop
      vertex 13.409 39.591 0
      vertex 0 50 0
      vertex 13.6303 39.785 0
    endloop
  endfacet
  facet normal 0 0 -1
    outer loop
      vertex 13.215 39.3697 0
      vertex 0 50 0
      vertex 13.409 39.591 0
    endloop
  endfacet
  facet normal 0 0 -1
    outer loop
      vertex 13.0514 39.125 0
      vertex 0 50 0
      vertex 13.215 39.3697 0
    endloop
  endfacet
  facet normal 0 0 -1
    outer loop
      vertex 12.9213 38.861 0
      vertex 0 50 0
      vertex 13.0514 39.125 0
    endloop
  endfacet
  facet normal 0 0 -1
    outer loop
      vertex 12.8267 38.5823 0
      vertex 0 50 0
      vertex 12.9213 38.861 0
    endloop
  endfacet
  facet normal 0 0 -1
    outer loop
      vertex 12.7692 38.2937 0
      vertex 0 50 0
      vertex 12.8267 38.5823 0
    endloop
  endfacet
  facet normal -1 0 0
    outer loop
      vertex 0 50 0
      vertex 0 5 5
      vertex 0 50 5
    endloop
  endfacet
  facet normal -1 0 0
    outer loop
      vertex 0 0 0
      vertex 0 5 5
      vertex 0 50 0
    endloop
  endfacet
  facet normal -1 0 0
    outer loop
      vertex 0 0 60
      vertex 0 5 5
      vertex 0 0 0
    endloop
  endfacet
  facet normal -1 0 0
    outer loop
      vertex 0 5 5
      vertex 0 0 60
      vertex 0 5 60
    endloop
  endfacet
  facet normal 0 1 0
    outer loop
      vertex 30 5 60
      vertex 17.5 5 56
      vertex 0 5 60
    endloop
  endfacet
  facet normal 0 1 -0
    outer loop
      vertex 30 5 5
      vertex 17.5 5 56
      vertex 30 5 60
    endloop
  endfacet
  facet normal 0 1 0
    outer loop
      vertex 17.5 5 56
      vertex 30 5 5
      vertex 17.5 5 5
    endloop
  endfacet
  facet normal 0 1 -0
    outer loop
      vertex 12.5 5 56
      vertex 0 5 60
      vertex 17.5 5 56
    endloop
  endfacet
  facet normal 0 1 0
    outer loop
      vertex 0 5 5
      vertex 12.5 5 56
      vertex 12.5 5 5
    endloop
  endfacet
  facet normal 0 1 0
    outer loop
      vertex 12.5 5 56
      vertex 0 5 5
      vertex 0 5 60
    endloop
  endfacet
  facet normal 0 -1 0
    outer loop
      vertex 0 0 60
      vertex 15 0 50.25
      vertex 30 0 60
    endloop
  endfacet
  facet normal 0 -1 0
    outer loop
      vertex 0 0 60
      vertex 14.7063 0 50.2308
      vertex 15 0 50.25
    endloop
  endfacet
  facet normal 0 -1 0
    outer loop
      vertex 0 0 60
      vertex 14.4177 0 50.1733
      vertex 14.7063 0 50.2308
    endloop
  endfacet
  facet normal 0 -1 0
    outer loop
      vertex 0 0 60
      vertex 14.139 0 50.0787
      vertex 14.4177 0 50.1733
    endloop
  endfacet
  facet normal 0 -1 0
    outer loop
      vertex 0 0 60
      vertex 13.875 0 49.9486
      vertex 14.139 0 50.0787
    endloop
  endfacet
  facet normal 0 -1 0
    outer loop
      vertex 0 0 60
      vertex 13.6303 0 49.785
      vertex 13.875 0 49.9486
    endloop
  endfacet
  facet normal 0 -1 0
    outer loop
      vertex 0 0 60
      vertex 13.409 0 49.591
      vertex 13.6303 0 49.785
    endloop
  endfacet
  facet normal 0 -1 0
    outer loop
      vertex 0 0 60
      vertex 13.215 0 49.3697
      vertex 13.409 0 49.591
    endloop
  endfacet
  facet normal 0 -1 0
    outer loop
      vertex 0 0 60
      vertex 13.0514 0 49.125
      vertex 13.215 0 49.3697
    endloop
  endfacet
  facet normal 0 -1 0
    outer loop
      vertex 0 0 60
      vertex 12.9213 0 48.861
      vertex 13.0514 0 49.125
    endloop
  endfacet
  facet normal 0 -1 0
    outer loop
      vertex 0 0 60
      vertex 12.8267 0 48.5823
      vertex 12.9213 0 48.861
    endloop
  endfacet
  facet normal 0 -1 0
    outer loop
      vertex 0 0 60
      vertex 12.7692 0 48.2937
      vertex 12.8267 0 48.5823
    endloop
  endfacet
  facet normal 0 -1 0
    outer loop
      vertex 0 0 60
      vertex 12.75 0 48
      vertex 12.7692 0 48.2937
    endloop
  endfacet
  facet normal 0 -1 0
    outer loop
      vertex 0 0 60
      vertex 12.7692 0 47.7063
      vertex 12.75 0 48
    endloop
  endfacet
  facet normal 0 -1 0
    outer loop
      vertex 0 0 60
      vertex 12.8267 0 47.4177
      vertex 12.7692 0 47.7063
    endloop
  endfacet
  facet normal 0 -1 0
    outer loop
      vertex 0 0 60
      vertex 12.9213 0 47.139
      vertex 12.8267 0 47.4177
    endloop
  endfacet
  facet normal 0 -1 0
    outer loop
      vertex 0 0 60
      vertex 13.0514 0 46.875
      vertex 12.9213 0 47.139
    endloop
  endfacet
  facet normal 0 -1 0
    outer loop
      vertex 13.0514 0 18.125
      vertex 13.0514 0 46.875
      vertex 0 0 60
    endloop
  endfacet
  facet normal 0 -1 0
    outer loop
      vertex 13.0514 0 46.875
      vertex 13.0514 0 18.125
      vertex 13.215 0 46.6303
    endloop
  endfacet
  facet normal 0 -1 0
    outer loop
      vertex 14.7063 0 45.7692
      vertex 15 0 19.25
      vertex 15 0 45.75
    endloop
  endfacet
  facet normal 0 -1 0
    outer loop
      vertex 14.7063 0 19.2308
      vertex 14.7063 0 45.7692
      vertex 14.4177 0 45.8267
    endloop
  endfacet
  facet normal 0 -1 0
    outer loop
      vertex 14.4177 0 19.1733
      vertex 14.4177 0 45.8267
      vertex 14.139 0 45.9213
    endloop
  endfacet
  facet normal 0 -1 0
    outer loop
      vertex 14.139 0 19.0787
      vertex 14.139 0 45.9213
      vertex 13.875 0 46.0514
    endloop
  endfacet
  facet normal 0 -1 0
    outer loop
      vertex 13.875 0 18.9486
      vertex 13.875 0 46.0514
      vertex 13.6303 0 46.215
    endloop
  endfacet
  facet normal 0 -1 0
    outer loop
      vertex 13.6303 0 18.785
      vertex 13.6303 0 46.215
      vertex 13.409 0 46.409
    endloop
  endfacet
  facet normal -0 -1 0
    outer loop
      vertex 13.215 0 18.3697
      vertex 13.215 0 46.6303
      vertex 13.0514 0 18.125
    endloop
  endfacet
  facet normal 0 -1 0
    outer loop
      vertex 14.7063 0 45.7692
      vertex 14.7063 0 19.2308
      vertex 15 0 19.25
    endloop
  endfacet
  facet normal 0 -1 0
    outer loop
      vertex 14.4177 0 45.8267
      vertex 14.4177 0 19.1733
      vertex 14.7063 0 19.2308
    endloop
  endfacet
  facet normal 0 -1 0
    outer loop
      vertex 14.139 0 45.9213
      vertex 14.139 0 19.0787
      vertex 14.4177 0 19.1733
    endloop
  endfacet
  facet normal 0 -1 0
    outer loop
      vertex 13.875 0 46.0514
      vertex 13.875 0 18.9486
      vertex 14.139 0 19.0787
    endloop
  endfacet
  facet normal 0 -1 0
    outer loop
      vertex 13.6303 0 46.215
      vertex 13.6303 0 18.785
      vertex 13.875 0 18.9486
    endloop
  endfacet
  facet normal 0 -1 0
    outer loop
      vertex 13.409 0 46.409
      vertex 13.409 0 18.591
      vertex 13.6303 0 18.785
    endloop
  endfacet
  facet normal 0 -1 -0
    outer loop
      vertex 13.409 0 46.409
      vertex 13.215 0 18.3697
      vertex 13.409 0 18.591
    endloop
  endfacet
  facet normal 0 -1 0
    outer loop
      vertex 13.215 0 46.6303
      vertex 13.215 0 18.3697
      vertex 13.409 0 46.409
    endloop
  endfacet
  facet normal 0 -1 0
    outer loop
      vertex 0 0 60
      vertex 12.9213 0 17.861
      vertex 13.0514 0 18.125
    endloop
  endfacet
  facet normal 0 -1 0
    outer loop
      vertex 0 0 60
      vertex 12.8267 0 17.5823
      vertex 12.9213 0 17.861
    endloop
  endfacet
  facet normal 0 -1 0
    outer loop
      vertex 0 0 0
      vertex 12.8267 0 17.5823
      vertex 0 0 60
    endloop
  endfacet
  facet normal 0 -1 0
    outer loop
      vertex 12.8267 0 17.5823
      vertex 0 0 0
      vertex 12.7692 0 17.2937
    endloop
  endfacet
  facet normal 0 -1 0
    outer loop
      vertex 12.7692 0 17.2937
      vertex 0 0 0
      vertex 12.75 0 17
    endloop
  endfacet
  facet normal 0 -1 -0
    outer loop
      vertex 12.75 0 17
      vertex 0 0 0
      vertex 12.7692 0 16.7063
    endloop
  endfacet
  facet normal 0 -1 -0
    outer loop
      vertex 14.7063 0 14.7692
      vertex 0 0 0
      vertex 15 0 14.75
    endloop
  endfacet
  facet normal 0 -1 -0
    outer loop
      vertex 14.4177 0 14.8267
      vertex 0 0 0
      vertex 14.7063 0 14.7692
    endloop
  endfacet
  facet normal 0 -1 -0
    outer loop
      vertex 14.139 0 14.9213
      vertex 0 0 0
      vertex 14.4177 0 14.8267
    endloop
  endfacet
  facet normal 0 -1 -0
    outer loop
      vertex 13.875 0 15.0514
      vertex 0 0 0
      vertex 14.139 0 14.9213
    endloop
  endfacet
  facet normal 0 -1 -0
    outer loop
      vertex 13.6303 0 15.215
      vertex 0 0 0
      vertex 13.875 0 15.0514
    endloop
  endfacet
  facet normal 0 -1 -0
    outer loop
      vertex 13.409 0 15.409
      vertex 0 0 0
      vertex 13.6303 0 15.215
    endloop
  endfacet
  facet normal 0 -1 -0
    outer loop
      vertex 13.215 0 15.6303
      vertex 0 0 0
      vertex 13.409 0 15.409
    endloop
  endfacet
  facet normal 0 -1 -0
    outer loop
      vertex 13.0514 0 15.875
      vertex 0 0 0
      vertex 13.215 0 15.6303
    endloop
  endfacet
  facet normal 0 -1 -0
    outer loop
      vertex 12.9213 0 16.139
      vertex 0 0 0
      vertex 13.0514 0 15.875
    endloop
  endfacet
  facet normal 0 -1 -0
    outer loop
      vertex 12.8267 0 16.4177
      vertex 0 0 0
      vertex 12.9213 0 16.139
    endloop
  endfacet
  facet normal 0 -1 -0
    outer loop
      vertex 12.7692 0 16.7063
      vertex 0 0 0
      vertex 12.8267 0 16.4177
    endloop
  endfacet
  facet normal 0 -1 0
    outer loop
      vertex 15.2937 0 50.2308
      vertex 30 0 60
      vertex 15 0 50.25
    endloop
  endfacet
  facet normal 0 -1 0
    outer loop
      vertex 15.5823 0 50.1733
      vertex 30 0 60
      vertex 15.2937 0 50.2308
    endloop
  endfacet
  facet normal 0 -1 0
    outer loop
      vertex 15.861 0 50.0787
      vertex 30 0 60
      vertex 15.5823 0 50.1733
    endloop
  endfacet
  facet normal 0 -1 0
    outer loop
      vertex 16.125 0 49.9486
      vertex 30 0 60
      vertex 15.861 0 50.0787
    endloop
  endfacet
  facet normal 0 -1 0
    outer loop
      vertex 16.3697 0 49.785
      vertex 30 0 60
      vertex 16.125 0 49.9486
    endloop
  endfacet
  facet normal 0 -1 0
    outer loop
      vertex 16.591 0 49.591
      vertex 30 0 60
      vertex 16.3697 0 49.785
    endloop
  endfacet
  facet normal 0 -1 0
    outer loop
      vertex 16.785 0 49.3697
      vertex 30 0 60
      vertex 16.591 0 49.591
    endloop
  endfacet
  facet normal 0 -1 0
    outer loop
      vertex 16.9486 0 49.125
      vertex 30 0 60
      vertex 16.785 0 49.3697
    endloop
  endfacet
  facet normal 0 -1 0
    outer loop
      vertex 17.0787 0 48.861
      vertex 30 0 60
      vertex 16.9486 0 49.125
    endloop
  endfacet
  facet normal 0 -1 0
    outer loop
      vertex 17.1733 0 48.5823
      vertex 30 0 60
      vertex 17.0787 0 48.861
    endloop
  endfacet
  facet normal 0 -1 0
    outer loop
      vertex 17.2308 0 48.2937
      vertex 30 0 60
      vertex 17.1733 0 48.5823
    endloop
  endfacet
  facet normal 0 -1 0
    outer loop
      vertex 17.25 0 48
      vertex 30 0 60
      vertex 17.2308 0 48.2937
    endloop
  endfacet
  facet normal 0 -1 0
    outer loop
      vertex 17.2308 0 47.7063
      vertex 30 0 60
      vertex 17.25 0 48
    endloop
  endfacet
  facet normal 0 -1 0
    outer loop
      vertex 17.1733 0 47.4177
      vertex 30 0 60
      vertex 17.2308 0 47.7063
    endloop
  endfacet
  facet normal 0 -1 0
    outer loop
      vertex 17.0787 0 47.139
      vertex 30 0 60
      vertex 17.1733 0 47.4177
    endloop
  endfacet
  facet normal 0 -1 0
    outer loop
      vertex 16.9486 0 46.875
      vertex 30 0 60
      vertex 17.0787 0 47.139
    endloop
  endfacet
  facet normal 0 -1 0
    outer loop
      vertex 16.9486 0 18.125
      vertex 16.9486 0 46.875
      vertex 16.785 0 46.6303
    endloop
  endfacet
  facet normal 0 -1 0
    outer loop
      vertex 16.785 0 18.3697
      vertex 16.785 0 46.6303
      vertex 16.591 0 46.409
    endloop
  endfacet
  facet normal 0 -1 0
    outer loop
      vertex 15 0 19.25
      vertex 15.2937 0 45.7692
      vertex 15 0 45.75
    endloop
  endfacet
  facet normal 0 -1 0
    outer loop
      vertex 15.2937 0 19.2308
      vertex 15.2937 0 45.7692
      vertex 15 0 19.25
    endloop
  endfacet
  facet normal 0 -1 0
    outer loop
      vertex 15.2937 0 45.7692
      vertex 15.2937 0 19.2308
      vertex 15.5823 0 45.8267
    endloop
  endfacet
  facet normal 0 -1 0
    outer loop
      vertex 15.5823 0 19.1733
      vertex 15.5823 0 45.8267
      vertex 15.2937 0 19.2308
    endloop
  endfacet
  facet normal 0 -1 0
    outer loop
      vertex 15.5823 0 45.8267
      vertex 15.5823 0 19.1733
      vertex 15.861 0 45.9213
    endloop
  endfacet
  facet normal 0 -1 0
    outer loop
      vertex 15.861 0 19.0787
      vertex 15.861 0 45.9213
      vertex 15.5823 0 19.1733
    endloop
  endfacet
  facet normal 0 -1 0
    outer loop
      vertex 15.861 0 45.9213
      vertex 15.861 0 19.0787
      vertex 16.125 0 46.0514
    endloop
  endfacet
  facet normal 0 -1 0
    outer loop
      vertex 16.125 0 18.9486
      vertex 16.125 0 46.0514
      vertex 15.861 0 19.0787
    endloop
  endfacet
  facet normal 0 -1 0
    outer loop
      vertex 16.125 0 46.0514
      vertex 16.125 0 18.9486
      vertex 16.3697 0 46.215
    endloop
  endfacet
  facet normal 0 -1 0
    outer loop
      vertex 16.3697 0 18.785
      vertex 16.3697 0 46.215
      vertex 16.125 0 18.9486
    endloop
  endfacet
  facet normal 0 -1 0
    outer loop
      vertex 16.3697 0 46.215
      vertex 16.3697 0 18.785
      vertex 16.591 0 46.409
    endloop
  endfacet
  facet normal 0 -1 0
    outer loop
      vertex 16.591 0 18.591
      vertex 16.591 0 46.409
      vertex 16.3697 0 18.785
    endloop
  endfacet
  facet normal 0 -1 0
    outer loop
      vertex 16.785 0 18.3697
      vertex 16.591 0 46.409
      vertex 16.591 0 18.591
    endloop
  endfacet
  facet normal 0 -1 0
    outer loop
      vertex 16.785 0 46.6303
      vertex 16.785 0 18.3697
      vertex 16.9486 0 18.125
    endloop
  endfacet
  facet normal 0 -1 0
    outer loop
      vertex 16.9486 0 46.875
      vertex 16.9486 0 18.125
      vertex 30 0 60
    endloop
  endfacet
  facet normal 0 -1 0
    outer loop
      vertex 17.0787 0 17.861
      vertex 30 0 60
      vertex 16.9486 0 18.125
    endloop
  endfacet
  facet normal 0 -1 0
    outer loop
      vertex 17.1733 0 17.5823
      vertex 30 0 60
      vertex 17.0787 0 17.861
    endloop
  endfacet
  facet normal 0 -1 0
    outer loop
      vertex 30 0 0
      vertex 17.1733 0 17.5823
      vertex 17.2308 0 17.2937
    endloop
  endfacet
  facet normal 0 -1 0
    outer loop
      vertex 30 0 0
      vertex 17.2308 0 17.2937
      vertex 17.25 0 17
    endloop
  endfacet
  facet normal 0 -1 0
    outer loop
      vertex 30 0 0
      vertex 17.25 0 17
      vertex 17.2308 0 16.7063
    endloop
  endfacet
  facet normal 0 -1 0
    outer loop
      vertex 30 0 0
      vertex 17.2308 0 16.7063
      vertex 17.1733 0 16.4177
    endloop
  endfacet
  facet normal 0 -1 0
    outer loop
      vertex 30 0 0
      vertex 15 0 14.75
      vertex 0 0 0
    endloop
  endfacet
  facet normal 0 -1 0
    outer loop
      vertex 15 0 14.75
      vertex 30 0 0
      vertex 15.2937 0 14.7692
    endloop
  endfacet
  facet normal 0 -1 0
    outer loop
      vertex 15.2937 0 14.7692
      vertex 30 0 0
      vertex 15.5823 0 14.8267
    endloop
  endfacet
  facet normal 0 -1 0
    outer loop
      vertex 15.5823 0 14.8267
      vertex 30 0 0
      vertex 15.861 0 14.9213
    endloop
  endfacet
  facet normal 0 -1 0
    outer loop
      vertex 15.861 0 14.9213
      vertex 30 0 0
      vertex 16.125 0 15.0514
    endloop
  endfacet
  facet normal 0 -1 0
    outer loop
      vertex 16.125 0 15.0514
      vertex 30 0 0
      vertex 16.3697 0 15.215
    endloop
  endfacet
  facet normal 0 -1 0
    outer loop
      vertex 17.1733 0 17.5823
      vertex 30 0 0
      vertex 30 0 60
    endloop
  endfacet
  facet normal 0 -1 0
    outer loop
      vertex 17.0787 0 16.139
      vertex 30 0 0
      vertex 17.1733 0 16.4177
    endloop
  endfacet
  facet normal 0 -1 0
    outer loop
      vertex 16.9486 0 15.875
      vertex 30 0 0
      vertex 17.0787 0 16.139
    endloop
  endfacet
  facet normal 0 -1 0
    outer loop
      vertex 16.785 0 15.6303
      vertex 30 0 0
      vertex 16.9486 0 15.875
    endloop
  endfacet
  facet normal 0 -1 0
    outer loop
      vertex 16.591 0 15.409
      vertex 30 0 0
      vertex 16.785 0 15.6303
    endloop
  endfacet
  facet normal 0 -1 0
    outer loop
      vertex 16.3697 0 15.215
      vertex 30 0 0
      vertex 16.591 0 15.409
    endloop
  endfacet
  facet normal 0 0 1
    outer loop
      vertex 30 50 5
      vertex 17.5 46 5
      vertex 30 5 5
    endloop
  endfacet
  facet normal 0 0 1
    outer loop
      vertex 30 50 5
      vertex 12.5 46 5
      vertex 17.5 46 5
    endloop
  endfacet
  facet normal -0 0 1
    outer loop
      vertex 0 50 5
      vertex 12.5 46 5
      vertex 30 50 5
    endloop
  endfacet
  facet normal 0 0 1
    outer loop
      vertex 0 5 5
      vertex 12.5 46 5
      vertex 0 50 5
    endloop
  endfacet
  facet normal 0 0 1
    outer loop
      vertex 12.5 46 5
      vertex 0 5 5
      vertex 12.5 5 5
    endloop
  endfacet
  facet normal 0 0 1
    outer loop
      vertex 30 5 5
      vertex 17.5 46 5
      vertex 17.5 5 5
    endloop
  endfacet
  facet normal 0 1 -0
    outer loop
      vertex 30 50 0
      vertex 0 50 5
      vertex 30 50 5
    endloop
  endfacet
  facet normal 0 1 0
    outer loop
      vertex 0 50 5
      vertex 30 50 0
      vertex 0 50 0
    endloop
  endfacet
  facet normal -1 0 0
    outer loop
      vertex 12.5 46 5
      vertex 12.5 5 5
      vertex 12.5 5 56
    endloop
  endfacet
  facet normal 1 0 0
    outer loop
      vertex 17.5 5 56
      vertex 17.5 5 5
      vertex 17.5 46 5
    endloop
  endfacet
  facet normal 0 0.779376 0.626557
    outer loop
      vertex 17.5 46 5
      vertex 12.5 5 56
      vertex 17.5 5 56
    endloop
  endfacet
  facet normal 0 0.779376 0.626557
    outer loop
      vertex 12.5 5 56
      vertex 17.5 46 5
      vertex 12.5 46 5
    endloop
  endfacet
  facet normal 0.0652336 0 -0.99787
    outer loop
      vertex 14.7063 0 19.2308
      vertex 15 5.01 19.25
      vertex 15 0 19.25
    endloop
  endfacet
  facet normal 0.0652336 0 -0.99787
    outer loop
      vertex 15 5.01 19.25
      vertex 14.7063 0 19.2308
      vertex 14.7063 5.01 19.2308
    endloop
  endfacet
  facet normal -0.980724 0 0.195397
    outer loop
      vertex 17.1733 0 16.4177
      vertex 17.2308 5.01 16.7063
      vertex 17.1733 5.01 16.4177
    endloop
  endfacet
  facet normal -0.980724 0 0.195397
    outer loop
      vertex 17.2308 5.01 16.7063
      vertex 17.1733 0 16.4177
      vertex 17.2308 0 16.7063
    endloop
  endfacet
  facet normal -0.99787 0 0.0652336
    outer loop
      vertex 17.2308 0 16.7063
      vertex 17.25 5.01 17
      vertex 17.2308 5.01 16.7063
    endloop
  endfacet
  facet normal -0.99787 0 0.0652336
    outer loop
      vertex 17.25 5.01 17
      vertex 17.2308 0 16.7063
      vertex 17.25 0 17
    endloop
  endfacet
  facet normal -0.946936 0 0.321421
    outer loop
      vertex 17.0787 0 16.139
      vertex 17.1733 5.01 16.4177
      vertex 17.0787 5.01 16.139
    endloop
  endfacet
  facet normal -0.946936 0 0.321421
    outer loop
      vertex 17.1733 5.01 16.4177
      vertex 17.0787 0 16.139
      vertex 17.1733 0 16.4177
    endloop
  endfacet
  facet normal 0.980724 0 -0.195397
    outer loop
      vertex 12.8267 0 17.5823
      vertex 12.7692 5.01 17.2937
      vertex 12.8267 5.01 17.5823
    endloop
  endfacet
  facet normal 0.980724 0 -0.195397
    outer loop
      vertex 12.7692 5.01 17.2937
      vertex 12.8267 0 17.5823
      vertex 12.7692 0 17.2937
    endloop
  endfacet
  facet normal -0.0652336 0 0.99787
    outer loop
      vertex 15 5.01 14.75
      vertex 15.2937 0 14.7692
      vertex 15.2937 5.01 14.7692
    endloop
  endfacet
  facet normal -0.0652336 0 0.99787
    outer loop
      vertex 15.2937 0 14.7692
      vertex 15 5.01 14.75
      vertex 15 0 14.75
    endloop
  endfacet
  facet normal 0.946936 0 -0.321421
    outer loop
      vertex 12.9213 0 17.861
      vertex 12.8267 5.01 17.5823
      vertex 12.9213 5.01 17.861
    endloop
  endfacet
  facet normal 0.946936 0 -0.321421
    outer loop
      vertex 12.8267 5.01 17.5823
      vertex 12.9213 0 17.861
      vertex 12.8267 0 17.5823
    endloop
  endfacet
  facet normal 0.195397 0 -0.980724
    outer loop
      vertex 14.4177 0 19.1733
      vertex 14.7063 5.01 19.2308
      vertex 14.7063 0 19.2308
    endloop
  endfacet
  facet normal 0.195397 0 -0.980724
    outer loop
      vertex 14.7063 5.01 19.2308
      vertex 14.4177 0 19.1733
      vertex 14.4177 5.01 19.1733
    endloop
  endfacet
  facet normal -0.99787 0 -0.0652336
    outer loop
      vertex 17.25 0 17
      vertex 17.2308 5.01 17.2937
      vertex 17.25 5.01 17
    endloop
  endfacet
  facet normal -0.99787 -0 -0.0652336
    outer loop
      vertex 17.2308 5.01 17.2937
      vertex 17.25 0 17
      vertex 17.2308 0 17.2937
    endloop
  endfacet
  facet normal 0.555797 0 -0.831318
    outer loop
      vertex 13.6303 0 18.785
      vertex 13.875 5.01 18.9486
      vertex 13.875 0 18.9486
    endloop
  endfacet
  facet normal 0.555797 0 -0.831318
    outer loop
      vertex 13.875 5.01 18.9486
      vertex 13.6303 0 18.785
      vertex 13.6303 5.01 18.785
    endloop
  endfacet
  facet normal -0.442042 0 -0.896995
    outer loop
      vertex 15.861 0 19.0787
      vertex 16.125 5.01 18.9486
      vertex 16.125 0 18.9486
    endloop
  endfacet
  facet normal -0.442042 0 -0.896995
    outer loop
      vertex 16.125 5.01 18.9486
      vertex 15.861 0 19.0787
      vertex 15.861 5.01 19.0787
    endloop
  endfacet
  facet normal 0.442042 0 -0.896995
    outer loop
      vertex 13.875 0 18.9486
      vertex 14.139 5.01 19.0787
      vertex 14.139 0 19.0787
    endloop
  endfacet
  facet normal 0.442042 0 -0.896995
    outer loop
      vertex 14.139 5.01 19.0787
      vertex 13.875 0 18.9486
      vertex 13.875 5.01 18.9486
    endloop
  endfacet
  facet normal -0.896995 0 0.442042
    outer loop
      vertex 16.9486 0 15.875
      vertex 17.0787 5.01 16.139
      vertex 16.9486 5.01 15.875
    endloop
  endfacet
  facet normal -0.896995 0 0.442042
    outer loop
      vertex 17.0787 5.01 16.139
      vertex 16.9486 0 15.875
      vertex 17.0787 0 16.139
    endloop
  endfacet
  facet normal -0.751966 0 0.659202
    outer loop
      vertex 16.591 0 15.409
      vertex 16.785 5.01 15.6303
      vertex 16.591 5.01 15.409
    endloop
  endfacet
  facet normal -0.751966 0 0.659202
    outer loop
      vertex 16.785 5.01 15.6303
      vertex 16.591 0 15.409
      vertex 16.785 0 15.6303
    endloop
  endfacet
  facet normal 0.321421 0 0.946936
    outer loop
      vertex 14.139 5.01 14.9213
      vertex 14.4177 0 14.8267
      vertex 14.4177 5.01 14.8267
    endloop
  endfacet
  facet normal 0.321421 0 0.946936
    outer loop
      vertex 14.4177 0 14.8267
      vertex 14.139 5.01 14.9213
      vertex 14.139 0 14.9213
    endloop
  endfacet
  facet normal 0.659202 0 -0.751966
    outer loop
      vertex 13.409 0 18.591
      vertex 13.6303 5.01 18.785
      vertex 13.6303 0 18.785
    endloop
  endfacet
  facet normal 0.659202 0 -0.751966
    outer loop
      vertex 13.6303 5.01 18.785
      vertex 13.409 0 18.591
      vertex 13.409 5.01 18.591
    endloop
  endfacet
  facet normal -0.659202 0 -0.751966
    outer loop
      vertex 16.3697 0 18.785
      vertex 16.591 5.01 18.591
      vertex 16.591 0 18.591
    endloop
  endfacet
  facet normal -0.659202 0 -0.751966
    outer loop
      vertex 16.591 5.01 18.591
      vertex 16.3697 0 18.785
      vertex 16.3697 5.01 18.785
    endloop
  endfacet
  facet normal 0.946936 -0 0.321421
    outer loop
      vertex 12.8267 0 16.4177
      vertex 12.9213 5.01 16.139
      vertex 12.8267 5.01 16.4177
    endloop
  endfacet
  facet normal 0.946936 0 0.321421
    outer loop
      vertex 12.9213 5.01 16.139
      vertex 12.8267 0 16.4177
      vertex 12.9213 0 16.139
    endloop
  endfacet
  facet normal -0.946936 0 -0.321421
    outer loop
      vertex 17.1733 0 17.5823
      vertex 17.0787 5.01 17.861
      vertex 17.1733 5.01 17.5823
    endloop
  endfacet
  facet normal -0.946936 -0 -0.321421
    outer loop
      vertex 17.0787 5.01 17.861
      vertex 17.1733 0 17.5823
      vertex 17.0787 0 17.861
    endloop
  endfacet
  facet normal 0.751966 -0 0.659202
    outer loop
      vertex 13.215 0 15.6303
      vertex 13.409 5.01 15.409
      vertex 13.215 5.01 15.6303
    endloop
  endfacet
  facet normal 0.751966 0 0.659202
    outer loop
      vertex 13.409 5.01 15.409
      vertex 13.215 0 15.6303
      vertex 13.409 0 15.409
    endloop
  endfacet
  facet normal -0.831318 0 -0.555797
    outer loop
      vertex 16.9486 0 18.125
      vertex 16.785 5.01 18.3697
      vertex 16.9486 5.01 18.125
    endloop
  endfacet
  facet normal -0.831318 -0 -0.555797
    outer loop
      vertex 16.785 5.01 18.3697
      vertex 16.9486 0 18.125
      vertex 16.785 0 18.3697
    endloop
  endfacet
  facet normal -0.555797 0 0.831318
    outer loop
      vertex 16.125 5.01 15.0514
      vertex 16.3697 0 15.215
      vertex 16.3697 5.01 15.215
    endloop
  endfacet
  facet normal -0.555797 0 0.831318
    outer loop
      vertex 16.3697 0 15.215
      vertex 16.125 5.01 15.0514
      vertex 16.125 0 15.0514
    endloop
  endfacet
  facet normal 0.442042 0 0.896995
    outer loop
      vertex 13.875 5.01 15.0514
      vertex 14.139 0 14.9213
      vertex 14.139 5.01 14.9213
    endloop
  endfacet
  facet normal 0.442042 0 0.896995
    outer loop
      vertex 14.139 0 14.9213
      vertex 13.875 5.01 15.0514
      vertex 13.875 0 15.0514
    endloop
  endfacet
  facet normal 0 -1 0
    outer loop
      vertex 14.7063 5.01 19.2308
      vertex 15.2937 5.01 19.2308
      vertex 15 5.01 19.25
    endloop
  endfacet
  facet normal 0 -1 0
    outer loop
      vertex 14.4177 5.01 19.1733
      vertex 15.2937 5.01 19.2308
      vertex 14.7063 5.01 19.2308
    endloop
  endfacet
  facet normal 0 -1 0
    outer loop
      vertex 14.4177 5.01 19.1733
      vertex 15.5823 5.01 19.1733
      vertex 15.2937 5.01 19.2308
    endloop
  endfacet
  facet normal 0 -1 0
    outer loop
      vertex 14.139 5.01 19.0787
      vertex 15.5823 5.01 19.1733
      vertex 14.4177 5.01 19.1733
    endloop
  endfacet
  facet normal 0 -1 0
    outer loop
      vertex 14.139 5.01 19.0787
      vertex 15.861 5.01 19.0787
      vertex 15.5823 5.01 19.1733
    endloop
  endfacet
  facet normal 0 -1 0
    outer loop
      vertex 13.875 5.01 18.9486
      vertex 15.861 5.01 19.0787
      vertex 14.139 5.01 19.0787
    endloop
  endfacet
  facet normal 0 -1 0
    outer loop
      vertex 13.875 5.01 18.9486
      vertex 16.125 5.01 18.9486
      vertex 15.861 5.01 19.0787
    endloop
  endfacet
  facet normal 0 -1 0
    outer loop
      vertex 13.6303 5.01 18.785
      vertex 16.125 5.01 18.9486
      vertex 13.875 5.01 18.9486
    endloop
  endfacet
  facet normal 0 -1 0
    outer loop
      vertex 13.6303 5.01 18.785
      vertex 16.3697 5.01 18.785
      vertex 16.125 5.01 18.9486
    endloop
  endfacet
  facet normal 0 -1 0
    outer loop
      vertex 13.409 5.01 18.591
      vertex 16.3697 5.01 18.785
      vertex 13.6303 5.01 18.785
    endloop
  endfacet
  facet normal 0 -1 0
    outer loop
      vertex 13.409 5.01 18.591
      vertex 16.591 5.01 18.591
      vertex 16.3697 5.01 18.785
    endloop
  endfacet
  facet normal 0 -1 0
    outer loop
      vertex 13.215 5.01 18.3697
      vertex 16.591 5.01 18.591
      vertex 13.409 5.01 18.591
    endloop
  endfacet
  facet normal 0 -1 0
    outer loop
      vertex 13.215 5.01 18.3697
      vertex 16.785 5.01 18.3697
      vertex 16.591 5.01 18.591
    endloop
  endfacet
  facet normal 0 -1 0
    outer loop
      vertex 13.0514 5.01 18.125
      vertex 16.785 5.01 18.3697
      vertex 13.215 5.01 18.3697
    endloop
  endfacet
  facet normal 0 -1 0
    outer loop
      vertex 13.0514 5.01 18.125
      vertex 16.9486 5.01 18.125
      vertex 16.785 5.01 18.3697
    endloop
  endfacet
  facet normal 0 -1 0
    outer loop
      vertex 12.9213 5.01 17.861
      vertex 16.9486 5.01 18.125
      vertex 13.0514 5.01 18.125
    endloop
  endfacet
  facet normal 0 -1 0
    outer loop
      vertex 12.9213 5.01 17.861
      vertex 17.0787 5.01 17.861
      vertex 16.9486 5.01 18.125
    endloop
  endfacet
  facet normal 0 -1 0
    outer loop
      vertex 12.8267 5.01 17.5823
      vertex 17.0787 5.01 17.861
      vertex 12.9213 5.01 17.861
    endloop
  endfacet
  facet normal 0 -1 0
    outer loop
      vertex 12.8267 5.01 17.5823
      vertex 17.1733 5.01 17.5823
      vertex 17.0787 5.01 17.861
    endloop
  endfacet
  facet normal 0 -1 0
    outer loop
      vertex 12.7692 5.01 17.2937
      vertex 17.1733 5.01 17.5823
      vertex 12.8267 5.01 17.5823
    endloop
  endfacet
  facet normal 0 -1 0
    outer loop
      vertex 12.7692 5.01 17.2937
      vertex 17.2308 5.01 17.2937
      vertex 17.1733 5.01 17.5823
    endloop
  endfacet
  facet normal 0 -1 0
    outer loop
      vertex 12.75 5.01 17
      vertex 17.2308 5.01 17.2937
      vertex 12.7692 5.01 17.2937
    endloop
  endfacet
  facet normal 0 -1 0
    outer loop
      vertex 12.75 5.01 17
      vertex 17.25 5.01 17
      vertex 17.2308 5.01 17.2937
    endloop
  endfacet
  facet normal 0 -1 0
    outer loop
      vertex 12.7692 5.01 16.7063
      vertex 17.25 5.01 17
      vertex 12.75 5.01 17
    endloop
  endfacet
  facet normal 0 -1 0
    outer loop
      vertex 12.7692 5.01 16.7063
      vertex 17.2308 5.01 16.7063
      vertex 17.25 5.01 17
    endloop
  endfacet
  facet normal 0 -1 0
    outer loop
      vertex 12.8267 5.01 16.4177
      vertex 17.2308 5.01 16.7063
      vertex 12.7692 5.01 16.7063
    endloop
  endfacet
  facet normal 0 -1 0
    outer loop
      vertex 12.8267 5.01 16.4177
      vertex 17.1733 5.01 16.4177
      vertex 17.2308 5.01 16.7063
    endloop
  endfacet
  facet normal 0 -1 0
    outer loop
      vertex 12.9213 5.01 16.139
      vertex 17.1733 5.01 16.4177
      vertex 12.8267 5.01 16.4177
    endloop
  endfacet
  facet normal 0 -1 0
    outer loop
      vertex 12.9213 5.01 16.139
      vertex 17.0787 5.01 16.139
      vertex 17.1733 5.01 16.4177
    endloop
  endfacet
  facet normal 0 -1 0
    outer loop
      vertex 13.0514 5.01 15.875
      vertex 17.0787 5.01 16.139
      vertex 12.9213 5.01 16.139
    endloop
  endfacet
  facet normal 0 -1 0
    outer loop
      vertex 13.0514 5.01 15.875
      vertex 16.9486 5.01 15.875
      vertex 17.0787 5.01 16.139
    endloop
  endfacet
  facet normal 0 -1 0
    outer loop
      vertex 13.215 5.01 15.6303
      vertex 16.9486 5.01 15.875
      vertex 13.0514 5.01 15.875
    endloop
  endfacet
  facet normal 0 -1 0
    outer loop
      vertex 13.215 5.01 15.6303
      vertex 16.785 5.01 15.6303
      vertex 16.9486 5.01 15.875
    endloop
  endfacet
  facet normal 0 -1 0
    outer loop
      vertex 13.409 5.01 15.409
      vertex 16.785 5.01 15.6303
      vertex 13.215 5.01 15.6303
    endloop
  endfacet
  facet normal 0 -1 0
    outer loop
      vertex 13.409 5.01 15.409
      vertex 16.591 5.01 15.409
      vertex 16.785 5.01 15.6303
    endloop
  endfacet
  facet normal 0 -1 0
    outer loop
      vertex 13.6303 5.01 15.215
      vertex 16.591 5.01 15.409
      vertex 13.409 5.01 15.409
    endloop
  endfacet
  facet normal 0 -1 0
    outer loop
      vertex 13.6303 5.01 15.215
      vertex 16.3697 5.01 15.215
      vertex 16.591 5.01 15.409
    endloop
  endfacet
  facet normal 0 -1 0
    outer loop
      vertex 13.875 5.01 15.0514
      vertex 16.3697 5.01 15.215
      vertex 13.6303 5.01 15.215
    endloop
  endfacet
  facet normal 0 -1 0
    outer loop
      vertex 13.875 5.01 15.0514
      vertex 16.125 5.01 15.0514
      vertex 16.3697 5.01 15.215
    endloop
  endfacet
  facet normal 0 -1 0
    outer loop
      vertex 14.139 5.01 14.9213
      vertex 16.125 5.01 15.0514
      vertex 13.875 5.01 15.0514
    endloop
  endfacet
  facet normal 0 -1 0
    outer loop
      vertex 14.139 5.01 14.9213
      vertex 15.861 5.01 14.9213
      vertex 16.125 5.01 15.0514
    endloop
  endfacet
  facet normal 0 -1 0
    outer loop
      vertex 14.4177 5.01 14.8267
      vertex 15.861 5.01 14.9213
      vertex 14.139 5.01 14.9213
    endloop
  endfacet
  facet normal 0 -1 0
    outer loop
      vertex 14.4177 5.01 14.8267
      vertex 15.5823 5.01 14.8267
      vertex 15.861 5.01 14.9213
    endloop
  endfacet
  facet normal 0 -1 0
    outer loop
      vertex 14.7063 5.01 14.7692
      vertex 15.5823 5.01 14.8267
      vertex 14.4177 5.01 14.8267
    endloop
  endfacet
  facet normal 0 -1 0
    outer loop
      vertex 14.7063 5.01 14.7692
      vertex 15.2937 5.01 14.7692
      vertex 15.5823 5.01 14.8267
    endloop
  endfacet
  facet normal -0 -1 0
    outer loop
      vertex 15.2937 5.01 14.7692
      vertex 14.7063 5.01 14.7692
      vertex 15 5.01 14.75
    endloop
  endfacet
  facet normal -0.831318 0 0.555797
    outer loop
      vertex 16.785 0 15.6303
      vertex 16.9486 5.01 15.875
      vertex 16.785 5.01 15.6303
    endloop
  endfacet
  facet normal -0.831318 0 0.555797
    outer loop
      vertex 16.9486 5.01 15.875
      vertex 16.785 0 15.6303
      vertex 16.9486 0 15.875
    endloop
  endfacet
  facet normal -0.751966 0 -0.659202
    outer loop
      vertex 16.785 0 18.3697
      vertex 16.591 5.01 18.591
      vertex 16.785 5.01 18.3697
    endloop
  endfacet
  facet normal -0.751966 -0 -0.659202
    outer loop
      vertex 16.591 5.01 18.591
      vertex 16.785 0 18.3697
      vertex 16.591 0 18.591
    endloop
  endfacet
  facet normal -0.321421 0 -0.946936
    outer loop
      vertex 15.5823 0 19.1733
      vertex 15.861 5.01 19.0787
      vertex 15.861 0 19.0787
    endloop
  endfacet
  facet normal -0.321421 0 -0.946936
    outer loop
      vertex 15.861 5.01 19.0787
      vertex 15.5823 0 19.1733
      vertex 15.5823 5.01 19.1733
    endloop
  endfacet
  facet normal 0.751966 0 -0.659202
    outer loop
      vertex 13.409 0 18.591
      vertex 13.215 5.01 18.3697
      vertex 13.409 5.01 18.591
    endloop
  endfacet
  facet normal 0.751966 0 -0.659202
    outer loop
      vertex 13.215 5.01 18.3697
      vertex 13.409 0 18.591
      vertex 13.215 0 18.3697
    endloop
  endfacet
  facet normal 0.555797 0 0.831318
    outer loop
      vertex 13.6303 5.01 15.215
      vertex 13.875 0 15.0514
      vertex 13.875 5.01 15.0514
    endloop
  endfacet
  facet normal 0.555797 0 0.831318
    outer loop
      vertex 13.875 0 15.0514
      vertex 13.6303 5.01 15.215
      vertex 13.6303 0 15.215
    endloop
  endfacet
  facet normal 0.321421 0 -0.946936
    outer loop
      vertex 14.139 0 19.0787
      vertex 14.4177 5.01 19.1733
      vertex 14.4177 0 19.1733
    endloop
  endfacet
  facet normal 0.321421 0 -0.946936
    outer loop
      vertex 14.4177 5.01 19.1733
      vertex 14.139 0 19.0787
      vertex 14.139 5.01 19.0787
    endloop
  endfacet
  facet normal -0.659202 0 0.751966
    outer loop
      vertex 16.3697 5.01 15.215
      vertex 16.591 0 15.409
      vertex 16.591 5.01 15.409
    endloop
  endfacet
  facet normal -0.659202 0 0.751966
    outer loop
      vertex 16.591 0 15.409
      vertex 16.3697 5.01 15.215
      vertex 16.3697 0 15.215
    endloop
  endfacet
  facet normal -0.980724 0 -0.195397
    outer loop
      vertex 17.2308 0 17.2937
      vertex 17.1733 5.01 17.5823
      vertex 17.2308 5.01 17.2937
    endloop
  endfacet
  facet normal -0.980724 -0 -0.195397
    outer loop
      vertex 17.1733 5.01 17.5823
      vertex 17.2308 0 17.2937
      vertex 17.1733 0 17.5823
    endloop
  endfacet
  facet normal 0.99787 0 -0.0652336
    outer loop
      vertex 12.7692 0 17.2937
      vertex 12.75 5.01 17
      vertex 12.7692 5.01 17.2937
    endloop
  endfacet
  facet normal 0.99787 0 -0.0652336
    outer loop
      vertex 12.75 5.01 17
      vertex 12.7692 0 17.2937
      vertex 12.75 0 17
    endloop
  endfacet
  facet normal -0.896995 0 -0.442042
    outer loop
      vertex 17.0787 0 17.861
      vertex 16.9486 5.01 18.125
      vertex 17.0787 5.01 17.861
    endloop
  endfacet
  facet normal -0.896995 -0 -0.442042
    outer loop
      vertex 16.9486 5.01 18.125
      vertex 17.0787 0 17.861
      vertex 16.9486 0 18.125
    endloop
  endfacet
  facet normal -0.195397 0 -0.980724
    outer loop
      vertex 15.2937 0 19.2308
      vertex 15.5823 5.01 19.1733
      vertex 15.5823 0 19.1733
    endloop
  endfacet
  facet normal -0.195397 0 -0.980724
    outer loop
      vertex 15.5823 5.01 19.1733
      vertex 15.2937 0 19.2308
      vertex 15.2937 5.01 19.2308
    endloop
  endfacet
  facet normal 0.659202 0 0.751966
    outer loop
      vertex 13.409 5.01 15.409
      vertex 13.6303 0 15.215
      vertex 13.6303 5.01 15.215
    endloop
  endfacet
  facet normal 0.659202 0 0.751966
    outer loop
      vertex 13.6303 0 15.215
      vertex 13.409 5.01 15.409
      vertex 13.409 0 15.409
    endloop
  endfacet
  facet normal -0.0652336 0 -0.99787
    outer loop
      vertex 15 0 19.25
      vertex 15.2937 5.01 19.2308
      vertex 15.2937 0 19.2308
    endloop
  endfacet
  facet normal -0.0652336 0 -0.99787
    outer loop
      vertex 15.2937 5.01 19.2308
      vertex 15 0 19.25
      vertex 15 5.01 19.25
    endloop
  endfacet
  facet normal -0.555797 0 -0.831318
    outer loop
      vertex 16.125 0 18.9486
      vertex 16.3697 5.01 18.785
      vertex 16.3697 0 18.785
    endloop
  endfacet
  facet normal -0.555797 0 -0.831318
    outer loop
      vertex 16.3697 5.01 18.785
      vertex 16.125 0 18.9486
      vertex 16.125 5.01 18.9486
    endloop
  endfacet
  facet normal -0.442042 0 0.896995
    outer loop
      vertex 15.861 5.01 14.9213
      vertex 16.125 0 15.0514
      vertex 16.125 5.01 15.0514
    endloop
  endfacet
  facet normal -0.442042 0 0.896995
    outer loop
      vertex 16.125 0 15.0514
      vertex 15.861 5.01 14.9213
      vertex 15.861 0 14.9213
    endloop
  endfacet
  facet normal 0.896995 -0 0.442042
    outer loop
      vertex 12.9213 0 16.139
      vertex 13.0514 5.01 15.875
      vertex 12.9213 5.01 16.139
    endloop
  endfacet
  facet normal 0.896995 0 0.442042
    outer loop
      vertex 13.0514 5.01 15.875
      vertex 12.9213 0 16.139
      vertex 13.0514 0 15.875
    endloop
  endfacet
  facet normal 0.980724 -0 0.195397
    outer loop
      vertex 12.7692 0 16.7063
      vertex 12.8267 5.01 16.4177
      vertex 12.7692 5.01 16.7063
    endloop
  endfacet
  facet normal 0.980724 0 0.195397
    outer loop
      vertex 12.8267 5.01 16.4177
      vertex 12.7692 0 16.7063
      vertex 12.8267 0 16.4177
    endloop
  endfacet
  facet normal 0.831318 0 -0.555797
    outer loop
      vertex 13.215 0 18.3697
      vertex 13.0514 5.01 18.125
      vertex 13.215 5.01 18.3697
    endloop
  endfacet
  facet normal 0.831318 0 -0.555797
    outer loop
      vertex 13.0514 5.01 18.125
      vertex 13.215 0 18.3697
      vertex 13.0514 0 18.125
    endloop
  endfacet
  facet normal -0.321421 0 0.946936
    outer loop
      vertex 15.5823 5.01 14.8267
      vertex 15.861 0 14.9213
      vertex 15.861 5.01 14.9213
    endloop
  endfacet
  facet normal -0.321421 0 0.946936
    outer loop
      vertex 15.861 0 14.9213
      vertex 15.5823 5.01 14.8267
      vertex 15.5823 0 14.8267
    endloop
  endfacet
  facet normal 0.99787 -0 0.0652336
    outer loop
      vertex 12.75 0 17
      vertex 12.7692 5.01 16.7063
      vertex 12.75 5.01 17
    endloop
  endfacet
  facet normal 0.99787 0 0.0652336
    outer loop
      vertex 12.7692 5.01 16.7063
      vertex 12.75 0 17
      vertex 12.7692 0 16.7063
    endloop
  endfacet
  facet normal -0.195397 0 0.980724
    outer loop
      vertex 15.2937 5.01 14.7692
      vertex 15.5823 0 14.8267
      vertex 15.5823 5.01 14.8267
    endloop
  endfacet
  facet normal -0.195397 0 0.980724
    outer loop
      vertex 15.5823 0 14.8267
      vertex 15.2937 5.01 14.7692
      vertex 15.2937 0 14.7692
    endloop
  endfacet
  facet normal 0.195397 0 0.980724
    outer loop
      vertex 14.4177 5.01 14.8267
      vertex 14.7063 0 14.7692
      vertex 14.7063 5.01 14.7692
    endloop
  endfacet
  facet normal 0.195397 0 0.980724
    outer loop
      vertex 14.7063 0 14.7692
      vertex 14.4177 5.01 14.8267
      vertex 14.4177 0 14.8267
    endloop
  endfacet
  facet normal 0.896995 0 -0.442042
    outer loop
      vertex 13.0514 0 18.125
      vertex 12.9213 5.01 17.861
      vertex 13.0514 5.01 18.125
    endloop
  endfacet
  facet normal 0.896995 0 -0.442042
    outer loop
      vertex 12.9213 5.01 17.861
      vertex 13.0514 0 18.125
      vertex 12.9213 0 17.861
    endloop
  endfacet
  facet normal 0.0652336 0 0.99787
    outer loop
      vertex 14.7063 5.01 14.7692
      vertex 15 0 14.75
      vertex 15 5.01 14.75
    endloop
  endfacet
  facet normal 0.0652336 0 0.99787
    outer loop
      vertex 15 0 14.75
      vertex 14.7063 5.01 14.7692
      vertex 14.7063 0 14.7692
    endloop
  endfacet
  facet normal 0.831318 -0 0.555797
    outer loop
      vertex 13.0514 0 15.875
      vertex 13.215 5.01 15.6303
      vertex 13.0514 5.01 15.875
    endloop
  endfacet
  facet normal 0.831318 0 0.555797
    outer loop
      vertex 13.215 5.01 15.6303
      vertex 13.0514 0 15.875
      vertex 13.215 0 15.6303
    endloop
  endfacet
  facet normal 0.0652336 0 -0.99787
    outer loop
      vertex 14.7063 0 50.2308
      vertex 15 5.01 50.25
      vertex 15 0 50.25
    endloop
  endfacet
  facet normal 0.0652336 0 -0.99787
    outer loop
      vertex 15 5.01 50.25
      vertex 14.7063 0 50.2308
      vertex 14.7063 5.01 50.2308
    endloop
  endfacet
  facet normal -0.980724 0 0.195397
    outer loop
      vertex 17.1733 0 47.4177
      vertex 17.2308 5.01 47.7063
      vertex 17.1733 5.01 47.4177
    endloop
  endfacet
  facet normal -0.980724 0 0.195397
    outer loop
      vertex 17.2308 5.01 47.7063
      vertex 17.1733 0 47.4177
      vertex 17.2308 0 47.7063
    endloop
  endfacet
  facet normal -0.99787 0 0.0652336
    outer loop
      vertex 17.2308 0 47.7063
      vertex 17.25 5.01 48
      vertex 17.2308 5.01 47.7063
    endloop
  endfacet
  facet normal -0.99787 0 0.0652336
    outer loop
      vertex 17.25 5.01 48
      vertex 17.2308 0 47.7063
      vertex 17.25 0 48
    endloop
  endfacet
  facet normal -0.946936 0 0.321421
    outer loop
      vertex 17.0787 0 47.139
      vertex 17.1733 5.01 47.4177
      vertex 17.0787 5.01 47.139
    endloop
  endfacet
  facet normal -0.946936 0 0.321421
    outer loop
      vertex 17.1733 5.01 47.4177
      vertex 17.0787 0 47.139
      vertex 17.1733 0 47.4177
    endloop
  endfacet
  facet normal 0.980724 0 -0.195397
    outer loop
      vertex 12.8267 0 48.5823
      vertex 12.7692 5.01 48.2937
      vertex 12.8267 5.01 48.5823
    endloop
  endfacet
  facet normal 0.980724 0 -0.195397
    outer loop
      vertex 12.7692 5.01 48.2937
      vertex 12.8267 0 48.5823
      vertex 12.7692 0 48.2937
    endloop
  endfacet
  facet normal -0.0652336 0 0.99787
    outer loop
      vertex 15 5.01 45.75
      vertex 15.2937 0 45.7692
      vertex 15.2937 5.01 45.7692
    endloop
  endfacet
  facet normal -0.0652336 0 0.99787
    outer loop
      vertex 15.2937 0 45.7692
      vertex 15 5.01 45.75
      vertex 15 0 45.75
    endloop
  endfacet
  facet normal 0.946936 0 -0.321421
    outer loop
      vertex 12.9213 0 48.861
      vertex 12.8267 5.01 48.5823
      vertex 12.9213 5.01 48.861
    endloop
  endfacet
  facet normal 0.946936 0 -0.321421
    outer loop
      vertex 12.8267 5.01 48.5823
      vertex 12.9213 0 48.861
      vertex 12.8267 0 48.5823
    endloop
  endfacet
  facet normal 0.195397 0 -0.980724
    outer loop
      vertex 14.4177 0 50.1733
      vertex 14.7063 5.01 50.2308
      vertex 14.7063 0 50.2308
    endloop
  endfacet
  facet normal 0.195397 0 -0.980724
    outer loop
      vertex 14.7063 5.01 50.2308
      vertex 14.4177 0 50.1733
      vertex 14.4177 5.01 50.1733
    endloop
  endfacet
  facet normal -0.99787 0 -0.0652336
    outer loop
      vertex 17.25 0 48
      vertex 17.2308 5.01 48.2937
      vertex 17.25 5.01 48
    endloop
  endfacet
  facet normal -0.99787 -0 -0.0652336
    outer loop
      vertex 17.2308 5.01 48.2937
      vertex 17.25 0 48
      vertex 17.2308 0 48.2937
    endloop
  endfacet
  facet normal 0.555797 0 -0.831318
    outer loop
      vertex 13.6303 0 49.785
      vertex 13.875 5.01 49.9486
      vertex 13.875 0 49.9486
    endloop
  endfacet
  facet normal 0.555797 0 -0.831318
    outer loop
      vertex 13.875 5.01 49.9486
      vertex 13.6303 0 49.785
      vertex 13.6303 5.01 49.785
    endloop
  endfacet
  facet normal -0.442042 0 -0.896995
    outer loop
      vertex 15.861 0 50.0787
      vertex 16.125 5.01 49.9486
      vertex 16.125 0 49.9486
    endloop
  endfacet
  facet normal -0.442042 0 -0.896995
    outer loop
      vertex 16.125 5.01 49.9486
      vertex 15.861 0 50.0787
      vertex 15.861 5.01 50.0787
    endloop
  endfacet
  facet normal 0.442042 0 -0.896995
    outer loop
      vertex 13.875 0 49.9486
      vertex 14.139 5.01 50.0787
      vertex 14.139 0 50.0787
    endloop
  endfacet
  facet normal 0.442042 0 -0.896995
    outer loop
      vertex 14.139 5.01 50.0787
      vertex 13.875 0 49.9486
      vertex 13.875 5.01 49.9486
    endloop
  endfacet
  facet normal -0.896995 0 0.442042
    outer loop
      vertex 16.9486 0 46.875
      vertex 17.0787 5.01 47.139
      vertex 16.9486 5.01 46.875
    endloop
  endfacet
  facet normal -0.896995 0 0.442042
    outer loop
      vertex 17.0787 5.01 47.139
      vertex 16.9486 0 46.875
      vertex 17.0787 0 47.139
    endloop
  endfacet
  facet normal -0.751966 0 0.659202
    outer loop
      vertex 16.591 0 46.409
      vertex 16.785 5.01 46.6303
      vertex 16.591 5.01 46.409
    endloop
  endfacet
  facet normal -0.751966 0 0.659202
    outer loop
      vertex 16.785 5.01 46.6303
      vertex 16.591 0 46.409
      vertex 16.785 0 46.6303
    endloop
  endfacet
  facet normal 0.321421 0 0.946936
    outer loop
      vertex 14.139 5.01 45.9213
      vertex 14.4177 0 45.8267
      vertex 14.4177 5.01 45.8267
    endloop
  endfacet
  facet normal 0.321421 0 0.946936
    outer loop
      vertex 14.4177 0 45.8267
      vertex 14.139 5.01 45.9213
      vertex 14.139 0 45.9213
    endloop
  endfacet
  facet normal 0.896995 0 -0.442042
    outer loop
      vertex 13.0514 0 49.125
      vertex 12.9213 5.01 48.861
      vertex 13.0514 5.01 49.125
    endloop
  endfacet
  facet normal 0.896995 0 -0.442042
    outer loop
      vertex 12.9213 5.01 48.861
      vertex 13.0514 0 49.125
      vertex 12.9213 0 48.861
    endloop
  endfacet
  facet normal 0.659202 0 -0.751966
    outer loop
      vertex 13.409 0 49.591
      vertex 13.6303 5.01 49.785
      vertex 13.6303 0 49.785
    endloop
  endfacet
  facet normal 0.659202 0 -0.751966
    outer loop
      vertex 13.6303 5.01 49.785
      vertex 13.409 0 49.591
      vertex 13.409 5.01 49.591
    endloop
  endfacet
  facet normal -0.659202 0 -0.751966
    outer loop
      vertex 16.3697 0 49.785
      vertex 16.591 5.01 49.591
      vertex 16.591 0 49.591
    endloop
  endfacet
  facet normal -0.659202 0 -0.751966
    outer loop
      vertex 16.591 5.01 49.591
      vertex 16.3697 0 49.785
      vertex 16.3697 5.01 49.785
    endloop
  endfacet
  facet normal 0.946936 -0 0.321421
    outer loop
      vertex 12.8267 0 47.4177
      vertex 12.9213 5.01 47.139
      vertex 12.8267 5.01 47.4177
    endloop
  endfacet
  facet normal 0.946936 0 0.321421
    outer loop
      vertex 12.9213 5.01 47.139
      vertex 12.8267 0 47.4177
      vertex 12.9213 0 47.139
    endloop
  endfacet
  facet normal -0.946936 0 -0.321421
    outer loop
      vertex 17.1733 0 48.5823
      vertex 17.0787 5.01 48.861
      vertex 17.1733 5.01 48.5823
    endloop
  endfacet
  facet normal -0.946936 -0 -0.321421
    outer loop
      vertex 17.0787 5.01 48.861
      vertex 17.1733 0 48.5823
      vertex 17.0787 0 48.861
    endloop
  endfacet
  facet normal 0.751966 -0 0.659202
    outer loop
      vertex 13.215 0 46.6303
      vertex 13.409 5.01 46.409
      vertex 13.215 5.01 46.6303
    endloop
  endfacet
  facet normal 0.751966 0 0.659202
    outer loop
      vertex 13.409 5.01 46.409
      vertex 13.215 0 46.6303
      vertex 13.409 0 46.409
    endloop
  endfacet
  facet normal -0.831318 0 -0.555797
    outer loop
      vertex 16.9486 0 49.125
      vertex 16.785 5.01 49.3697
      vertex 16.9486 5.01 49.125
    endloop
  endfacet
  facet normal -0.831318 -0 -0.555797
    outer loop
      vertex 16.785 5.01 49.3697
      vertex 16.9486 0 49.125
      vertex 16.785 0 49.3697
    endloop
  endfacet
  facet normal -0.555797 0 0.831318
    outer loop
      vertex 16.125 5.01 46.0514
      vertex 16.3697 0 46.215
      vertex 16.3697 5.01 46.215
    endloop
  endfacet
  facet normal -0.555797 0 0.831318
    outer loop
      vertex 16.3697 0 46.215
      vertex 16.125 5.01 46.0514
      vertex 16.125 0 46.0514
    endloop
  endfacet
  facet normal 0.442042 0 0.896995
    outer loop
      vertex 13.875 5.01 46.0514
      vertex 14.139 0 45.9213
      vertex 14.139 5.01 45.9213
    endloop
  endfacet
  facet normal 0.442042 0 0.896995
    outer loop
      vertex 14.139 0 45.9213
      vertex 13.875 5.01 46.0514
      vertex 13.875 0 46.0514
    endloop
  endfacet
  facet normal 0 -1 0
    outer loop
      vertex 14.7063 5.01 50.2308
      vertex 15.2937 5.01 50.2308
      vertex 15 5.01 50.25
    endloop
  endfacet
  facet normal 0 -1 0
    outer loop
      vertex 14.4177 5.01 50.1733
      vertex 15.2937 5.01 50.2308
      vertex 14.7063 5.01 50.2308
    endloop
  endfacet
  facet normal 0 -1 0
    outer loop
      vertex 14.4177 5.01 50.1733
      vertex 15.5823 5.01 50.1733
      vertex 15.2937 5.01 50.2308
    endloop
  endfacet
  facet normal 0 -1 0
    outer loop
      vertex 14.139 5.01 50.0787
      vertex 15.5823 5.01 50.1733
      vertex 14.4177 5.01 50.1733
    endloop
  endfacet
  facet normal 0 -1 0
    outer loop
      vertex 14.139 5.01 50.0787
      vertex 15.861 5.01 50.0787
      vertex 15.5823 5.01 50.1733
    endloop
  endfacet
  facet normal 0 -1 0
    outer loop
      vertex 13.875 5.01 49.9486
      vertex 15.861 5.01 50.0787
      vertex 14.139 5.01 50.0787
    endloop
  endfacet
  facet normal 0 -1 0
    outer loop
      vertex 13.875 5.01 49.9486
      vertex 16.125 5.01 49.9486
      vertex 15.861 5.01 50.0787
    endloop
  endfacet
  facet normal 0 -1 0
    outer loop
      vertex 13.6303 5.01 49.785
      vertex 16.125 5.01 49.9486
      vertex 13.875 5.01 49.9486
    endloop
  endfacet
  facet normal 0 -1 0
    outer loop
      vertex 13.6303 5.01 49.785
      vertex 16.3697 5.01 49.785
      vertex 16.125 5.01 49.9486
    endloop
  endfacet
  facet normal 0 -1 0
    outer loop
      vertex 13.409 5.01 49.591
      vertex 16.3697 5.01 49.785
      vertex 13.6303 5.01 49.785
    endloop
  endfacet
  facet normal 0 -1 0
    outer loop
      vertex 13.409 5.01 49.591
      vertex 16.591 5.01 49.591
      vertex 16.3697 5.01 49.785
    endloop
  endfacet
  facet normal 0 -1 0
    outer loop
      vertex 13.215 5.01 49.3697
      vertex 16.591 5.01 49.591
      vertex 13.409 5.01 49.591
    endloop
  endfacet
  facet normal 0 -1 0
    outer loop
      vertex 13.215 5.01 49.3697
      vertex 16.785 5.01 49.3697
      vertex 16.591 5.01 49.591
    endloop
  endfacet
  facet normal 0 -1 0
    outer loop
      vertex 13.0514 5.01 49.125
      vertex 16.785 5.01 49.3697
      vertex 13.215 5.01 49.3697
    endloop
  endfacet
  facet normal 0 -1 0
    outer loop
      vertex 13.0514 5.01 49.125
      vertex 16.9486 5.01 49.125
      vertex 16.785 5.01 49.3697
    endloop
  endfacet
  facet normal 0 -1 0
    outer loop
      vertex 12.9213 5.01 48.861
      vertex 16.9486 5.01 49.125
      vertex 13.0514 5.01 49.125
    endloop
  endfacet
  facet normal 0 -1 0
    outer loop
      vertex 12.9213 5.01 48.861
      vertex 17.0787 5.01 48.861
      vertex 16.9486 5.01 49.125
    endloop
  endfacet
  facet normal 0 -1 0
    outer loop
      vertex 12.8267 5.01 48.5823
      vertex 17.0787 5.01 48.861
      vertex 12.9213 5.01 48.861
    endloop
  endfacet
  facet normal 0 -1 0
    outer loop
      vertex 12.8267 5.01 48.5823
      vertex 17.1733 5.01 48.5823
      vertex 17.0787 5.01 48.861
    endloop
  endfacet
  facet normal 0 -1 0
    outer loop
      vertex 12.7692 5.01 48.2937
      vertex 17.1733 5.01 48.5823
      vertex 12.8267 5.01 48.5823
    endloop
  endfacet
  facet normal 0 -1 0
    outer loop
      vertex 12.7692 5.01 48.2937
      vertex 17.2308 5.01 48.2937
      vertex 17.1733 5.01 48.5823
    endloop
  endfacet
  facet normal 0 -1 0
    outer loop
      vertex 12.75 5.01 48
      vertex 17.2308 5.01 48.2937
      vertex 12.7692 5.01 48.2937
    endloop
  endfacet
  facet normal 0 -1 0
    outer loop
      vertex 12.75 5.01 48
      vertex 17.25 5.01 48
      vertex 17.2308 5.01 48.2937
    endloop
  endfacet
  facet normal 0 -1 0
    outer loop
      vertex 12.7692 5.01 47.7063
      vertex 17.25 5.01 48
      vertex 12.75 5.01 48
    endloop
  endfacet
  facet normal 0 -1 0
    outer loop
      vertex 12.7692 5.01 47.7063
      vertex 17.2308 5.01 47.7063
      vertex 17.25 5.01 48
    endloop
  endfacet
  facet normal 0 -1 0
    outer loop
      vertex 12.8267 5.01 47.4177
      vertex 17.2308 5.01 47.7063
      vertex 12.7692 5.01 47.7063
    endloop
  endfacet
  facet normal 0 -1 0
    outer loop
      vertex 12.8267 5.01 47.4177
      vertex 17.1733 5.01 47.4177
      vertex 17.2308 5.01 47.7063
    endloop
  endfacet
  facet normal 0 -1 0
    outer loop
      vertex 12.9213 5.01 47.139
      vertex 17.1733 5.01 47.4177
      vertex 12.8267 5.01 47.4177
    endloop
  endfacet
  facet normal 0 -1 0
    outer loop
      vertex 12.9213 5.01 47.139
      vertex 17.0787 5.01 47.139
      vertex 17.1733 5.01 47.4177
    endloop
  endfacet
  facet normal 0 -1 0
    outer loop
      vertex 13.0514 5.01 46.875
      vertex 17.0787 5.01 47.139
      vertex 12.9213 5.01 47.139
    endloop
  endfacet
  facet normal 0 -1 0
    outer loop
      vertex 13.0514 5.01 46.875
      vertex 16.9486 5.01 46.875
      vertex 17.0787 5.01 47.139
    endloop
  endfacet
  facet normal 0 -1 0
    outer loop
      vertex 13.215 5.01 46.6303
      vertex 16.9486 5.01 46.875
      vertex 13.0514 5.01 46.875
    endloop
  endfacet
  facet normal 0 -1 0
    outer loop
      vertex 13.215 5.01 46.6303
      vertex 16.785 5.01 46.6303
      vertex 16.9486 5.01 46.875
    endloop
  endfacet
  facet normal 0 -1 0
    outer loop
      vertex 13.409 5.01 46.409
      vertex 16.785 5.01 46.6303
      vertex 13.215 5.01 46.6303
    endloop
  endfacet
  facet normal 0 -1 0
    outer loop
      vertex 13.409 5.01 46.409
      vertex 16.591 5.01 46.409
      vertex 16.785 5.01 46.6303
    endloop
  endfacet
  facet normal 0 -1 0
    outer loop
      vertex 13.6303 5.01 46.215
      vertex 16.591 5.01 46.409
      vertex 13.409 5.01 46.409
    endloop
  endfacet
  facet normal 0 -1 0
    outer loop
      vertex 13.6303 5.01 46.215
      vertex 16.3697 5.01 46.215
      vertex 16.591 5.01 46.409
    endloop
  endfacet
  facet normal 0 -1 0
    outer loop
      vertex 13.875 5.01 46.0514
      vertex 16.3697 5.01 46.215
      vertex 13.6303 5.01 46.215
    endloop
  endfacet
  facet normal 0 -1 0
    outer loop
      vertex 13.875 5.01 46.0514
      vertex 16.125 5.01 46.0514
      vertex 16.3697 5.01 46.215
    endloop
  endfacet
  facet normal 0 -1 0
    outer loop
      vertex 14.139 5.01 45.9213
      vertex 16.125 5.01 46.0514
      vertex 13.875 5.01 46.0514
    endloop
  endfacet
  facet normal 0 -1 0
    outer loop
      vertex 14.139 5.01 45.9213
      vertex 15.861 5.01 45.9213
      vertex 16.125 5.01 46.0514
    endloop
  endfacet
  facet normal 0 -1 0
    outer loop
      vertex 14.4177 5.01 45.8267
      vertex 15.861 5.01 45.9213
      vertex 14.139 5.01 45.9213
    endloop
  endfacet
  facet normal 0 -1 0
    outer loop
      vertex 14.4177 5.01 45.8267
      vertex 15.5823 5.01 45.8267
      vertex 15.861 5.01 45.9213
    endloop
  endfacet
  facet normal 0 -1 0
    outer loop
      vertex 14.7063 5.01 45.7692
      vertex 15.5823 5.01 45.8267
      vertex 14.4177 5.01 45.8267
    endloop
  endfacet
  facet normal 0 -1 0
    outer loop
      vertex 14.7063 5.01 45.7692
      vertex 15.2937 5.01 45.7692
      vertex 15.5823 5.01 45.8267
    endloop
  endfacet
  facet normal -0 -1 0
    outer loop
      vertex 15.2937 5.01 45.7692
      vertex 14.7063 5.01 45.7692
      vertex 15 5.01 45.75
    endloop
  endfacet
  facet normal -0.831318 0 0.555797
    outer loop
      vertex 16.785 0 46.6303
      vertex 16.9486 5.01 46.875
      vertex 16.785 5.01 46.6303
    endloop
  endfacet
  facet normal -0.831318 0 0.555797
    outer loop
      vertex 16.9486 5.01 46.875
      vertex 16.785 0 46.6303
      vertex 16.9486 0 46.875
    endloop
  endfacet
  facet normal -0.751966 0 -0.659202
    outer loop
      vertex 16.785 0 49.3697
      vertex 16.591 5.01 49.591
      vertex 16.785 5.01 49.3697
    endloop
  endfacet
  facet normal -0.751966 -0 -0.659202
    outer loop
      vertex 16.591 5.01 49.591
      vertex 16.785 0 49.3697
      vertex 16.591 0 49.591
    endloop
  endfacet
  facet normal 0.751966 0 -0.659202
    outer loop
      vertex 13.409 0 49.591
      vertex 13.215 5.01 49.3697
      vertex 13.409 5.01 49.591
    endloop
  endfacet
  facet normal 0.751966 0 -0.659202
    outer loop
      vertex 13.215 5.01 49.3697
      vertex 13.409 0 49.591
      vertex 13.215 0 49.3697
    endloop
  endfacet
  facet normal 0.555797 0 0.831318
    outer loop
      vertex 13.6303 5.01 46.215
      vertex 13.875 0 46.0514
      vertex 13.875 5.01 46.0514
    endloop
  endfacet
  facet normal 0.555797 0 0.831318
    outer loop
      vertex 13.875 0 46.0514
      vertex 13.6303 5.01 46.215
      vertex 13.6303 0 46.215
    endloop
  endfacet
  facet normal 0.321421 0 -0.946936
    outer loop
      vertex 14.139 0 50.0787
      vertex 14.4177 5.01 50.1733
      vertex 14.4177 0 50.1733
    endloop
  endfacet
  facet normal 0.321421 0 -0.946936
    outer loop
      vertex 14.4177 5.01 50.1733
      vertex 14.139 0 50.0787
      vertex 14.139 5.01 50.0787
    endloop
  endfacet
  facet normal -0.659202 0 0.751966
    outer loop
      vertex 16.3697 5.01 46.215
      vertex 16.591 0 46.409
      vertex 16.591 5.01 46.409
    endloop
  endfacet
  facet normal -0.659202 0 0.751966
    outer loop
      vertex 16.591 0 46.409
      vertex 16.3697 5.01 46.215
      vertex 16.3697 0 46.215
    endloop
  endfacet
  facet normal -0.980724 0 -0.195397
    outer loop
      vertex 17.2308 0 48.2937
      vertex 17.1733 5.01 48.5823
      vertex 17.2308 5.01 48.2937
    endloop
  endfacet
  facet normal -0.980724 -0 -0.195397
    outer loop
      vertex 17.1733 5.01 48.5823
      vertex 17.2308 0 48.2937
      vertex 17.1733 0 48.5823
    endloop
  endfacet
  facet normal 0.99787 0 -0.0652336
    outer loop
      vertex 12.7692 0 48.2937
      vertex 12.75 5.01 48
      vertex 12.7692 5.01 48.2937
    endloop
  endfacet
  facet normal 0.99787 0 -0.0652336
    outer loop
      vertex 12.75 5.01 48
      vertex 12.7692 0 48.2937
      vertex 12.75 0 48
    endloop
  endfacet
  facet normal -0.896995 0 -0.442042
    outer loop
      vertex 17.0787 0 48.861
      vertex 16.9486 5.01 49.125
      vertex 17.0787 5.01 48.861
    endloop
  endfacet
  facet normal -0.896995 -0 -0.442042
    outer loop
      vertex 16.9486 5.01 49.125
      vertex 17.0787 0 48.861
      vertex 16.9486 0 49.125
    endloop
  endfacet
  facet normal -0.195397 0 -0.980724
    outer loop
      vertex 15.2937 0 50.2308
      vertex 15.5823 5.01 50.1733
      vertex 15.5823 0 50.1733
    endloop
  endfacet
  facet normal -0.195397 0 -0.980724
    outer loop
      vertex 15.5823 5.01 50.1733
      vertex 15.2937 0 50.2308
      vertex 15.2937 5.01 50.2308
    endloop
  endfacet
  facet normal 0.659202 0 0.751966
    outer loop
      vertex 13.409 5.01 46.409
      vertex 13.6303 0 46.215
      vertex 13.6303 5.01 46.215
    endloop
  endfacet
  facet normal 0.659202 0 0.751966
    outer loop
      vertex 13.6303 0 46.215
      vertex 13.409 5.01 46.409
      vertex 13.409 0 46.409
    endloop
  endfacet
  facet normal -0.0652336 0 -0.99787
    outer loop
      vertex 15 0 50.25
      vertex 15.2937 5.01 50.2308
      vertex 15.2937 0 50.2308
    endloop
  endfacet
  facet normal -0.0652336 0 -0.99787
    outer loop
      vertex 15.2937 5.01 50.2308
      vertex 15 0 50.25
      vertex 15 5.01 50.25
    endloop
  endfacet
  facet normal -0.555797 0 -0.831318
    outer loop
      vertex 16.125 0 49.9486
      vertex 16.3697 5.01 49.785
      vertex 16.3697 0 49.785
    endloop
  endfacet
  facet normal -0.555797 0 -0.831318
    outer loop
      vertex 16.3697 5.01 49.785
      vertex 16.125 0 49.9486
      vertex 16.125 5.01 49.9486
    endloop
  endfacet
  facet normal -0.442042 0 0.896995
    outer loop
      vertex 15.861 5.01 45.9213
      vertex 16.125 0 46.0514
      vertex 16.125 5.01 46.0514
    endloop
  endfacet
  facet normal -0.442042 0 0.896995
    outer loop
      vertex 16.125 0 46.0514
      vertex 15.861 5.01 45.9213
      vertex 15.861 0 45.9213
    endloop
  endfacet
  facet normal 0.896995 -0 0.442042
    outer loop
      vertex 12.9213 0 47.139
      vertex 13.0514 5.01 46.875
      vertex 12.9213 5.01 47.139
    endloop
  endfacet
  facet normal 0.896995 0 0.442042
    outer loop
      vertex 13.0514 5.01 46.875
      vertex 12.9213 0 47.139
      vertex 13.0514 0 46.875
    endloop
  endfacet
  facet normal 0.980724 -0 0.195397
    outer loop
      vertex 12.7692 0 47.7063
      vertex 12.8267 5.01 47.4177
      vertex 12.7692 5.01 47.7063
    endloop
  endfacet
  facet normal 0.980724 0 0.195397
    outer loop
      vertex 12.8267 5.01 47.4177
      vertex 12.7692 0 47.7063
      vertex 12.8267 0 47.4177
    endloop
  endfacet
  facet normal 0.831318 0 -0.555797
    outer loop
      vertex 13.215 0 49.3697
      vertex 13.0514 5.01 49.125
      vertex 13.215 5.01 49.3697
    endloop
  endfacet
  facet normal 0.831318 0 -0.555797
    outer loop
      vertex 13.0514 5.01 49.125
      vertex 13.215 0 49.3697
      vertex 13.0514 0 49.125
    endloop
  endfacet
  facet normal -0.321421 0 0.946936
    outer loop
      vertex 15.5823 5.01 45.8267
      vertex 15.861 0 45.9213
      vertex 15.861 5.01 45.9213
    endloop
  endfacet
  facet normal -0.321421 0 0.946936
    outer loop
      vertex 15.861 0 45.9213
      vertex 15.5823 5.01 45.8267
      vertex 15.5823 0 45.8267
    endloop
  endfacet
  facet normal -0.321421 0 -0.946936
    outer loop
      vertex 15.5823 0 50.1733
      vertex 15.861 5.01 50.0787
      vertex 15.861 0 50.0787
    endloop
  endfacet
  facet normal -0.321421 0 -0.946936
    outer loop
      vertex 15.861 5.01 50.0787
      vertex 15.5823 0 50.1733
      vertex 15.5823 5.01 50.1733
    endloop
  endfacet
  facet normal 0.99787 -0 0.0652336
    outer loop
      vertex 12.75 0 48
      vertex 12.7692 5.01 47.7063
      vertex 12.75 5.01 48
    endloop
  endfacet
  facet normal 0.99787 0 0.0652336
    outer loop
      vertex 12.7692 5.01 47.7063
      vertex 12.75 0 48
      vertex 12.7692 0 47.7063
    endloop
  endfacet
  facet normal -0.195397 0 0.980724
    outer loop
      vertex 15.2937 5.01 45.7692
      vertex 15.5823 0 45.8267
      vertex 15.5823 5.01 45.8267
    endloop
  endfacet
  facet normal -0.195397 0 0.980724
    outer loop
      vertex 15.5823 0 45.8267
      vertex 15.2937 5.01 45.7692
      vertex 15.2937 0 45.7692
    endloop
  endfacet
  facet normal 0.195397 0 0.980724
    outer loop
      vertex 14.4177 5.01 45.8267
      vertex 14.7063 0 45.7692
      vertex 14.7063 5.01 45.7692
    endloop
  endfacet
  facet normal 0.195397 0 0.980724
    outer loop
      vertex 14.7063 0 45.7692
      vertex 14.4177 5.01 45.8267
      vertex 14.4177 0 45.8267
    endloop
  endfacet
  facet normal 0.0652336 0 0.99787
    outer loop
      vertex 14.7063 5.01 45.7692
      vertex 15 0 45.75
      vertex 15 5.01 45.75
    endloop
  endfacet
  facet normal 0.0652336 0 0.99787
    outer loop
      vertex 15 0 45.75
      vertex 14.7063 5.01 45.7692
      vertex 14.7063 0 45.7692
    endloop
  endfacet
  facet normal 0.831318 -0 0.555797
    outer loop
      vertex 13.0514 0 46.875
      vertex 13.215 5.01 46.6303
      vertex 13.0514 5.01 46.875
    endloop
  endfacet
  facet normal 0.831318 0 0.555797
    outer loop
      vertex 13.215 5.01 46.6303
      vertex 13.0514 0 46.875
      vertex 13.215 0 46.6303
    endloop
  endfacet
  facet normal -0.751966 0.659202 0
    outer loop
      vertex 16.591 15.409 0
      vertex 16.785 15.6303 5.01
      vertex 16.785 15.6303 0
    endloop
  endfacet
  facet normal -0.751966 0.659202 0
    outer loop
      vertex 16.785 15.6303 5.01
      vertex 16.591 15.409 0
      vertex 16.591 15.409 5.01
    endloop
  endfacet
  facet normal -0.195397 0.980724 0
    outer loop
      vertex 15.5823 14.8267 0
      vertex 15.2937 14.7692 5.01
      vertex 15.5823 14.8267 5.01
    endloop
  endfacet
  facet normal -0.195397 0.980724 0
    outer loop
      vertex 15.2937 14.7692 5.01
      vertex 15.5823 14.8267 0
      vertex 15.2937 14.7692 0
    endloop
  endfacet
  facet normal -0.321421 0.946936 0
    outer loop
      vertex 15.861 14.9213 0
      vertex 15.5823 14.8267 5.01
      vertex 15.861 14.9213 5.01
    endloop
  endfacet
  facet normal -0.321421 0.946936 0
    outer loop
      vertex 15.5823 14.8267 5.01
      vertex 15.861 14.9213 0
      vertex 15.5823 14.8267 0
    endloop
  endfacet
  facet normal 0.896995 0.442042 0
    outer loop
      vertex 13.0514 15.875 5.01
      vertex 12.9213 16.139 0
      vertex 12.9213 16.139 5.01
    endloop
  endfacet
  facet normal 0.896995 0.442042 0
    outer loop
      vertex 12.9213 16.139 0
      vertex 13.0514 15.875 5.01
      vertex 13.0514 15.875 0
    endloop
  endfacet
  facet normal -0.659202 -0.751966 0
    outer loop
      vertex 16.3697 18.785 0
      vertex 16.591 18.591 5.01
      vertex 16.3697 18.785 5.01
    endloop
  endfacet
  facet normal -0.659202 -0.751966 -0
    outer loop
      vertex 16.591 18.591 5.01
      vertex 16.3697 18.785 0
      vertex 16.591 18.591 0
    endloop
  endfacet
  facet normal -0.442042 -0.896995 0
    outer loop
      vertex 15.861 19.0787 0
      vertex 16.125 18.9486 5.01
      vertex 15.861 19.0787 5.01
    endloop
  endfacet
  facet normal -0.442042 -0.896995 -0
    outer loop
      vertex 16.125 18.9486 5.01
      vertex 15.861 19.0787 0
      vertex 16.125 18.9486 0
    endloop
  endfacet
  facet normal -0.99787 -0.0652336 0
    outer loop
      vertex 17.25 17 0
      vertex 17.2308 17.2937 5.01
      vertex 17.2308 17.2937 0
    endloop
  endfacet
  facet normal -0.99787 -0.0652336 0
    outer loop
      vertex 17.2308 17.2937 5.01
      vertex 17.25 17 0
      vertex 17.25 17 5.01
    endloop
  endfacet
  facet normal -0.99787 0.0652336 0
    outer loop
      vertex 17.2308 16.7063 0
      vertex 17.25 17 5.01
      vertex 17.25 17 0
    endloop
  endfacet
  facet normal -0.99787 0.0652336 0
    outer loop
      vertex 17.25 17 5.01
      vertex 17.2308 16.7063 0
      vertex 17.2308 16.7063 5.01
    endloop
  endfacet
  facet normal -0.659202 0.751966 0
    outer loop
      vertex 16.591 15.409 0
      vertex 16.3697 15.215 5.01
      vertex 16.591 15.409 5.01
    endloop
  endfacet
  facet normal -0.659202 0.751966 0
    outer loop
      vertex 16.3697 15.215 5.01
      vertex 16.591 15.409 0
      vertex 16.3697 15.215 0
    endloop
  endfacet
  facet normal -0.946936 -0.321421 0
    outer loop
      vertex 17.1733 17.5823 0
      vertex 17.0787 17.861 5.01
      vertex 17.0787 17.861 0
    endloop
  endfacet
  facet normal -0.946936 -0.321421 0
    outer loop
      vertex 17.0787 17.861 5.01
      vertex 17.1733 17.5823 0
      vertex 17.1733 17.5823 5.01
    endloop
  endfacet
  facet normal -0.555797 -0.831318 0
    outer loop
      vertex 16.125 18.9486 0
      vertex 16.3697 18.785 5.01
      vertex 16.125 18.9486 5.01
    endloop
  endfacet
  facet normal -0.555797 -0.831318 -0
    outer loop
      vertex 16.3697 18.785 5.01
      vertex 16.125 18.9486 0
      vertex 16.3697 18.785 0
    endloop
  endfacet
  facet normal -0.896995 -0.442042 0
    outer loop
      vertex 17.0787 17.861 0
      vertex 16.9486 18.125 5.01
      vertex 16.9486 18.125 0
    endloop
  endfacet
  facet normal -0.896995 -0.442042 0
    outer loop
      vertex 16.9486 18.125 5.01
      vertex 17.0787 17.861 0
      vertex 17.0787 17.861 5.01
    endloop
  endfacet
  facet normal 0.751966 -0.659202 0
    outer loop
      vertex 13.215 18.3697 5.01
      vertex 13.409 18.591 0
      vertex 13.409 18.591 5.01
    endloop
  endfacet
  facet normal 0.751966 -0.659202 0
    outer loop
      vertex 13.409 18.591 0
      vertex 13.215 18.3697 5.01
      vertex 13.215 18.3697 0
    endloop
  endfacet
  facet normal 0.751966 0.659202 0
    outer loop
      vertex 13.409 15.409 5.01
      vertex 13.215 15.6303 0
      vertex 13.215 15.6303 5.01
    endloop
  endfacet
  facet normal 0.751966 0.659202 0
    outer loop
      vertex 13.215 15.6303 0
      vertex 13.409 15.409 5.01
      vertex 13.409 15.409 0
    endloop
  endfacet
  facet normal -0.751966 -0.659202 0
    outer loop
      vertex 16.785 18.3697 0
      vertex 16.591 18.591 5.01
      vertex 16.591 18.591 0
    endloop
  endfacet
  facet normal -0.751966 -0.659202 0
    outer loop
      vertex 16.591 18.591 5.01
      vertex 16.785 18.3697 0
      vertex 16.785 18.3697 5.01
    endloop
  endfacet
  facet normal 0.555797 0.831318 -0
    outer loop
      vertex 13.875 15.0514 0
      vertex 13.6303 15.215 5.01
      vertex 13.875 15.0514 5.01
    endloop
  endfacet
  facet normal 0.555797 0.831318 0
    outer loop
      vertex 13.6303 15.215 5.01
      vertex 13.875 15.0514 0
      vertex 13.6303 15.215 0
    endloop
  endfacet
  facet normal -0.896995 0.442042 0
    outer loop
      vertex 16.9486 15.875 0
      vertex 17.0787 16.139 5.01
      vertex 17.0787 16.139 0
    endloop
  endfacet
  facet normal -0.896995 0.442042 0
    outer loop
      vertex 17.0787 16.139 5.01
      vertex 16.9486 15.875 0
      vertex 16.9486 15.875 5.01
    endloop
  endfacet
  facet normal -0.831318 0.555797 0
    outer loop
      vertex 16.785 15.6303 0
      vertex 16.9486 15.875 5.01
      vertex 16.9486 15.875 0
    endloop
  endfacet
  facet normal -0.831318 0.555797 0
    outer loop
      vertex 16.9486 15.875 5.01
      vertex 16.785 15.6303 0
      vertex 16.785 15.6303 5.01
    endloop
  endfacet
  facet normal 0.195397 0.980724 -0
    outer loop
      vertex 14.7063 14.7692 0
      vertex 14.4177 14.8267 5.01
      vertex 14.7063 14.7692 5.01
    endloop
  endfacet
  facet normal 0.195397 0.980724 0
    outer loop
      vertex 14.4177 14.8267 5.01
      vertex 14.7063 14.7692 0
      vertex 14.4177 14.8267 0
    endloop
  endfacet
  facet normal -0.980724 -0.195397 0
    outer loop
      vertex 17.2308 17.2937 0
      vertex 17.1733 17.5823 5.01
      vertex 17.1733 17.5823 0
    endloop
  endfacet
  facet normal -0.980724 -0.195397 0
    outer loop
      vertex 17.1733 17.5823 5.01
      vertex 17.2308 17.2937 0
      vertex 17.2308 17.2937 5.01
    endloop
  endfacet
  facet normal -0.980724 0.195397 0
    outer loop
      vertex 17.1733 16.4177 0
      vertex 17.2308 16.7063 5.01
      vertex 17.2308 16.7063 0
    endloop
  endfacet
  facet normal -0.980724 0.195397 0
    outer loop
      vertex 17.2308 16.7063 5.01
      vertex 17.1733 16.4177 0
      vertex 17.1733 16.4177 5.01
    endloop
  endfacet
  facet normal 0.980724 0.195397 0
    outer loop
      vertex 12.8267 16.4177 5.01
      vertex 12.7692 16.7063 0
      vertex 12.7692 16.7063 5.01
    endloop
  endfacet
  facet normal 0.980724 0.195397 0
    outer loop
      vertex 12.7692 16.7063 0
      vertex 12.8267 16.4177 5.01
      vertex 12.8267 16.4177 0
    endloop
  endfacet
  facet normal 0.659202 -0.751966 0
    outer loop
      vertex 13.409 18.591 0
      vertex 13.6303 18.785 5.01
      vertex 13.409 18.591 5.01
    endloop
  endfacet
  facet normal 0.659202 -0.751966 0
    outer loop
      vertex 13.6303 18.785 5.01
      vertex 13.409 18.591 0
      vertex 13.6303 18.785 0
    endloop
  endfacet
  facet normal 0.99787 -0.0652336 0
    outer loop
      vertex 12.75 17 5.01
      vertex 12.7692 17.2937 0
      vertex 12.7692 17.2937 5.01
    endloop
  endfacet
  facet normal 0.99787 -0.0652336 0
    outer loop
      vertex 12.7692 17.2937 0
      vertex 12.75 17 5.01
      vertex 12.75 17 0
    endloop
  endfacet
  facet normal -0.442042 0.896995 0
    outer loop
      vertex 16.125 15.0514 0
      vertex 15.861 14.9213 5.01
      vertex 16.125 15.0514 5.01
    endloop
  endfacet
  facet normal -0.442042 0.896995 0
    outer loop
      vertex 15.861 14.9213 5.01
      vertex 16.125 15.0514 0
      vertex 15.861 14.9213 0
    endloop
  endfacet
  facet normal 0.946936 0.321421 0
    outer loop
      vertex 12.9213 16.139 5.01
      vertex 12.8267 16.4177 0
      vertex 12.8267 16.4177 5.01
    endloop
  endfacet
  facet normal 0.946936 0.321421 0
    outer loop
      vertex 12.8267 16.4177 0
      vertex 12.9213 16.139 5.01
      vertex 12.9213 16.139 0
    endloop
  endfacet
  facet normal -0.321421 -0.946936 0
    outer loop
      vertex 15.5823 19.1733 0
      vertex 15.861 19.0787 5.01
      vertex 15.5823 19.1733 5.01
    endloop
  endfacet
  facet normal -0.321421 -0.946936 -0
    outer loop
      vertex 15.861 19.0787 5.01
      vertex 15.5823 19.1733 0
      vertex 15.861 19.0787 0
    endloop
  endfacet
  facet normal -0.946936 0.321421 0
    outer loop
      vertex 17.0787 16.139 0
      vertex 17.1733 16.4177 5.01
      vertex 17.1733 16.4177 0
    endloop
  endfacet
  facet normal -0.946936 0.321421 0
    outer loop
      vertex 17.1733 16.4177 5.01
      vertex 17.0787 16.139 0
      vertex 17.0787 16.139 5.01
    endloop
  endfacet
  facet normal 0.195397 -0.980724 0
    outer loop
      vertex 14.4177 19.1733 0
      vertex 14.7063 19.2308 5.01
      vertex 14.4177 19.1733 5.01
    endloop
  endfacet
  facet normal 0.195397 -0.980724 0
    outer loop
      vertex 14.7063 19.2308 5.01
      vertex 14.4177 19.1733 0
      vertex 14.7063 19.2308 0
    endloop
  endfacet
  facet normal -0.831318 -0.555797 0
    outer loop
      vertex 16.9486 18.125 0
      vertex 16.785 18.3697 5.01
      vertex 16.785 18.3697 0
    endloop
  endfacet
  facet normal -0.831318 -0.555797 0
    outer loop
      vertex 16.785 18.3697 5.01
      vertex 16.9486 18.125 0
      vertex 16.9486 18.125 5.01
    endloop
  endfacet
  facet normal 0.831318 0.555797 0
    outer loop
      vertex 13.215 15.6303 5.01
      vertex 13.0514 15.875 0
      vertex 13.0514 15.875 5.01
    endloop
  endfacet
  facet normal 0.831318 0.555797 0
    outer loop
      vertex 13.0514 15.875 0
      vertex 13.215 15.6303 5.01
      vertex 13.215 15.6303 0
    endloop
  endfacet
  facet normal 0.321421 -0.946936 0
    outer loop
      vertex 14.139 19.0787 0
      vertex 14.4177 19.1733 5.01
      vertex 14.139 19.0787 5.01
    endloop
  endfacet
  facet normal 0.321421 -0.946936 0
    outer loop
      vertex 14.4177 19.1733 5.01
      vertex 14.139 19.0787 0
      vertex 14.4177 19.1733 0
    endloop
  endfacet
  facet normal 0.99787 0.0652336 0
    outer loop
      vertex 12.7692 16.7063 5.01
      vertex 12.75 17 0
      vertex 12.75 17 5.01
    endloop
  endfacet
  facet normal 0.99787 0.0652336 0
    outer loop
      vertex 12.75 17 0
      vertex 12.7692 16.7063 5.01
      vertex 12.7692 16.7063 0
    endloop
  endfacet
  facet normal 0.0652336 -0.99787 0
    outer loop
      vertex 14.7063 19.2308 0
      vertex 15 19.25 5.01
      vertex 14.7063 19.2308 5.01
    endloop
  endfacet
  facet normal 0.0652336 -0.99787 0
    outer loop
      vertex 15 19.25 5.01
      vertex 14.7063 19.2308 0
      vertex 15 19.25 0
    endloop
  endfacet
  facet normal -0.0652336 0.99787 0
    outer loop
      vertex 15.2937 14.7692 0
      vertex 15 14.75 5.01
      vertex 15.2937 14.7692 5.01
    endloop
  endfacet
  facet normal -0.0652336 0.99787 0
    outer loop
      vertex 15 14.75 5.01
      vertex 15.2937 14.7692 0
      vertex 15 14.75 0
    endloop
  endfacet
  facet normal 0.980724 -0.195397 0
    outer loop
      vertex 12.7692 17.2937 5.01
      vertex 12.8267 17.5823 0
      vertex 12.8267 17.5823 5.01
    endloop
  endfacet
  facet normal 0.980724 -0.195397 0
    outer loop
      vertex 12.8267 17.5823 0
      vertex 12.7692 17.2937 5.01
      vertex 12.7692 17.2937 0
    endloop
  endfacet
  facet normal -0.195397 -0.980724 0
    outer loop
      vertex 15.2937 19.2308 0
      vertex 15.5823 19.1733 5.01
      vertex 15.2937 19.2308 5.01
    endloop
  endfacet
  facet normal -0.195397 -0.980724 -0
    outer loop
      vertex 15.5823 19.1733 5.01
      vertex 15.2937 19.2308 0
      vertex 15.5823 19.1733 0
    endloop
  endfacet
  facet normal 0.442042 -0.896995 0
    outer loop
      vertex 13.875 18.9486 0
      vertex 14.139 19.0787 5.01
      vertex 13.875 18.9486 5.01
    endloop
  endfacet
  facet normal 0.442042 -0.896995 0
    outer loop
      vertex 14.139 19.0787 5.01
      vertex 13.875 18.9486 0
      vertex 14.139 19.0787 0
    endloop
  endfacet
  facet normal 0.659202 0.751966 -0
    outer loop
      vertex 13.6303 15.215 0
      vertex 13.409 15.409 5.01
      vertex 13.6303 15.215 5.01
    endloop
  endfacet
  facet normal 0.659202 0.751966 0
    outer loop
      vertex 13.409 15.409 5.01
      vertex 13.6303 15.215 0
      vertex 13.409 15.409 0
    endloop
  endfacet
  facet normal -0.555797 0.831318 0
    outer loop
      vertex 16.3697 15.215 0
      vertex 16.125 15.0514 5.01
      vertex 16.3697 15.215 5.01
    endloop
  endfacet
  facet normal -0.555797 0.831318 0
    outer loop
      vertex 16.125 15.0514 5.01
      vertex 16.3697 15.215 0
      vertex 16.125 15.0514 0
    endloop
  endfacet
  facet normal 0.555797 -0.831318 0
    outer loop
      vertex 13.6303 18.785 0
      vertex 13.875 18.9486 5.01
      vertex 13.6303 18.785 5.01
    endloop
  endfacet
  facet normal 0.555797 -0.831318 0
    outer loop
      vertex 13.875 18.9486 5.01
      vertex 13.6303 18.785 0
      vertex 13.875 18.9486 0
    endloop
  endfacet
  facet normal 0.442042 0.896995 -0
    outer loop
      vertex 14.139 14.9213 0
      vertex 13.875 15.0514 5.01
      vertex 14.139 14.9213 5.01
    endloop
  endfacet
  facet normal 0.442042 0.896995 0
    outer loop
      vertex 13.875 15.0514 5.01
      vertex 14.139 14.9213 0
      vertex 13.875 15.0514 0
    endloop
  endfacet
  facet normal 0.896995 -0.442042 0
    outer loop
      vertex 12.9213 17.861 5.01
      vertex 13.0514 18.125 0
      vertex 13.0514 18.125 5.01
    endloop
  endfacet
  facet normal 0.896995 -0.442042 0
    outer loop
      vertex 13.0514 18.125 0
      vertex 12.9213 17.861 5.01
      vertex 12.9213 17.861 0
    endloop
  endfacet
  facet normal -0.0652336 -0.99787 0
    outer loop
      vertex 15 19.25 0
      vertex 15.2937 19.2308 5.01
      vertex 15 19.25 5.01
    endloop
  endfacet
  facet normal -0.0652336 -0.99787 -0
    outer loop
      vertex 15.2937 19.2308 5.01
      vertex 15 19.25 0
      vertex 15.2937 19.2308 0
    endloop
  endfacet
  facet normal 0.321421 0.946936 -0
    outer loop
      vertex 14.4177 14.8267 0
      vertex 14.139 14.9213 5.01
      vertex 14.4177 14.8267 5.01
    endloop
  endfacet
  facet normal 0.321421 0.946936 0
    outer loop
      vertex 14.139 14.9213 5.01
      vertex 14.4177 14.8267 0
      vertex 14.139 14.9213 0
    endloop
  endfacet
  facet normal 0.831318 -0.555797 0
    outer loop
      vertex 13.0514 18.125 5.01
      vertex 13.215 18.3697 0
      vertex 13.215 18.3697 5.01
    endloop
  endfacet
  facet normal 0.831318 -0.555797 0
    outer loop
      vertex 13.215 18.3697 0
      vertex 13.0514 18.125 5.01
      vertex 13.0514 18.125 0
    endloop
  endfacet
  facet normal 0.0652336 0.99787 -0
    outer loop
      vertex 15 14.75 0
      vertex 14.7063 14.7692 5.01
      vertex 15 14.75 5.01
    endloop
  endfacet
  facet normal 0.0652336 0.99787 0
    outer loop
      vertex 14.7063 14.7692 5.01
      vertex 15 14.75 0
      vertex 14.7063 14.7692 0
    endloop
  endfacet
  facet normal 0.946936 -0.321421 0
    outer loop
      vertex 12.8267 17.5823 5.01
      vertex 12.9213 17.861 0
      vertex 12.9213 17.861 5.01
    endloop
  endfacet
  facet normal 0.946936 -0.321421 0
    outer loop
      vertex 12.9213 17.861 0
      vertex 12.8267 17.5823 5.01
      vertex 12.8267 17.5823 0
    endloop
  endfacet
  facet normal 0 0 -1
    outer loop
      vertex 17.2308 16.7063 5.01
      vertex 17.2308 17.2937 5.01
      vertex 17.25 17 5.01
    endloop
  endfacet
  facet normal 0 0 -1
    outer loop
      vertex 17.1733 16.4177 5.01
      vertex 17.2308 17.2937 5.01
      vertex 17.2308 16.7063 5.01
    endloop
  endfacet
  facet normal 0 0 -1
    outer loop
      vertex 17.1733 16.4177 5.01
      vertex 17.1733 17.5823 5.01
      vertex 17.2308 17.2937 5.01
    endloop
  endfacet
  facet normal 0 0 -1
    outer loop
      vertex 17.0787 16.139 5.01
      vertex 17.1733 17.5823 5.01
      vertex 17.1733 16.4177 5.01
    endloop
  endfacet
  facet normal 0 0 -1
    outer loop
      vertex 17.0787 16.139 5.01
      vertex 17.0787 17.861 5.01
      vertex 17.1733 17.5823 5.01
    endloop
  endfacet
  facet normal 0 0 -1
    outer loop
      vertex 16.9486 15.875 5.01
      vertex 17.0787 17.861 5.01
      vertex 17.0787 16.139 5.01
    endloop
  endfacet
  facet normal 0 0 -1
    outer loop
      vertex 16.9486 15.875 5.01
      vertex 16.9486 18.125 5.01
      vertex 17.0787 17.861 5.01
    endloop
  endfacet
  facet normal 0 0 -1
    outer loop
      vertex 16.785 15.6303 5.01
      vertex 16.9486 18.125 5.01
      vertex 16.9486 15.875 5.01
    endloop
  endfacet
  facet normal 0 0 -1
    outer loop
      vertex 16.785 15.6303 5.01
      vertex 16.785 18.3697 5.01
      vertex 16.9486 18.125 5.01
    endloop
  endfacet
  facet normal 0 0 -1
    outer loop
      vertex 16.591 15.409 5.01
      vertex 16.785 18.3697 5.01
      vertex 16.785 15.6303 5.01
    endloop
  endfacet
  facet normal 0 0 -1
    outer loop
      vertex 16.591 15.409 5.01
      vertex 16.591 18.591 5.01
      vertex 16.785 18.3697 5.01
    endloop
  endfacet
  facet normal 0 0 -1
    outer loop
      vertex 16.3697 15.215 5.01
      vertex 16.591 18.591 5.01
      vertex 16.591 15.409 5.01
    endloop
  endfacet
  facet normal 0 0 -1
    outer loop
      vertex 16.3697 15.215 5.01
      vertex 16.3697 18.785 5.01
      vertex 16.591 18.591 5.01
    endloop
  endfacet
  facet normal 0 0 -1
    outer loop
      vertex 16.125 15.0514 5.01
      vertex 16.3697 18.785 5.01
      vertex 16.3697 15.215 5.01
    endloop
  endfacet
  facet normal 0 0 -1
    outer loop
      vertex 16.125 15.0514 5.01
      vertex 16.125 18.9486 5.01
      vertex 16.3697 18.785 5.01
    endloop
  endfacet
  facet normal 0 0 -1
    outer loop
      vertex 15.861 14.9213 5.01
      vertex 16.125 18.9486 5.01
      vertex 16.125 15.0514 5.01
    endloop
  endfacet
  facet normal 0 0 -1
    outer loop
      vertex 15.861 14.9213 5.01
      vertex 15.861 19.0787 5.01
      vertex 16.125 18.9486 5.01
    endloop
  endfacet
  facet normal 0 0 -1
    outer loop
      vertex 15.5823 14.8267 5.01
      vertex 15.861 19.0787 5.01
      vertex 15.861 14.9213 5.01
    endloop
  endfacet
  facet normal 0 0 -1
    outer loop
      vertex 15.5823 14.8267 5.01
      vertex 15.5823 19.1733 5.01
      vertex 15.861 19.0787 5.01
    endloop
  endfacet
  facet normal 0 0 -1
    outer loop
      vertex 15.2937 14.7692 5.01
      vertex 15.5823 19.1733 5.01
      vertex 15.5823 14.8267 5.01
    endloop
  endfacet
  facet normal 0 0 -1
    outer loop
      vertex 15.2937 14.7692 5.01
      vertex 15.2937 19.2308 5.01
      vertex 15.5823 19.1733 5.01
    endloop
  endfacet
  facet normal 0 0 -1
    outer loop
      vertex 15 14.75 5.01
      vertex 15.2937 19.2308 5.01
      vertex 15.2937 14.7692 5.01
    endloop
  endfacet
  facet normal 0 0 -1
    outer loop
      vertex 15 14.75 5.01
      vertex 15 19.25 5.01
      vertex 15.2937 19.2308 5.01
    endloop
  endfacet
  facet normal 0 0 -1
    outer loop
      vertex 14.7063 14.7692 5.01
      vertex 15 19.25 5.01
      vertex 15 14.75 5.01
    endloop
  endfacet
  facet normal 0 0 -1
    outer loop
      vertex 14.7063 14.7692 5.01
      vertex 14.7063 19.2308 5.01
      vertex 15 19.25 5.01
    endloop
  endfacet
  facet normal 0 0 -1
    outer loop
      vertex 14.4177 14.8267 5.01
      vertex 14.7063 19.2308 5.01
      vertex 14.7063 14.7692 5.01
    endloop
  endfacet
  facet normal 0 0 -1
    outer loop
      vertex 14.4177 14.8267 5.01
      vertex 14.4177 19.1733 5.01
      vertex 14.7063 19.2308 5.01
    endloop
  endfacet
  facet normal 0 0 -1
    outer loop
      vertex 14.139 14.9213 5.01
      vertex 14.4177 19.1733 5.01
      vertex 14.4177 14.8267 5.01
    endloop
  endfacet
  facet normal 0 0 -1
    outer loop
      vertex 14.139 14.9213 5.01
      vertex 14.139 19.0787 5.01
      vertex 14.4177 19.1733 5.01
    endloop
  endfacet
  facet normal 0 0 -1
    outer loop
      vertex 13.875 15.0514 5.01
      vertex 14.139 19.0787 5.01
      vertex 14.139 14.9213 5.01
    endloop
  endfacet
  facet normal 0 0 -1
    outer loop
      vertex 13.875 15.0514 5.01
      vertex 13.875 18.9486 5.01
      vertex 14.139 19.0787 5.01
    endloop
  endfacet
  facet normal 0 0 -1
    outer loop
      vertex 13.6303 15.215 5.01
      vertex 13.875 18.9486 5.01
      vertex 13.875 15.0514 5.01
    endloop
  endfacet
  facet normal 0 0 -1
    outer loop
      vertex 13.6303 15.215 5.01
      vertex 13.6303 18.785 5.01
      vertex 13.875 18.9486 5.01
    endloop
  endfacet
  facet normal 0 0 -1
    outer loop
      vertex 13.409 15.409 5.01
      vertex 13.6303 18.785 5.01
      vertex 13.6303 15.215 5.01
    endloop
  endfacet
  facet normal 0 0 -1
    outer loop
      vertex 13.409 15.409 5.01
      vertex 13.409 18.591 5.01
      vertex 13.6303 18.785 5.01
    endloop
  endfacet
  facet normal 0 0 -1
    outer loop
      vertex 13.215 15.6303 5.01
      vertex 13.409 18.591 5.01
      vertex 13.409 15.409 5.01
    endloop
  endfacet
  facet normal 0 0 -1
    outer loop
      vertex 13.215 15.6303 5.01
      vertex 13.215 18.3697 5.01
      vertex 13.409 18.591 5.01
    endloop
  endfacet
  facet normal 0 0 -1
    outer loop
      vertex 13.0514 15.875 5.01
      vertex 13.215 18.3697 5.01
      vertex 13.215 15.6303 5.01
    endloop
  endfacet
  facet normal 0 0 -1
    outer loop
      vertex 13.0514 15.875 5.01
      vertex 13.0514 18.125 5.01
      vertex 13.215 18.3697 5.01
    endloop
  endfacet
  facet normal 0 0 -1
    outer loop
      vertex 12.9213 16.139 5.01
      vertex 13.0514 18.125 5.01
      vertex 13.0514 15.875 5.01
    endloop
  endfacet
  facet normal 0 0 -1
    outer loop
      vertex 12.9213 16.139 5.01
      vertex 12.9213 17.861 5.01
      vertex 13.0514 18.125 5.01
    endloop
  endfacet
  facet normal 0 0 -1
    outer loop
      vertex 12.8267 16.4177 5.01
      vertex 12.9213 17.861 5.01
      vertex 12.9213 16.139 5.01
    endloop
  endfacet
  facet normal 0 0 -1
    outer loop
      vertex 12.8267 16.4177 5.01
      vertex 12.8267 17.5823 5.01
      vertex 12.9213 17.861 5.01
    endloop
  endfacet
  facet normal 0 0 -1
    outer loop
      vertex 12.7692 16.7063 5.01
      vertex 12.8267 17.5823 5.01
      vertex 12.8267 16.4177 5.01
    endloop
  endfacet
  facet normal 0 0 -1
    outer loop
      vertex 12.7692 16.7063 5.01
      vertex 12.7692 17.2937 5.01
      vertex 12.8267 17.5823 5.01
    endloop
  endfacet
  facet normal 0 -0 -1
    outer loop
      vertex 12.7692 17.2937 5.01
      vertex 12.7692 16.7063 5.01
      vertex 12.75 17 5.01
    endloop
  endfacet
  facet normal -0.980724 -0.195397 0
    outer loop
      vertex 17.2308 38.2937 0
      vertex 17.1733 38.5823 5.01
      vertex 17.1733 38.5823 0
    endloop
  endfacet
  facet normal -0.980724 -0.195397 0
    outer loop
      vertex 17.1733 38.5823 5.01
      vertex 17.2308 38.2937 0
      vertex 17.2308 38.2937 5.01
    endloop
  endfacet
  facet normal -0.99787 -0.0652336 0
    outer loop
      vertex 17.25 38 0
      vertex 17.2308 38.2937 5.01
      vertex 17.2308 38.2937 0
    endloop
  endfacet
  facet normal -0.99787 -0.0652336 0
    outer loop
      vertex 17.2308 38.2937 5.01
      vertex 17.25 38 0
      vertex 17.25 38 5.01
    endloop
  endfacet
  facet normal -0.946936 -0.321421 0
    outer loop
      vertex 17.1733 38.5823 0
      vertex 17.0787 38.861 5.01
      vertex 17.0787 38.861 0
    endloop
  endfacet
  facet normal -0.946936 -0.321421 0
    outer loop
      vertex 17.0787 38.861 5.01
      vertex 17.1733 38.5823 0
      vertex 17.1733 38.5823 5.01
    endloop
  endfacet
  facet normal 0.555797 -0.831318 0
    outer loop
      vertex 13.6303 39.785 0
      vertex 13.875 39.9486 5.01
      vertex 13.6303 39.785 5.01
    endloop
  endfacet
  facet normal 0.555797 -0.831318 0
    outer loop
      vertex 13.875 39.9486 5.01
      vertex 13.6303 39.785 0
      vertex 13.875 39.9486 0
    endloop
  endfacet
  facet normal 0.321421 -0.946936 0
    outer loop
      vertex 14.139 40.0787 0
      vertex 14.4177 40.1733 5.01
      vertex 14.139 40.0787 5.01
    endloop
  endfacet
  facet normal 0.321421 -0.946936 0
    outer loop
      vertex 14.4177 40.1733 5.01
      vertex 14.139 40.0787 0
      vertex 14.4177 40.1733 0
    endloop
  endfacet
  facet normal -0.659202 0.751966 0
    outer loop
      vertex 16.591 36.409 0
      vertex 16.3697 36.215 5.01
      vertex 16.591 36.409 5.01
    endloop
  endfacet
  facet normal -0.659202 0.751966 0
    outer loop
      vertex 16.3697 36.215 5.01
      vertex 16.591 36.409 0
      vertex 16.3697 36.215 0
    endloop
  endfacet
  facet normal 0.321421 0.946936 -0
    outer loop
      vertex 14.4177 35.8267 0
      vertex 14.139 35.9213 5.01
      vertex 14.4177 35.8267 5.01
    endloop
  endfacet
  facet normal 0.321421 0.946936 0
    outer loop
      vertex 14.139 35.9213 5.01
      vertex 14.4177 35.8267 0
      vertex 14.139 35.9213 0
    endloop
  endfacet
  facet normal -0.896995 -0.442042 0
    outer loop
      vertex 17.0787 38.861 0
      vertex 16.9486 39.125 5.01
      vertex 16.9486 39.125 0
    endloop
  endfacet
  facet normal -0.896995 -0.442042 0
    outer loop
      vertex 16.9486 39.125 5.01
      vertex 17.0787 38.861 0
      vertex 17.0787 38.861 5.01
    endloop
  endfacet
  facet normal -0.442042 -0.896995 0
    outer loop
      vertex 15.861 40.0787 0
      vertex 16.125 39.9486 5.01
      vertex 15.861 40.0787 5.01
    endloop
  endfacet
  facet normal -0.442042 -0.896995 -0
    outer loop
      vertex 16.125 39.9486 5.01
      vertex 15.861 40.0787 0
      vertex 16.125 39.9486 0
    endloop
  endfacet
  facet normal 0.980724 0.195397 0
    outer loop
      vertex 12.8267 37.4177 5.01
      vertex 12.7692 37.7063 0
      vertex 12.7692 37.7063 5.01
    endloop
  endfacet
  facet normal 0.980724 0.195397 0
    outer loop
      vertex 12.7692 37.7063 0
      vertex 12.8267 37.4177 5.01
      vertex 12.8267 37.4177 0
    endloop
  endfacet
  facet normal 0.751966 -0.659202 0
    outer loop
      vertex 13.215 39.3697 5.01
      vertex 13.409 39.591 0
      vertex 13.409 39.591 5.01
    endloop
  endfacet
  facet normal 0.751966 -0.659202 0
    outer loop
      vertex 13.409 39.591 0
      vertex 13.215 39.3697 5.01
      vertex 13.215 39.3697 0
    endloop
  endfacet
  facet normal 0.442042 0.896995 -0
    outer loop
      vertex 14.139 35.9213 0
      vertex 13.875 36.0514 5.01
      vertex 14.139 35.9213 5.01
    endloop
  endfacet
  facet normal 0.442042 0.896995 0
    outer loop
      vertex 13.875 36.0514 5.01
      vertex 14.139 35.9213 0
      vertex 13.875 36.0514 0
    endloop
  endfacet
  facet normal 0.751966 0.659202 0
    outer loop
      vertex 13.409 36.409 5.01
      vertex 13.215 36.6303 0
      vertex 13.215 36.6303 5.01
    endloop
  endfacet
  facet normal 0.751966 0.659202 0
    outer loop
      vertex 13.215 36.6303 0
      vertex 13.409 36.409 5.01
      vertex 13.409 36.409 0
    endloop
  endfacet
  facet normal -0.321421 0.946936 0
    outer loop
      vertex 15.861 35.9213 0
      vertex 15.5823 35.8267 5.01
      vertex 15.861 35.9213 5.01
    endloop
  endfacet
  facet normal -0.321421 0.946936 0
    outer loop
      vertex 15.5823 35.8267 5.01
      vertex 15.861 35.9213 0
      vertex 15.5823 35.8267 0
    endloop
  endfacet
  facet normal -0.980724 0.195397 0
    outer loop
      vertex 17.1733 37.4177 0
      vertex 17.2308 37.7063 5.01
      vertex 17.2308 37.7063 0
    endloop
  endfacet
  facet normal -0.980724 0.195397 0
    outer loop
      vertex 17.2308 37.7063 5.01
      vertex 17.1733 37.4177 0
      vertex 17.1733 37.4177 5.01
    endloop
  endfacet
  facet normal 0.0652336 -0.99787 0
    outer loop
      vertex 14.7063 40.2308 0
      vertex 15 40.25 5.01
      vertex 14.7063 40.2308 5.01
    endloop
  endfacet
  facet normal 0.0652336 -0.99787 0
    outer loop
      vertex 15 40.25 5.01
      vertex 14.7063 40.2308 0
      vertex 15 40.25 0
    endloop
  endfacet
  facet normal 0.946936 0.321421 0
    outer loop
      vertex 12.9213 37.139 5.01
      vertex 12.8267 37.4177 0
      vertex 12.8267 37.4177 5.01
    endloop
  endfacet
  facet normal 0.946936 0.321421 0
    outer loop
      vertex 12.8267 37.4177 0
      vertex 12.9213 37.139 5.01
      vertex 12.9213 37.139 0
    endloop
  endfacet
  facet normal 0.659202 0.751966 -0
    outer loop
      vertex 13.6303 36.215 0
      vertex 13.409 36.409 5.01
      vertex 13.6303 36.215 5.01
    endloop
  endfacet
  facet normal 0.659202 0.751966 0
    outer loop
      vertex 13.409 36.409 5.01
      vertex 13.6303 36.215 0
      vertex 13.409 36.409 0
    endloop
  endfacet
  facet normal -0.555797 -0.831318 0
    outer loop
      vertex 16.125 39.9486 0
      vertex 16.3697 39.785 5.01
      vertex 16.125 39.9486 5.01
    endloop
  endfacet
  facet normal -0.555797 -0.831318 -0
    outer loop
      vertex 16.3697 39.785 5.01
      vertex 16.125 39.9486 0
      vertex 16.3697 39.785 0
    endloop
  endfacet
  facet normal -0.946936 0.321421 0
    outer loop
      vertex 17.0787 37.139 0
      vertex 17.1733 37.4177 5.01
      vertex 17.1733 37.4177 0
    endloop
  endfacet
  facet normal -0.946936 0.321421 0
    outer loop
      vertex 17.1733 37.4177 5.01
      vertex 17.0787 37.139 0
      vertex 17.0787 37.139 5.01
    endloop
  endfacet
  facet normal -0.442042 0.896995 0
    outer loop
      vertex 16.125 36.0514 0
      vertex 15.861 35.9213 5.01
      vertex 16.125 36.0514 5.01
    endloop
  endfacet
  facet normal -0.442042 0.896995 0
    outer loop
      vertex 15.861 35.9213 5.01
      vertex 16.125 36.0514 0
      vertex 15.861 35.9213 0
    endloop
  endfacet
  facet normal 0.980724 -0.195397 0
    outer loop
      vertex 12.7692 38.2937 5.01
      vertex 12.8267 38.5823 0
      vertex 12.8267 38.5823 5.01
    endloop
  endfacet
  facet normal 0.980724 -0.195397 0
    outer loop
      vertex 12.8267 38.5823 0
      vertex 12.7692 38.2937 5.01
      vertex 12.7692 38.2937 0
    endloop
  endfacet
  facet normal -0.195397 0.980724 0
    outer loop
      vertex 15.5823 35.8267 0
      vertex 15.2937 35.7692 5.01
      vertex 15.5823 35.8267 5.01
    endloop
  endfacet
  facet normal -0.195397 0.980724 0
    outer loop
      vertex 15.2937 35.7692 5.01
      vertex 15.5823 35.8267 0
      vertex 15.2937 35.7692 0
    endloop
  endfacet
  facet normal 0.831318 0.555797 0
    outer loop
      vertex 13.215 36.6303 5.01
      vertex 13.0514 36.875 0
      vertex 13.0514 36.875 5.01
    endloop
  endfacet
  facet normal 0.831318 0.555797 0
    outer loop
      vertex 13.0514 36.875 0
      vertex 13.215 36.6303 5.01
      vertex 13.215 36.6303 0
    endloop
  endfacet
  facet normal 0.946936 -0.321421 0
    outer loop
      vertex 12.8267 38.5823 5.01
      vertex 12.9213 38.861 0
      vertex 12.9213 38.861 5.01
    endloop
  endfacet
  facet normal 0.946936 -0.321421 0
    outer loop
      vertex 12.9213 38.861 0
      vertex 12.8267 38.5823 5.01
      vertex 12.8267 38.5823 0
    endloop
  endfacet
  facet normal 0.0652336 0.99787 -0
    outer loop
      vertex 15 35.75 0
      vertex 14.7063 35.7692 5.01
      vertex 15 35.75 5.01
    endloop
  endfacet
  facet normal 0.0652336 0.99787 0
    outer loop
      vertex 14.7063 35.7692 5.01
      vertex 15 35.75 0
      vertex 14.7063 35.7692 0
    endloop
  endfacet
  facet normal 0 0 -1
    outer loop
      vertex 17.2308 37.7063 5.01
      vertex 17.2308 38.2937 5.01
      vertex 17.25 38 5.01
    endloop
  endfacet
  facet normal 0 0 -1
    outer loop
      vertex 17.1733 37.4177 5.01
      vertex 17.2308 38.2937 5.01
      vertex 17.2308 37.7063 5.01
    endloop
  endfacet
  facet normal 0 0 -1
    outer loop
      vertex 17.1733 37.4177 5.01
      vertex 17.1733 38.5823 5.01
      vertex 17.2308 38.2937 5.01
    endloop
  endfacet
  facet normal 0 0 -1
    outer loop
      vertex 17.0787 37.139 5.01
      vertex 17.1733 38.5823 5.01
      vertex 17.1733 37.4177 5.01
    endloop
  endfacet
  facet normal 0 0 -1
    outer loop
      vertex 17.0787 37.139 5.01
      vertex 17.0787 38.861 5.01
      vertex 17.1733 38.5823 5.01
    endloop
  endfacet
  facet normal 0 0 -1
    outer loop
      vertex 16.9486 36.875 5.01
      vertex 17.0787 38.861 5.01
      vertex 17.0787 37.139 5.01
    endloop
  endfacet
  facet normal 0 0 -1
    outer loop
      vertex 16.9486 36.875 5.01
      vertex 16.9486 39.125 5.01
      vertex 17.0787 38.861 5.01
    endloop
  endfacet
  facet normal 0 0 -1
    outer loop
      vertex 16.785 36.6303 5.01
      vertex 16.9486 39.125 5.01
      vertex 16.9486 36.875 5.01
    endloop
  endfacet
  facet normal 0 0 -1
    outer loop
      vertex 16.785 36.6303 5.01
      vertex 16.785 39.3697 5.01
      vertex 16.9486 39.125 5.01
    endloop
  endfacet
  facet normal 0 0 -1
    outer loop
      vertex 16.591 36.409 5.01
      vertex 16.785 39.3697 5.01
      vertex 16.785 36.6303 5.01
    endloop
  endfacet
  facet normal 0 0 -1
    outer loop
      vertex 16.591 36.409 5.01
      vertex 16.591 39.591 5.01
      vertex 16.785 39.3697 5.01
    endloop
  endfacet
  facet normal 0 0 -1
    outer loop
      vertex 16.3697 36.215 5.01
      vertex 16.591 39.591 5.01
      vertex 16.591 36.409 5.01
    endloop
  endfacet
  facet normal 0 0 -1
    outer loop
      vertex 16.3697 36.215 5.01
      vertex 16.3697 39.785 5.01
      vertex 16.591 39.591 5.01
    endloop
  endfacet
  facet normal 0 0 -1
    outer loop
      vertex 16.125 36.0514 5.01
      vertex 16.3697 39.785 5.01
      vertex 16.3697 36.215 5.01
    endloop
  endfacet
  facet normal 0 0 -1
    outer loop
      vertex 16.125 36.0514 5.01
      vertex 16.125 39.9486 5.01
      vertex 16.3697 39.785 5.01
    endloop
  endfacet
  facet normal 0 0 -1
    outer loop
      vertex 15.861 35.9213 5.01
      vertex 16.125 39.9486 5.01
      vertex 16.125 36.0514 5.01
    endloop
  endfacet
  facet normal 0 0 -1
    outer loop
      vertex 15.861 35.9213 5.01
      vertex 15.861 40.0787 5.01
      vertex 16.125 39.9486 5.01
    endloop
  endfacet
  facet normal 0 0 -1
    outer loop
      vertex 15.5823 35.8267 5.01
      vertex 15.861 40.0787 5.01
      vertex 15.861 35.9213 5.01
    endloop
  endfacet
  facet normal 0 0 -1
    outer loop
      vertex 15.5823 35.8267 5.01
      vertex 15.5823 40.1733 5.01
      vertex 15.861 40.0787 5.01
    endloop
  endfacet
  facet normal 0 0 -1
    outer loop
      vertex 15.2937 35.7692 5.01
      vertex 15.5823 40.1733 5.01
      vertex 15.5823 35.8267 5.01
    endloop
  endfacet
  facet normal 0 0 -1
    outer loop
      vertex 15.2937 35.7692 5.01
      vertex 15.2937 40.2308 5.01
      vertex 15.5823 40.1733 5.01
    endloop
  endfacet
  facet normal 0 0 -1
    outer loop
      vertex 15 35.75 5.01
      vertex 15.2937 40.2308 5.01
      vertex 15.2937 35.7692 5.01
    endloop
  endfacet
  facet normal 0 0 -1
    outer loop
      vertex 15 35.75 5.01
      vertex 15 40.25 5.01
      vertex 15.2937 40.2308 5.01
    endloop
  endfacet
  facet normal 0 0 -1
    outer loop
      vertex 14.7063 35.7692 5.01
      vertex 15 40.25 5.01
      vertex 15 35.75 5.01
    endloop
  endfacet
  facet normal 0 0 -1
    outer loop
      vertex 14.7063 35.7692 5.01
      vertex 14.7063 40.2308 5.01
      vertex 15 40.25 5.01
    endloop
  endfacet
  facet normal 0 0 -1
    outer loop
      vertex 14.4177 35.8267 5.01
      vertex 14.7063 40.2308 5.01
      vertex 14.7063 35.7692 5.01
    endloop
  endfacet
  facet normal 0 0 -1
    outer loop
      vertex 14.4177 35.8267 5.01
      vertex 14.4177 40.1733 5.01
      vertex 14.7063 40.2308 5.01
    endloop
  endfacet
  facet normal 0 0 -1
    outer loop
      vertex 14.139 35.9213 5.01
      vertex 14.4177 40.1733 5.01
      vertex 14.4177 35.8267 5.01
    endloop
  endfacet
  facet normal 0 0 -1
    outer loop
      vertex 14.139 35.9213 5.01
      vertex 14.139 40.0787 5.01
      vertex 14.4177 40.1733 5.01
    endloop
  endfacet
  facet normal 0 0 -1
    outer loop
      vertex 13.875 36.0514 5.01
      vertex 14.139 40.0787 5.01
      vertex 14.139 35.9213 5.01
    endloop
  endfacet
  facet normal 0 0 -1
    outer loop
      vertex 13.875 36.0514 5.01
      vertex 13.875 39.9486 5.01
      vertex 14.139 40.0787 5.01
    endloop
  endfacet
  facet normal 0 0 -1
    outer loop
      vertex 13.6303 36.215 5.01
      vertex 13.875 39.9486 5.01
      vertex 13.875 36.0514 5.01
    endloop
  endfacet
  facet normal 0 0 -1
    outer loop
      vertex 13.6303 36.215 5.01
      vertex 13.6303 39.785 5.01
      vertex 13.875 39.9486 5.01
    endloop
  endfacet
  facet normal 0 0 -1
    outer loop
      vertex 13.409 36.409 5.01
      vertex 13.6303 39.785 5.01
      vertex 13.6303 36.215 5.01
    endloop
  endfacet
  facet normal 0 0 -1
    outer loop
      vertex 13.409 36.409 5.01
      vertex 13.409 39.591 5.01
      vertex 13.6303 39.785 5.01
    endloop
  endfacet
  facet normal 0 0 -1
    outer loop
      vertex 13.215 36.6303 5.01
      vertex 13.409 39.591 5.01
      vertex 13.409 36.409 5.01
    endloop
  endfacet
  facet normal 0 0 -1
    outer loop
      vertex 13.215 36.6303 5.01
      vertex 13.215 39.3697 5.01
      vertex 13.409 39.591 5.01
    endloop
  endfacet
  facet normal 0 0 -1
    outer loop
      vertex 13.0514 36.875 5.01
      vertex 13.215 39.3697 5.01
      vertex 13.215 36.6303 5.01
    endloop
  endfacet
  facet normal 0 0 -1
    outer loop
      vertex 13.0514 36.875 5.01
      vertex 13.0514 39.125 5.01
      vertex 13.215 39.3697 5.01
    endloop
  endfacet
  facet normal 0 0 -1
    outer loop
      vertex 12.9213 37.139 5.01
      vertex 13.0514 39.125 5.01
      vertex 13.0514 36.875 5.01
    endloop
  endfacet
  facet normal 0 0 -1
    outer loop
      vertex 12.9213 37.139 5.01
      vertex 12.9213 38.861 5.01
      vertex 13.0514 39.125 5.01
    endloop
  endfacet
  facet normal 0 0 -1
    outer loop
      vertex 12.8267 37.4177 5.01
      vertex 12.9213 38.861 5.01
      vertex 12.9213 37.139 5.01
    endloop
  endfacet
  facet normal 0 0 -1
    outer loop
      vertex 12.8267 37.4177 5.01
      vertex 12.8267 38.5823 5.01
      vertex 12.9213 38.861 5.01
    endloop
  endfacet
  facet normal 0 0 -1
    outer loop
      vertex 12.7692 37.7063 5.01
      vertex 12.8267 38.5823 5.01
      vertex 12.8267 37.4177 5.01
    endloop
  endfacet
  facet normal 0 0 -1
    outer loop
      vertex 12.7692 37.7063 5.01
      vertex 12.7692 38.2937 5.01
      vertex 12.8267 38.5823 5.01
    endloop
  endfacet
  facet normal 0 -0 -1
    outer loop
      vertex 12.7692 38.2937 5.01
      vertex 12.7692 37.7063 5.01
      vertex 12.75 38 5.01
    endloop
  endfacet
  facet normal -0.831318 -0.555797 0
    outer loop
      vertex 16.9486 39.125 0
      vertex 16.785 39.3697 5.01
      vertex 16.785 39.3697 0
    endloop
  endfacet
  facet normal -0.831318 -0.555797 0
    outer loop
      vertex 16.785 39.3697 5.01
      vertex 16.9486 39.125 0
      vertex 16.9486 39.125 5.01
    endloop
  endfacet
  facet normal -0.321421 -0.946936 0
    outer loop
      vertex 15.5823 40.1733 0
      vertex 15.861 40.0787 5.01
      vertex 15.5823 40.1733 5.01
    endloop
  endfacet
  facet normal -0.321421 -0.946936 -0
    outer loop
      vertex 15.861 40.0787 5.01
      vertex 15.5823 40.1733 0
      vertex 15.861 40.0787 0
    endloop
  endfacet
  facet normal 0.195397 -0.980724 0
    outer loop
      vertex 14.4177 40.1733 0
      vertex 14.7063 40.2308 5.01
      vertex 14.4177 40.1733 5.01
    endloop
  endfacet
  facet normal 0.195397 -0.980724 0
    outer loop
      vertex 14.7063 40.2308 5.01
      vertex 14.4177 40.1733 0
      vertex 14.7063 40.2308 0
    endloop
  endfacet
  facet normal -0.751966 -0.659202 0
    outer loop
      vertex 16.785 39.3697 0
      vertex 16.591 39.591 5.01
      vertex 16.591 39.591 0
    endloop
  endfacet
  facet normal -0.751966 -0.659202 0
    outer loop
      vertex 16.591 39.591 5.01
      vertex 16.785 39.3697 0
      vertex 16.785 39.3697 5.01
    endloop
  endfacet
  facet normal -0.99787 0.0652336 0
    outer loop
      vertex 17.2308 37.7063 0
      vertex 17.25 38 5.01
      vertex 17.25 38 0
    endloop
  endfacet
  facet normal -0.99787 0.0652336 0
    outer loop
      vertex 17.25 38 5.01
      vertex 17.2308 37.7063 0
      vertex 17.2308 37.7063 5.01
    endloop
  endfacet
  facet normal -0.659202 -0.751966 0
    outer loop
      vertex 16.3697 39.785 0
      vertex 16.591 39.591 5.01
      vertex 16.3697 39.785 5.01
    endloop
  endfacet
  facet normal -0.659202 -0.751966 -0
    outer loop
      vertex 16.591 39.591 5.01
      vertex 16.3697 39.785 0
      vertex 16.591 39.591 0
    endloop
  endfacet
  facet normal 0.195397 0.980724 -0
    outer loop
      vertex 14.7063 35.7692 0
      vertex 14.4177 35.8267 5.01
      vertex 14.7063 35.7692 5.01
    endloop
  endfacet
  facet normal 0.195397 0.980724 0
    outer loop
      vertex 14.4177 35.8267 5.01
      vertex 14.7063 35.7692 0
      vertex 14.4177 35.8267 0
    endloop
  endfacet
  facet normal -0.896995 0.442042 0
    outer loop
      vertex 16.9486 36.875 0
      vertex 17.0787 37.139 5.01
      vertex 17.0787 37.139 0
    endloop
  endfacet
  facet normal -0.896995 0.442042 0
    outer loop
      vertex 17.0787 37.139 5.01
      vertex 16.9486 36.875 0
      vertex 16.9486 36.875 5.01
    endloop
  endfacet
  facet normal -0.555797 0.831318 0
    outer loop
      vertex 16.3697 36.215 0
      vertex 16.125 36.0514 5.01
      vertex 16.3697 36.215 5.01
    endloop
  endfacet
  facet normal -0.555797 0.831318 0
    outer loop
      vertex 16.125 36.0514 5.01
      vertex 16.3697 36.215 0
      vertex 16.125 36.0514 0
    endloop
  endfacet
  facet normal 0.555797 0.831318 -0
    outer loop
      vertex 13.875 36.0514 0
      vertex 13.6303 36.215 5.01
      vertex 13.875 36.0514 5.01
    endloop
  endfacet
  facet normal 0.555797 0.831318 0
    outer loop
      vertex 13.6303 36.215 5.01
      vertex 13.875 36.0514 0
      vertex 13.6303 36.215 0
    endloop
  endfacet
  facet normal 0.442042 -0.896995 0
    outer loop
      vertex 13.875 39.9486 0
      vertex 14.139 40.0787 5.01
      vertex 13.875 39.9486 5.01
    endloop
  endfacet
  facet normal 0.442042 -0.896995 0
    outer loop
      vertex 14.139 40.0787 5.01
      vertex 13.875 39.9486 0
      vertex 14.139 40.0787 0
    endloop
  endfacet
  facet normal 0.831318 -0.555797 0
    outer loop
      vertex 13.0514 39.125 5.01
      vertex 13.215 39.3697 0
      vertex 13.215 39.3697 5.01
    endloop
  endfacet
  facet normal 0.831318 -0.555797 0
    outer loop
      vertex 13.215 39.3697 0
      vertex 13.0514 39.125 5.01
      vertex 13.0514 39.125 0
    endloop
  endfacet
  facet normal 0.896995 -0.442042 0
    outer loop
      vertex 12.9213 38.861 5.01
      vertex 13.0514 39.125 0
      vertex 13.0514 39.125 5.01
    endloop
  endfacet
  facet normal 0.896995 -0.442042 0
    outer loop
      vertex 13.0514 39.125 0
      vertex 12.9213 38.861 5.01
      vertex 12.9213 38.861 0
    endloop
  endfacet
  facet normal 0.896995 0.442042 0
    outer loop
      vertex 13.0514 36.875 5.01
      vertex 12.9213 37.139 0
      vertex 12.9213 37.139 5.01
    endloop
  endfacet
  facet normal 0.896995 0.442042 0
    outer loop
      vertex 12.9213 37.139 0
      vertex 13.0514 36.875 5.01
      vertex 13.0514 36.875 0
    endloop
  endfacet
  facet normal -0.751966 0.659202 0
    outer loop
      vertex 16.591 36.409 0
      vertex 16.785 36.6303 5.01
      vertex 16.785 36.6303 0
    endloop
  endfacet
  facet normal -0.751966 0.659202 0
    outer loop
      vertex 16.785 36.6303 5.01
      vertex 16.591 36.409 0
      vertex 16.591 36.409 5.01
    endloop
  endfacet
  facet normal -0.0652336 0.99787 0
    outer loop
      vertex 15.2937 35.7692 0
      vertex 15 35.75 5.01
      vertex 15.2937 35.7692 5.01
    endloop
  endfacet
  facet normal -0.0652336 0.99787 0
    outer loop
      vertex 15 35.75 5.01
      vertex 15.2937 35.7692 0
      vertex 15 35.75 0
    endloop
  endfacet
  facet normal -0.831318 0.555797 0
    outer loop
      vertex 16.785 36.6303 0
      vertex 16.9486 36.875 5.01
      vertex 16.9486 36.875 0
    endloop
  endfacet
  facet normal -0.831318 0.555797 0
    outer loop
      vertex 16.9486 36.875 5.01
      vertex 16.785 36.6303 0
      vertex 16.785 36.6303 5.01
    endloop
  endfacet
  facet normal -0.0652336 -0.99787 0
    outer loop
      vertex 15 40.25 0
      vertex 15.2937 40.2308 5.01
      vertex 15 40.25 5.01
    endloop
  endfacet
  facet normal -0.0652336 -0.99787 -0
    outer loop
      vertex 15.2937 40.2308 5.01
      vertex 15 40.25 0
      vertex 15.2937 40.2308 0
    endloop
  endfacet
  facet normal 0.99787 0.0652336 0
    outer loop
      vertex 12.7692 37.7063 5.01
      vertex 12.75 38 0
      vertex 12.75 38 5.01
    endloop
  endfacet
  facet normal 0.99787 0.0652336 0
    outer loop
      vertex 12.75 38 0
      vertex 12.7692 37.7063 5.01
      vertex 12.7692 37.7063 0
    endloop
  endfacet
  facet normal 0.99787 -0.0652336 0
    outer loop
      vertex 12.75 38 5.01
      vertex 12.7692 38.2937 0
      vertex 12.7692 38.2937 5.01
    endloop
  endfacet
  facet normal 0.99787 -0.0652336 0
    outer loop
      vertex 12.7692 38.2937 0
      vertex 12.75 38 5.01
      vertex 12.75 38 0
    endloop
  endfacet
  facet normal -0.195397 -0.980724 0
    outer loop
      vertex 15.2937 40.2308 0
      vertex 15.5823 40.1733 5.01
      vertex 15.2937 40.2308 5.01
    endloop
  endfacet
  facet normal -0.195397 -0.980724 -0
    outer loop
      vertex 15.5823 40.1733 5.01
      vertex 15.2937 40.2308 0
      vertex 15.5823 40.1733 0
    endloop
  endfacet
  facet normal 0.659202 -0.751966 0
    outer loop
      vertex 13.409 39.591 0
      vertex 13.6303 39.785 5.01
      vertex 13.409 39.591 5.01
    endloop
  endfacet
  facet normal 0.659202 -0.751966 0
    outer loop
      vertex 13.6303 39.785 5.01
      vertex 13.409 39.591 0
      vertex 13.6303 39.785 0
    endloop
  endfacet
endsolid OpenSCAD_Model
